2026-10-08T19:40:29.2862860Z Current runner version: '2.337.0'
2026-10-08T19:40:29.2896098Z ##[group]Runner Image Provisioner
2026-10-08T19:40:29.2897559Z Hosted Compute Agent
2026-10-08T19:40:29.2898474Z Version: 20261002.596
2026-10-08T19:40:29.2899439Z Commit: c3d12f3313a95f25162a1503be624f3b0617f8c0
2026-10-08T19:40:29.2900558Z Build Date: 2026-10-02T22:28:27Z
2026-10-08T19:40:29.2901685Z Worker ID: {39b83862-6d77-4ebe-9d9c-6b838978910c}
2026-10-08T19:40:29.2902738Z Region: centralus
2026-10-08T19:40:29.2903604Z Cloud: Azure
2026-10-08T19:40:29.2904396Z ##[endgroup]
2026-10-08T19:40:29.2906299Z ##[group]Operating System
2026-10-08T19:40:29.2907374Z Ubuntu
2026-10-08T19:40:29.2908225Z 24.04.5
2026-10-08T19:40:29.2908888Z LTS
2026-10-08T19:40:29.2909627Z ##[endgroup]
2026-10-08T19:40:29.2910368Z ##[group]Runner Image
2026-10-08T19:40:29.2911173Z Image: ubuntu-24.04
2026-10-08T19:40:29.2911931Z Version: 20261004.327.1
2026-10-08T19:40:29.2913786Z Included Software: https://github.com/actions/runner-images/blob/ubuntu24/20261004.327/images/ubuntu/Ubuntu2404-Readme.md
2026-10-08T19:40:29.2916105Z Image Release: https://github.com/actions/runner-images/releases/tag/ubuntu24%2F20261004.327
2026-10-08T19:40:29.2918027Z ##[endgroup]
2026-10-08T19:40:29.2919708Z ##[group]GITHUB_TOKEN Permissions
2026-10-08T19:40:29.2923025Z Actions: read
2026-10-08T19:40:29.2923882Z Contents: read
2026-10-08T19:40:29.2924712Z Metadata: read
2026-10-08T19:40:29.2925564Z ##[endgroup]
2026-10-08T19:40:29.2928536Z Secret source: Actions
2026-10-08T19:40:29.2929960Z Cache mode: write
2026-10-08T19:40:29.2930945Z Prepare workflow directory
2026-10-08T19:40:29.3319225Z Prepare all required actions
2026-10-08T19:40:29.3370921Z Getting action download info
2026-10-08T19:40:29.6315243Z Download action repository 'actions/checkout@v4' (SHA:11d5960a326750d5838078e36cf38b85af677262)
2026-10-08T19:40:29.7603839Z Download action repository 'actions/setup-node@v4' (SHA:49933ea5288caeca8642d1e84afbd3f7d6820020)
2026-10-08T19:40:29.9474174Z Download action repository 'actions/setup-java@v4' (SHA:cf277c60eb25467037889841efdb72551f06f6c3)
2026-10-08T19:40:30.7533732Z Download action repository 'actions/cache@v4' (SHA:0057852bfaa89a56745cba8c7296529d2fc39830)
2026-10-08T19:40:30.9734193Z Download action repository 'gradle/actions@v4' (SHA:ed408507eac070d1f99cc633dbcf757c94c7933a)
2026-10-08T19:40:32.4935932Z Download action repository 'actions/upload-artifact@v4' (SHA:ea165f8d65b6e75b540449e92b4886f43607fa02)
2026-10-08T19:40:32.9604314Z Complete job name: build
2026-10-08T19:40:33.0381472Z ##[group]Run actions/checkout@v4
2026-10-08T19:40:33.0382091Z with:
2026-10-08T19:40:33.0382416Z   repository: xgl34222220-ops/hetu
2026-10-08T19:40:33.0385072Z   token: ***
2026-10-08T19:40:33.0385389Z   ssh-strict: true
2026-10-08T19:40:33.0385690Z   ssh-user: git
2026-10-08T19:40:33.0386020Z   persist-credentials: true
2026-10-08T19:40:33.0386351Z   clean: true
2026-10-08T19:40:33.0386676Z   sparse-checkout-cone-mode: true
2026-10-08T19:40:33.0387340Z   fetch-depth: 1
2026-10-08T19:40:33.0387667Z   fetch-tags: false
2026-10-08T19:40:33.0388024Z   show-progress: true
2026-10-08T19:40:33.0388326Z   lfs: false
2026-10-08T19:40:33.0388622Z   submodules: false
2026-10-08T19:40:33.0388956Z   set-safe-directory: true
2026-10-08T19:40:33.0389302Z   allow-unsafe-pr-checkout: false
2026-10-08T19:40:33.0389797Z env:
2026-10-08T19:40:33.0390172Z   HETU_TEST_KEYSTORE: /home/runner/.android/hetu-ui10-debug.jks
2026-10-08T19:40:33.0390626Z ##[endgroup]
2026-10-08T19:40:33.1393486Z Syncing repository: xgl34222220-ops/hetu
2026-10-08T19:40:33.1395419Z ##[group]Getting Git version info
2026-10-08T19:40:33.1395964Z Working directory is '/home/runner/work/hetu/hetu'
2026-10-08T19:40:33.1396808Z [command]/usr/bin/git version
2026-10-08T19:40:33.1475253Z git version 2.55.0
2026-10-08T19:40:33.1496302Z ##[endgroup]
2026-10-08T19:40:33.1512844Z Temporarily overriding HOME='/home/runner/work/_temp/226ed04c-5f09-4aad-959a-3519edb99313' before making global git config changes
2026-10-08T19:40:33.1514164Z Adding repository directory to the temporary git global config as a safe directory
2026-10-08T19:40:33.1519148Z [command]/usr/bin/git config --global --add safe.directory /home/runner/work/hetu/hetu
2026-10-08T19:40:33.1579823Z Deleting the contents of '/home/runner/work/hetu/hetu'
2026-10-08T19:40:33.1584797Z ##[group]Initializing the repository
2026-10-08T19:40:33.1589457Z [command]/usr/bin/git init /home/runner/work/hetu/hetu
2026-10-08T19:40:33.1703552Z hint: Using 'master' as the name for the initial branch. This default branch name
2026-10-08T19:40:33.1704660Z hint: will change to "main" in Git 3.0. To configure the initial branch name
2026-10-08T19:40:33.1705925Z hint: to use in all of your new repositories, which will suppress this warning,
2026-10-08T19:40:33.1706625Z hint: call:
2026-10-08T19:40:33.1707050Z hint:
2026-10-08T19:40:33.1707914Z hint: 	git config --global init.defaultBranch <name>
2026-10-08T19:40:33.1708558Z hint:
2026-10-08T19:40:33.1709150Z hint: Names commonly chosen instead of 'master' are 'main', 'trunk' and
2026-10-08T19:40:33.1709993Z hint: 'development'. The just-created branch can be renamed via this command:
2026-10-08T19:40:33.1710826Z hint:
2026-10-08T19:40:33.1711612Z hint: 	git branch -m <name>
2026-10-08T19:40:33.1712106Z hint:
2026-10-08T19:40:33.1712773Z hint: Disable this message with "git config set advice.defaultBranchName false"
2026-10-08T19:40:33.1713715Z Initialized empty Git repository in /home/runner/work/hetu/hetu/.git/
2026-10-08T19:40:33.1723159Z [command]/usr/bin/git remote add origin https://github.com/xgl34222220-ops/hetu
2026-10-08T19:40:33.1775556Z ##[endgroup]
2026-10-08T19:40:33.1776548Z ##[group]Disabling automatic garbage collection
2026-10-08T19:40:33.1779237Z [command]/usr/bin/git config --local gc.auto 0
2026-10-08T19:40:33.1812315Z ##[endgroup]
2026-10-08T19:40:33.1813007Z ##[group]Setting up auth
2026-10-08T19:40:33.1819967Z [command]/usr/bin/git config --local --name-only --get-regexp core\.sshCommand
2026-10-08T19:40:33.1850861Z [command]/usr/bin/git submodule foreach --recursive sh -c "git config --local --name-only --get-regexp 'core\.sshCommand' && git config --local --unset-all 'core.sshCommand' || :"
2026-10-08T19:40:33.2214500Z [command]/usr/bin/git config --local --name-only --get-regexp http\.https\:\/\/github\.com\/\.extraheader
2026-10-08T19:40:33.2247485Z [command]/usr/bin/git submodule foreach --recursive sh -c "git config --local --name-only --get-regexp 'http\.https\:\/\/github\.com\/\.extraheader' && git config --local --unset-all 'http.https://github.com/.extraheader' || :"
2026-10-08T19:40:33.2448951Z [command]/usr/bin/git config --local --name-only --get-regexp ^includeIf\.gitdir:
2026-10-08T19:40:33.2477959Z [command]/usr/bin/git submodule foreach --recursive git config --local --show-origin --name-only --get-regexp remote.origin.url
2026-10-08T19:40:33.2675500Z [command]/usr/bin/git config --local http.https://github.com/.extraheader AUTHORIZATION: basic ***
2026-10-08T19:40:33.2716406Z ##[endgroup]
2026-10-08T19:40:33.2717475Z ##[group]Fetching the repository
2026-10-08T19:40:33.2726240Z [command]/usr/bin/git -c protocol.version=2 fetch --no-tags --prune --no-recurse-submodules --depth=1 origin +868785ae5cacddcbf4fa2d3cd463ffe131868f29:refs/remotes/origin/test/v20.76-new-ui
2026-10-08T19:40:34.9496673Z From https://github.com/xgl34222220-ops/hetu
2026-10-08T19:40:34.9497792Z  * [new ref]         868785ae5cacddcbf4fa2d3cd463ffe131868f29 -> origin/test/v20.76-new-ui
2026-10-08T19:40:34.9500238Z ##[endgroup]
2026-10-08T19:40:34.9500953Z ##[group]Determining the checkout info
2026-10-08T19:40:34.9512758Z ##[endgroup]
2026-10-08T19:40:34.9513348Z [command]/usr/bin/git sparse-checkout disable
2026-10-08T19:40:34.9567522Z [command]/usr/bin/git config --local --unset-all extensions.worktreeConfig
2026-10-08T19:40:34.9598845Z ##[group]Checking out the ref
2026-10-08T19:40:34.9623089Z [command]/usr/bin/git checkout --progress --force -B test/v20.76-new-ui refs/remotes/origin/test/v20.76-new-ui
2026-10-08T19:40:35.1322018Z Switched to a new branch 'test/v20.76-new-ui'
2026-10-08T19:40:35.1329302Z branch 'test/v20.76-new-ui' set up to track 'origin/test/v20.76-new-ui'.
2026-10-08T19:40:35.1334553Z ##[endgroup]
2026-10-08T19:40:35.1382003Z [command]/usr/bin/git log -1 --format=%H
2026-10-08T19:40:35.1406122Z 868785ae5cacddcbf4fa2d3cd463ffe131868f29
2026-10-08T19:40:35.1653366Z ##[group]Run actions/setup-node@v4
2026-10-08T19:40:35.1653690Z with:
2026-10-08T19:40:35.1653914Z   node-version: 24
2026-10-08T19:40:35.1654140Z   always-auth: false
2026-10-08T19:40:35.1654372Z   check-latest: false
2026-10-08T19:40:35.1656841Z   token: ***
2026-10-08T19:40:35.1657253Z env:
2026-10-08T19:40:35.1657556Z   HETU_TEST_KEYSTORE: /home/runner/.android/hetu-ui10-debug.jks
2026-10-08T19:40:35.1657930Z ##[endgroup]
2026-10-08T19:40:35.3410951Z Found in cache @ /opt/hostedtoolcache/node/24.21.0/x64
2026-10-08T19:40:35.3414561Z (node:2304) [DEP0040] DeprecationWarning: The `punycode` module is deprecated. Please use a userland alternative instead.
2026-10-08T19:40:35.3415194Z (Use `node --trace-deprecation ...` to show where the warning was created)
2026-10-08T19:40:35.3418206Z ##[group]Environment details
2026-10-08T19:40:38.7313275Z node: v24.21.0
2026-10-08T19:40:38.7313780Z npm: 11.19.0
2026-10-08T19:40:38.7314913Z yarn: 1.22.22
2026-10-08T19:40:38.7316746Z ##[endgroup]
2026-10-08T19:40:38.7436239Z ##[group]Run set -euo pipefail
2026-10-08T19:40:38.7437537Z [36;1mset -euo pipefail[0m
2026-10-08T19:40:38.7437914Z [36;1mmkdir -p out/verification[0m
2026-10-08T19:40:38.7438456Z [36;1mpython3 .github/scripts/test_install_hetu_ci_sdk.py -v 2>&1 | tee out/verification/sdk-installer-host-tests.txt[0m
2026-10-08T19:40:38.7688997Z shell: /usr/bin/bash -e {0}
2026-10-08T19:40:38.7689309Z env:
2026-10-08T19:40:38.7689617Z   HETU_TEST_KEYSTORE: /home/runner/.android/hetu-ui10-debug.jks
2026-10-08T19:40:38.7689963Z ##[endgroup]
2026-10-08T19:40:38.9474012Z test_actual_command_line_propagates_nonzero_exit_without_reaching_another_attempt (__main__.SdkInstallerTests.test_actual_command_line_propagates_nonzero_exit_without_reaching_another_attempt) ... ok
2026-10-08T19:40:39.0049988Z test_actual_zip_failure_then_success_preserves_both_attempts_and_arguments (__main__.SdkInstallerTests.test_actual_zip_failure_then_success_preserves_both_attempts_and_arguments) ... ok
2026-10-08T19:40:39.0907873Z test_exhausted_zip_failure_stops_at_three_and_keeps_the_final_nonzero (__main__.SdkInstallerTests.test_exhausted_zip_failure_stops_at_three_and_keeps_the_final_nonzero) ... ok
2026-10-08T19:40:39.0910775Z test_existing_evidence_is_not_deleted_or_overwritten (__main__.SdkInstallerTests.test_existing_evidence_is_not_deleted_or_overwritten) ... ok
2026-10-08T19:40:39.1774531Z test_known_download_reset_and_server_error_retry_without_argument_changes (__main__.SdkInstallerTests.test_known_download_reset_and_server_error_retry_without_argument_changes) ... ok
2026-10-08T19:40:39.3157419Z test_license_disk_package_and_java_errors_override_archive_retry (__main__.SdkInstallerTests.test_license_disk_package_and_java_errors_override_archive_retry) ... ok
2026-10-08T19:40:39.3431823Z test_nontransient_failure_does_not_reach_a_later_success (__main__.SdkInstallerTests.test_nontransient_failure_does_not_reach_a_later_success) ... ok
2026-10-08T19:40:39.3433267Z test_only_the_exact_original_packages_are_allowed (__main__.SdkInstallerTests.test_only_the_exact_original_packages_are_allowed) ... ok
2026-10-08T19:40:39.4265927Z test_process_timeout_is_preserved_and_is_not_inferred_to_be_a_transient_download (__main__.SdkInstallerTests.test_process_timeout_is_preserved_and_is_not_inferred_to_be_a_transient_download) ... ok
2026-10-08T19:40:39.4566310Z test_success_executes_once_and_keeps_combined_stdout_stderr_raw_bytes (__main__.SdkInstallerTests.test_success_executes_once_and_keeps_combined_stdout_stderr_raw_bytes) ... ok
2026-10-08T19:40:39.5421725Z test_unknown_error_or_archive_text_without_sdk_download_context_is_not_retried (__main__.SdkInstallerTests.test_unknown_error_or_archive_text_without_sdk_download_context_is_not_retried) ... ok
2026-10-08T19:40:39.5423782Z 
2026-10-08T19:40:39.5424362Z ----------------------------------------------------------------------
2026-10-08T19:40:39.5425136Z Ran 11 tests in 0.664s
2026-10-08T19:40:39.5425355Z 
2026-10-08T19:40:39.5425492Z OK
2026-10-08T19:40:39.5560031Z ##[group]Run set -euo pipefail
2026-10-08T19:40:39.5560393Z [36;1mset -euo pipefail[0m
2026-10-08T19:40:39.5560790Z [36;1mgit fetch --no-tags --depth=1 origin 1dbe40cc4e312c230524092dfe32a2c6cfb5f25d[0m
2026-10-08T19:40:39.5561296Z [36;1mgit fetch --no-tags --depth=1 origin 2730954591393c1b81f747cef72adb8940c5a82c[0m
2026-10-08T19:40:39.5561785Z [36;1mgit fetch --no-tags --depth=1 origin ec211b9ad81748dee30fec43f0a25849559e4623[0m
2026-10-08T19:40:39.5562272Z [36;1mgit fetch --no-tags --depth=1 origin 610a523ea524dff521b5d01e7aa78c421399594a[0m
2026-10-08T19:40:39.5562759Z [36;1mgit fetch --no-tags --depth=1 origin 9769663edcda3a1c33f2eb2594a6b4fd9b4e2a6f[0m
2026-10-08T19:40:39.5563253Z [36;1mgit fetch --no-tags --depth=1 origin 9fe4931b6e37a1a7f7f78fd27835069e2b354aa7[0m
2026-10-08T19:40:39.5563748Z [36;1mgit fetch --no-tags --depth=1 origin d7295d1aec1ffb17a0076d4dc9a8a4122d467447[0m
2026-10-08T19:40:39.5564278Z [36;1mgit fetch --no-tags --depth=1 origin cffeff08ee38c7220922bdb36de81b621c935daf[0m
2026-10-08T19:40:39.5564764Z [36;1mgit fetch --no-tags --depth=1 origin 5af355d19fc41c3ae09902ca45fa1d70562ac402[0m
2026-10-08T19:40:39.5565217Z [36;1mpython3 .github/scripts/continuity93_ci_config.py export[0m
2026-10-08T19:40:39.5609464Z shell: /usr/bin/bash -e {0}
2026-10-08T19:40:39.5609760Z env:
2026-10-08T19:40:39.5610055Z   HETU_TEST_KEYSTORE: /home/runner/.android/hetu-ui10-debug.jks
2026-10-08T19:40:39.5610398Z ##[endgroup]
2026-10-08T19:40:40.2114778Z From https://github.com/xgl34222220-ops/hetu
2026-10-08T19:40:40.2115566Z  * branch            1dbe40cc4e312c230524092dfe32a2c6cfb5f25d -> FETCH_HEAD
2026-10-08T19:40:40.8894224Z From https://github.com/xgl34222220-ops/hetu
2026-10-08T19:40:40.8895001Z  * branch            2730954591393c1b81f747cef72adb8940c5a82c -> FETCH_HEAD
2026-10-08T19:40:41.5378855Z From https://github.com/xgl34222220-ops/hetu
2026-10-08T19:40:41.5379388Z  * branch            ec211b9ad81748dee30fec43f0a25849559e4623 -> FETCH_HEAD
2026-10-08T19:40:42.0649754Z From https://github.com/xgl34222220-ops/hetu
2026-10-08T19:40:42.0650541Z  * branch            610a523ea524dff521b5d01e7aa78c421399594a -> FETCH_HEAD
2026-10-08T19:40:42.6428354Z From https://github.com/xgl34222220-ops/hetu
2026-10-08T19:40:42.6428971Z  * branch            9769663edcda3a1c33f2eb2594a6b4fd9b4e2a6f -> FETCH_HEAD
2026-10-08T19:40:43.0921089Z From https://github.com/xgl34222220-ops/hetu
2026-10-08T19:40:43.0921799Z  * branch            9fe4931b6e37a1a7f7f78fd27835069e2b354aa7 -> FETCH_HEAD
2026-10-08T19:40:43.5305375Z From https://github.com/xgl34222220-ops/hetu
2026-10-08T19:40:43.5306195Z  * branch            d7295d1aec1ffb17a0076d4dc9a8a4122d467447 -> FETCH_HEAD
2026-10-08T19:40:43.9445822Z From https://github.com/xgl34222220-ops/hetu
2026-10-08T19:40:43.9446408Z  * branch            cffeff08ee38c7220922bdb36de81b621c935daf -> FETCH_HEAD
2026-10-08T19:40:44.3401243Z From https://github.com/xgl34222220-ops/hetu
2026-10-08T19:40:44.3401831Z  * branch            5af355d19fc41c3ae09902ca45fa1d70562ac402 -> FETCH_HEAD
2026-10-08T19:40:55.5460541Z {"HETU_EXPECTED_TESTS": 707, "HETU_EXPECTED_TEST_XML_FILES": 77, "HETU_EXPECTED_VERSION": 2093, "HETU_EXPECTED_VERSION_NAME": "0.12.20-v20-glass"}
2026-10-08T19:40:55.5585852Z ##[group]Run set -euo pipefail
2026-10-08T19:40:55.5586212Z [36;1mset -euo pipefail[0m
2026-10-08T19:40:55.5586510Z [36;1mmkdir -p "$RUNNER_TEMP/hetu-v2081-source"[0m
2026-10-08T19:40:55.5587358Z [36;1mgh run download 37171744564 --repo "$GITHUB_REPOSITORY" --name Hetu-V20.81-effective-source --dir "$RUNNER_TEMP/hetu-v2081-source"[0m
2026-10-08T19:40:55.5588050Z [36;1mARCHIVE="$RUNNER_TEMP/hetu-v2081-source/Hetu-V20.81-effective-source.tar.gz"[0m
2026-10-08T19:40:55.5588612Z [36;1m# Only ignored native binaries are restored; all effective source is checked in.[0m
2026-10-08T19:40:55.5589173Z [36;1mpython3 - "$ARCHIVE" <<'PYINNER'[0m
2026-10-08T19:40:55.5589473Z [36;1mimport hashlib,sys,tarfile[0m
2026-10-08T19:40:55.5589753Z [36;1mfrom pathlib import Path[0m
2026-10-08T19:40:55.5590022Z [36;1mp=Path(sys.argv[1])[0m
2026-10-08T19:40:55.5590573Z [36;1massert hashlib.sha256(p.read_bytes()).hexdigest()=='6190b4fd4fcd011cae77e81cdd33b5270e557194c56bf88d0a824d74d811b730'[0m
2026-10-08T19:40:55.5591107Z [36;1mwith tarfile.open(p) as z:[0m
2026-10-08T19:40:55.5591374Z [36;1m for m in z.getmembers():[0m
2026-10-08T19:40:55.5592148Z [36;1m  if m.isfile() and (m.name.startswith('android-app/app/src/main/jniLibs/') or m.name.startswith('android-app/app/src/main/assets/mihomo-root/') or m.name=='android-app/app/src/main/assets/mihomo-revision.txt'):[0m
2026-10-08T19:40:55.5593120Z [36;1m   q=Path(m.name);q.parent.mkdir(parents=True,exist_ok=True);q.write_bytes(z.extractfile(m).read())[0m
2026-10-08T19:40:55.5593567Z [36;1mPYINNER[0m
2026-10-08T19:40:55.5593865Z [36;1mpython3 .github/scripts/prepare_new_ui_source.py "$ARCHIVE"[0m
2026-10-08T19:40:55.5594316Z [36;1mpython3 .github/scripts/continuity93_ci_config.py runtime-snapshot[0m
2026-10-08T19:40:55.5594746Z [36;1msh -n android-app/app/src/main/assets/hetu-root.sh[0m
2026-10-08T19:40:55.5595132Z [36;1msh -n android-app/app/src/main/assets/hetu-autostart.sh[0m
2026-10-08T19:40:55.5595612Z [36;1mpython3 tools/qa/test_root_health.py 2>&1 | tee out/verification/root-health-tests.txt[0m
2026-10-08T19:40:55.5596189Z [36;1mpython3 tools/qa/test_google_firewall.py 2>&1 | tee out/verification/google-firewall-tests.txt[0m
2026-10-08T19:40:55.5596769Z [36;1mpython3 tools/qa/test_root_autostart.py 2>&1 | tee out/verification/root-autostart-tests.txt[0m
2026-10-08T19:40:55.5597820Z [36;1mpython3 tools/qa/test_network_recovery_stress.py --before out/verification/v2078-network-service.java --output out/verification/network-recovery-stress.json[0m
2026-10-08T19:40:55.5598804Z [36;1mpython3 tools/qa/test_network_journal_stress.py --before out/verification/v2079-network-journal.java --output out/verification/network-journal-stress.json[0m
2026-10-08T19:40:55.5599765Z [36;1mpython3 tools/qa/test_network_journal_symbols.py --before out/verification/v2080-network-journal.java --output out/verification/network-journal-symbols.json[0m
2026-10-08T19:40:55.5600706Z [36;1mgit show 9769663edcda3a1c33f2eb2594a6b4fd9b4e2a6f:android-app/app/src/main/assets/hetu-root.sh > out/verification/runtime152-before.sh[0m
2026-10-08T19:40:55.5601636Z [36;1mHETU_R152_SOURCE="$PWD/out/verification/runtime152-before.sh" python3 tools/qa/test_core_identity_dns.py 2>&1 | tee out/verification/core-identity-dns-tests.txt[0m
2026-10-08T19:40:55.5646628Z shell: /usr/bin/bash -e {0}
2026-10-08T19:40:55.5646913Z env:
2026-10-08T19:40:55.5647371Z   HETU_TEST_KEYSTORE: /home/runner/.android/hetu-ui10-debug.jks
2026-10-08T19:40:55.5647748Z   HETU_EXPECTED_TESTS: 707
2026-10-08T19:40:55.5648002Z   HETU_EXPECTED_TEST_XML_FILES: 77
2026-10-08T19:40:55.5648291Z   HETU_EXPECTED_VERSION: 2093
2026-10-08T19:40:55.5648575Z   HETU_EXPECTED_VERSION_NAME: 0.12.20-v20-glass
2026-10-08T19:40:55.5651321Z   GH_TOKEN: ***
2026-10-08T19:40:55.5651543Z ##[endgroup]
2026-10-08T19:41:20.9976299Z {"baseCommit": "37e963d488a38900263e33cb8b2047f487bd6dcf", "baseRun": 37171744564, "archiveSha256": "6190b4fd4fcd011cae77e81cdd33b5270e557194c56bf88d0a824d74d811b730", "integrationPatchSha256": "3f08f86d8413c9a905de1eae0c5347e8f7c5dd4032ee4a8e6181d439abda7002", "baselineFiles": 307, "changedOrAddedFiles": 31, "checkoutMatchesGeneratedSource": true, "historicPatchesAppliedToCheckout": false, "presentationLayer": {"baseCommit": "aa599a53856fb26b4d256ba345a496b2a178b3b8", "baseRun": 37211142058, "patchSha256": "a466e4fce0e2e4ec9564760a1089b250f24d90032b123faea90fcee4c241e514", "changedOrAddedFiles": 68, "protectedRuntimeUnchanged": true}, "controllerAuthenticationLayer": {"baseCommit": "a93a756d8578cf3afa60ee090405535ad097e49e", "baseRun": 37240041766, "baseAndroidAppTree": "2c698fb681f647e4c3a1d0050bf806a9f4cc5de2", "patchSha256": "327983504205ff1ec26a3c6804a83ae08802a7d4f723de280a92af708e3ea4ee", "changedOrAddedFiles": 17, "runtimePayloadsUnchanged": true, "dependenciesUnchanged": true, "manifestAndPermissionsUnchanged": true, "unchangedOutsideAuthScope": true, "baselineUnitTests": 392, "expectedUnitTests": 422, "newTestCounts": {"ToastFeedbackTest": 6, "ControllerAuthenticationTest": 11, "LegacyControllerCredentialTest": 3, "ControllerReadStateTest": 6, "PanelControllerErrorTest": 4}}, "pdfReferenceLayer": {"patchSha256": "09e5f3c1fec4ddcd86e546f6270bf687cbf14aa518764e640c7ff5f77e966d66", "frozenInputs": 332, "homeAndPanelUnchanged": true, "runtimePayloadsUnchanged": true, "manifestDependenciesAndSigningUnchanged": true, "expectedUnitTests": 479}, "toolsIntakeLayer": {"baseCommit": "2730954591393c1b81f747cef72adb8940c5a82c", "baseAndroidAppTree": "930994157562814a8e22aeeb1873d8eeb0a51f64", "patchSha256": "108ae764ec0a8cf9a5cafc827d093bedd0f039f6944f7cd9848304e0a2fb7b3b", "changedOrAddedFiles": 5, "frozenInputs": 374, "homeAndPanelUnchanged": true, "runtimePayloadsUnchanged": true, "manifestDependenciesAndSigningUnchanged": true, "baselineUnitTests": 479, "expectedUnitTests": 487, "newTestCounts": {"tools.ToolsDnsConsentIntakeTest": 5, "tools.ToolsDiagIntakeTest": 3}}, "finalPdfGeometryLayer": {"baseCommit": "ec211b9ad81748dee30fec43f0a25849559e4623", "patchSha256": "564581886f89da03b19602a67047016051e9b39abf04047f4b51e00d6b5d9066", "changedOrAddedFiles": 4, "frozenInputs": 375, "expectedUnitTests": 487, "exactWholeFilePresentationTransforms": true, "priorLayersUnchanged": true}, "functionFixLayer": {"baseCommit": "1dbe40cc4e312c230524092dfe32a2c6cfb5f25d", "patchSha256": "ad70b0c670e70b65a4dfa4b571c9c9dda4144dee1c899ca082c03c93e235d65a", "changedOrAddedFiles": 16, "frozenInputs": 370, "baselineUnitTests": 487, "expectedUnitTests": 545, "expectedTestXmlFiles": 56, "newTestCounts": {"io.github.xgl34222220.hetu.PanelExpansionAnchorTest": 4, "io.github.xgl34222220.hetu.ProxyDashboardProbeSafetyTest": 13, "io.github.xgl34222220.hetu.ProxySubscriptionIntegrityTest": 12, "io.github.xgl34222220.hetu.RootFakeIpRangesTest": 13, "io.github.xgl34222220.hetu.PanelRequestOwnershipTest": 16}, "allOriginal487TestsPreserved": true, "rootScriptSha256": "bdee8678922f3c4cdb12ebab532175e67816dce429b64fa632c6641c4fb2d45e", "runtimePayloadCount": 23}, "homePanelLayer": {"baseCommit": "13e76ea500849ef551281bcfad09835996758b4f", "patchSha256": "94b7cd170204072f7b1ca76cde5280575fd82fd0bf6e33446c5362160445bcf2", "changedOrAddedFiles": 28, "versionCode": 2086, "versionName": "0.12.16-v20-fix", "protectedRuntimeUnchanged": true, "reproducedSourceMatchesCheckout": true}, "toolsSettingsUiLayer": {"baseCommit": "a5d5cc06fd8f294e17495e132ecf1f5de31135f8", "patchSha256": "74c5a00161b20dac4686d5053a92da60899bd37ddfdf25c140ed4aff4961335e", "changedOrAddedFiles": 51, "versionCode": 2086, "versionName": "0.12.16-v20-fix", "protectedRuntimeUnchanged": true, "reproducedSourceMatchesCheckout": true}, "runtime153Layer": {"baseCommit": "e2e50b14eaa09b8f36a657699775b5f2fd7b2c9e", "patchSha256": "8b9c3c52b8192fe8c6cd1e5e392e5a7b237dd958e4c5d1322d727087efcc70df", "changedOrAddedFiles": 8, "runtimeRevision": 153, "versionCode": 2086, "versionName": "0.12.16-v20-fix", "protectedPresentationUnchanged": true, "reproducedSourceMatchesCheckout": true}, "stability90Layer": {"baseCommit": "610a523ea524dff521b5d01e7aa78c421399594a", "patchSha256": "1011e91ab46403395a09160d55d748f4fbfafac25f60d289e0c6245dee0410a3", "changedOrAddedFiles": 48, "frozenInputs": 355, "versionCode": 2090, "versionName": "0.12.17-v20-glass", "expectedUnitTests": 631, "expectedTestXmlFiles": 64, "allOriginal545TestcaseIdentitiesPreserved": true, "reproducedSourceMatchesCheckout": true}, "continuity91Layer": {"baseCommit": "9fe4931b6e37a1a7f7f78fd27835069e2b354aa7", "patchSha256": "31ac89d27f647a5ca668597e8491edd5b34fb489b4b61f6c4887e8fe7e02cbce", "changedOrAddedFiles": 5, "frozenInputs": 400, "versionCode": 2091, "versionName": "0.12.18-v20-glass", "expectedUnitTests": 639, "expectedTestXmlFiles": 66, "allPredecessor631TestcaseIdentitiesPreserved": true, "reproducedSourceMatchesCheckout": true}, "continuity92Layer": {"baseCommit": "d7295d1aec1ffb17a0076d4dc9a8a4122d467447", "patchSha256": "054856ab79f5be356eac7a7be03f2c5990f9fa1b24bc5156d0a27b6a5f79034e", "changedOrAddedFiles": 4, "frozenInputs": 402, "versionCode": 2092, "versionName": "0.12.19-v20-glass", "expectedUnitTests": 644, "expectedTestXmlFiles": 67, "allPredecessor639TestcaseIdentitiesPreserved": true, "reproducedSourceMatchesCheckout": true}, "continuity93Layer": {"baseCommit": "cffeff08ee38c7220922bdb36de81b621c935daf", "patchSha256": "3277fa8ce7b3fff478c3c87e2f993d205d6d5b757a094f11e92ae07669c03ebf", "changedOrAddedFiles": 39, "frozenInputs": 379, "versionCode": 2093, "versionName": "0.12.20-v20-glass", "expectedUnitTests": 707, "expectedTestXmlFiles": 77, "allPredecessor644TestcaseIdentitiesPreserved": true, "recoveryPipelineProvenance": "reimplemented after partial source recovery; historical final pipeline unavailable", "reproducedSourceMatchesCheckout": true}}
2026-10-08T19:41:32.7316601Z Snapshot verified: 21 unchanged runtime payloads + tested shell + 1 added boot script
2026-10-08T19:41:33.3321187Z test_core_birth_change_during_validation_refuses_publication (__main__.RootHealth.test_core_birth_change_during_validation_refuses_publication) ... ok
2026-10-08T19:41:33.8459079Z test_core_identity_failure_is_degraded_despite_reachable_listener_fixture (__main__.RootHealth.test_core_identity_failure_is_degraded_despite_reachable_listener_fixture) ... ok
2026-10-08T19:41:34.0682377Z test_corrupt_legacy_snapshot_is_never_accepted (__main__.RootHealth.test_corrupt_legacy_snapshot_is_never_accepted) ... ok
2026-10-08T19:41:34.7875587Z test_failed_metadata_publish_restores_original_manifest (__main__.RootHealth.test_failed_metadata_publish_restores_original_manifest) ... ok
2026-10-08T19:41:36.6019676Z test_known_upgrade_repairs_only_metadata_preserving_core_and_saved_rules (__main__.RootHealth.test_known_upgrade_repairs_only_metadata_preserving_core_and_saved_rules) ... ok
2026-10-08T19:41:38.1800455Z test_missing_listener_stays_degraded_and_is_not_hidden (__main__.RootHealth.test_missing_listener_stays_degraded_and_is_not_hidden) ... ok
2026-10-08T19:41:38.3872969Z test_missing_manifest_is_not_reconstructed_from_reachable_sockets (__main__.RootHealth.test_missing_manifest_is_not_reconstructed_from_reachable_sockets) ... ok
2026-10-08T19:41:39.9961547Z test_missing_owned_chain_and_duplicate_hook_are_repaired (__main__.RootHealth.test_missing_owned_chain_and_duplicate_hook_are_repaired) ... ok
2026-10-08T19:41:41.5709844Z test_missing_route_and_policy_rule_are_detected_and_repaired (__main__.RootHealth.test_missing_route_and_policy_rule_are_detected_and_repaired) ... ok
2026-10-08T19:41:42.5351752Z test_other_owner_at_priority_does_not_get_overwritten (__main__.RootHealth.test_other_owner_at_priority_does_not_get_overwritten) ... ok
2026-10-08T19:41:42.7757222Z test_other_session_difference_is_not_a_known_tail_migration (__main__.RootHealth.test_other_session_difference_is_not_a_known_tail_migration) ... ok
2026-10-08T19:41:42.9679301Z test_pid_tampering_still_invalidates_manifest (__main__.RootHealth.test_pid_tampering_still_invalidates_manifest) ... ok
2026-10-08T19:41:43.4999901Z test_previous_ordering_reproduces_reported_metadata_fault (__main__.RootHealth.test_previous_ordering_reproduces_reported_metadata_fault) ... ok
2026-10-08T19:41:43.6855180Z test_production_entry_refuses_an_unauthorized_root_identity (__main__.RootHealth.test_production_entry_refuses_an_unauthorized_root_identity) ... ok
2026-10-08T19:41:44.0295457Z test_real_start_google_disabled_has_complete_healthy_baseline (__main__.RootHealth.test_real_start_google_disabled_has_complete_healthy_baseline) ... ok
2026-10-08T19:41:44.3695895Z test_real_start_google_enabled_keeps_baseline_and_runs_cleanup (__main__.RootHealth.test_real_start_google_enabled_keeps_baseline_and_runs_cleanup) ... ok
2026-10-08T19:41:45.0744963Z test_reused_shell_pid_cannot_overwrite_an_older_repair_backup (__main__.RootHealth.test_reused_shell_pid_cannot_overwrite_an_older_repair_backup) ... ok
2026-10-08T19:41:45.2694255Z test_session_tampering_still_invalidates_manifest (__main__.RootHealth.test_session_tampering_still_invalidates_manifest) ... ok
2026-10-08T19:41:45.4632266Z test_snapshot_tampering_still_invalidates_checksum (__main__.RootHealth.test_snapshot_tampering_still_invalidates_checksum) ... ok
2026-10-08T19:41:45.6455852Z test_transaction_in_progress_is_unknown_and_read_only (__main__.RootHealth.test_transaction_in_progress_is_unknown_and_read_only) ... ok
2026-10-08T19:41:46.1228687Z test_unknown_table_read_does_not_mutate_network (__main__.RootHealth.test_unknown_table_read_does_not_mutate_network) ... ok
2026-10-08T19:41:46.6578365Z test_upgrade_with_missing_dns_listener_cannot_become_healthy (__main__.RootHealth.test_upgrade_with_missing_dns_listener_cannot_become_healthy) ... ok
2026-10-08T19:41:47.1883758Z test_upgrade_with_missing_route_is_reported_and_refuses_rebaselining (__main__.RootHealth.test_upgrade_with_missing_route_is_reported_and_refuses_rebaselining) ... ok
2026-10-08T19:41:47.6822074Z test_upgrade_with_unknown_read_refuses_metadata_and_network_changes (__main__.RootHealth.test_upgrade_with_unknown_read_refuses_metadata_and_network_changes) ... ok
2026-10-08T19:41:48.7661200Z test_watchdog_missing_is_degraded_and_does_not_trigger_network_repair (__main__.RootHealth.test_watchdog_missing_is_degraded_and_does_not_trigger_network_repair) ... ok
2026-10-08T19:41:49.6989479Z test_watchdog_pid_for_an_unrelated_live_process_is_not_accepted (__main__.RootHealth.test_watchdog_pid_for_an_unrelated_live_process_is_not_accepted) ... ok
2026-10-08T19:41:49.6991107Z 
2026-10-08T19:41:49.6991736Z ----------------------------------------------------------------------
2026-10-08T19:41:49.6992548Z Ran 26 tests in 16.901s
2026-10-08T19:41:49.6992851Z 
2026-10-08T19:41:49.6993374Z OK
2026-10-08T19:41:50.5642506Z test_both_families_google_reject_and_drop_removed_by_exact_spec (__main__.GoogleFirewall.test_both_families_google_reject_and_drop_removed_by_exact_spec) ... ok
2026-10-08T19:41:50.5739287Z test_changed_core_pid_never_changes_firewall (__main__.GoogleFirewall.test_changed_core_pid_never_changes_firewall) ... ok
2026-10-08T19:41:50.6653858Z test_current_uid_resolution_includes_work_profile_and_exact_package_names (__main__.GoogleFirewall.test_current_uid_resolution_includes_work_profile_and_exact_package_names) ... ok
2026-10-08T19:41:50.6739033Z test_disabled_session_never_enters_maintenance (__main__.GoogleFirewall.test_disabled_session_never_enters_maintenance) ... ok
2026-10-08T19:41:51.0044204Z test_failed_exact_delete_is_reported_without_flush_fallback (__main__.GoogleFirewall.test_failed_exact_delete_is_reported_without_flush_fallback) ... ok
2026-10-08T19:41:51.0144789Z test_failed_transaction_lock_never_changes_firewall (__main__.GoogleFirewall.test_failed_transaction_lock_never_changes_firewall) ... ok
2026-10-08T19:41:51.3471682Z test_globbing_state_and_wildcard_interface_are_preserved (__main__.GoogleFirewall.test_globbing_state_and_wildcard_interface_are_preserved) ... ok
2026-10-08T19:41:51.6936684Z test_healthy_hetu_rules_still_check_oem_google_rules (__main__.GoogleFirewall.test_healthy_hetu_rules_still_check_oem_google_rules) ... ok
2026-10-08T19:41:51.7882854Z test_no_google_packages_no_firewall_operation (__main__.GoogleFirewall.test_no_google_packages_no_firewall_operation) ... ok
2026-10-08T19:41:51.9329219Z test_older_oem_package_tool_fallback (__main__.GoogleFirewall.test_older_oem_package_tool_fallback) ... ok
2026-10-08T19:41:52.5769068Z test_repeated_cleanup_is_idempotent (__main__.GoogleFirewall.test_repeated_cleanup_is_idempotent) ... ok
2026-10-08T19:41:53.2831491Z test_sixty_second_rate_limit_and_oem_rule_reinsertion (__main__.GoogleFirewall.test_sixty_second_rate_limit_and_oem_rule_reinsertion) ... ok
2026-10-08T19:41:53.3076145Z test_start_protocol_accepts_legacy_and_supported_google_flag (__main__.GoogleFirewall.test_start_protocol_accepts_legacy_and_supported_google_flag) ... ok
2026-10-08T19:41:53.3296958Z test_start_protocol_rejects_invalid_flags_and_accepts_extended_controls (__main__.GoogleFirewall.test_start_protocol_rejects_invalid_flags_and_accepts_extended_controls) ... ok
2026-10-08T19:41:53.6720773Z test_uid_is_resolved_again_after_package_reinstall (__main__.GoogleFirewall.test_uid_is_resolved_again_after_package_reinstall) ... ok
2026-10-08T19:41:54.0114253Z test_unavailable_ipv6_is_nonfatal (__main__.GoogleFirewall.test_unavailable_ipv6_is_nonfatal) ... ok
2026-10-08T19:41:54.3578814Z test_unrelated_uid_accept_inverted_range_and_quoted_rules_preserved (__main__.GoogleFirewall.test_unrelated_uid_accept_inverted_range_and_quoted_rules_preserved) ... ok
2026-10-08T19:41:54.3579419Z 
2026-10-08T19:41:54.3579659Z ----------------------------------------------------------------------
2026-10-08T19:41:54.3580054Z Ran 17 tests in 4.602s
2026-10-08T19:41:54.3580209Z 
2026-10-08T19:41:54.3580300Z OK
2026-10-08T19:41:54.4239126Z test_active_duplicate_worker_cannot_remove_its_lock (__main__.BootWorker.test_active_duplicate_worker_cannot_remove_its_lock) ... ok
2026-10-08T19:41:54.4544951Z test_app_launch_denial_does_not_undo_native_start (__main__.BootWorker.test_app_launch_denial_does_not_undo_native_start) ... ok
2026-10-08T19:41:55.2958318Z test_delayed_system_and_network_still_restore_once (__main__.BootWorker.test_delayed_system_and_network_still_restore_once) ... ok
2026-10-08T19:41:55.3165558Z test_disable_during_wait_cancels (__main__.BootWorker.test_disable_during_wait_cancels) ... ok
2026-10-08T19:41:55.3197887Z test_disabled_never_starts (__main__.BootWorker.test_disabled_never_starts) ... ok
2026-10-08T19:41:55.3401458Z test_existing_core_is_adopted_without_restart (__main__.BootWorker.test_existing_core_is_adopted_without_restart) ... ok
2026-10-08T19:41:55.3971319Z test_failed_start_retries_then_succeeds (__main__.BootWorker.test_failed_start_retries_then_succeeds) ... ok
2026-10-08T19:41:55.4152355Z test_missing_plan_reports_failure (__main__.BootWorker.test_missing_plan_reports_failure) ... ok
2026-10-08T19:41:56.4774742Z test_network_wait_has_a_bound (__main__.BootWorker.test_network_wait_has_a_bound) ... ok
2026-10-08T19:41:56.5067870Z test_previous_boot_stop_does_not_block_new_boot (__main__.BootWorker.test_previous_boot_stop_does_not_block_new_boot) ... ok
2026-10-08T19:41:56.5438140Z test_stale_previous_boot_lock_does_not_block_restore (__main__.BootWorker.test_stale_previous_boot_lock_does_not_block_restore) ... ok
2026-10-08T19:41:56.5750548Z test_stop_during_network_wait_cancels_this_boot (__main__.BootWorker.test_stop_during_network_wait_cancels_this_boot) ... ok
2026-10-08T19:41:56.5869244Z test_native_guard_does_not_restart_a_winning_manual_start (__main__.NativeStartGuard.test_native_guard_does_not_restart_a_winning_manual_start) ... ok
2026-10-08T19:41:56.5984155Z test_native_guard_rechecks_disabled_setting (__main__.NativeStartGuard.test_native_guard_rechecks_disabled_setting) ... ok
2026-10-08T19:41:56.6107619Z test_native_guard_rechecks_explicit_stop_after_lock (__main__.NativeStartGuard.test_native_guard_rechecks_explicit_stop_after_lock) ... ok
2026-10-08T19:41:56.6222853Z test_native_guard_rejects_wrong_boot (__main__.NativeStartGuard.test_native_guard_rejects_wrong_boot) ... ok
2026-10-08T19:41:56.6331441Z test_normal_manual_start_is_not_subject_to_boot_guard (__main__.NativeStartGuard.test_normal_manual_start_is_not_subject_to_boot_guard) ... ok
2026-10-08T19:41:56.6332237Z 
2026-10-08T19:41:56.6332581Z ----------------------------------------------------------------------
2026-10-08T19:41:56.6333109Z Ran 17 tests in 2.220s
2026-10-08T19:41:56.6333324Z 
2026-10-08T19:41:56.6333452Z OK
2026-10-08T19:42:01.1024202Z {"after": {"cycles": 512, "maxQueuedRecoveries": 1, "drainedAttempts": 1, "latestExecuted": 1, "cancelledWantedExecuted": 0, "eventDuringAttemptPreserved": true, "cancelledTimersRetained": 0, "sourceSha256": "43018298725f0163e59d61eec00d2dc6d8fdb8af0f4d92417d8d175b7cfd3adf", "fixtureOnly": true, "deviceOrNetworkAccess": false}, "before": {"cycles": 512, "maxQueuedRecoveries": 512, "drainedAttempts": 512, "latestExecuted": 1, "cancelledWantedExecuted": 0, "eventDuringAttemptPreserved": true, "cancelledTimersRetained": 4096, "sourceSha256": "b50773343de46622658e65b48a3e00a96863d74033f561fd6bdab304402ae1cd", "fixtureOnly": true, "deviceOrNetworkAccess": false}}
2026-10-08T19:42:05.4450112Z {"after": {"attempts": 3000, "storageLimitBytes": 8192, "storedBytes": 8016, "dropped": 2952, "fullStatusVisible": true, "sensitiveStoredMetadataCopied": false, "oversizedHealthEventBytes": 217, "viewTruncationVisible": true, "sourceSha256": "7286b492510377060d5cd32f2b575e264a4b86f6d51cee8a308dbf8abda45621", "fixtureOnly": true, "deviceOrNetworkAccess": false}, "before": {"attempts": 3000, "storageLimitBytes": 8192, "storedBytes": 501000, "dropped": 0, "fullStatusVisible": false, "sensitiveStoredMetadataCopied": true, "oversizedHealthEventBytes": 200190, "viewTruncationVisible": false, "sourceSha256": "8c8fcf2f77897e079c3ca2cd395fe2b3a0b3cf4fdce16931f3d7bc87e961cf9c", "fixtureOnly": true, "deviceOrNetworkAccess": false}}
2026-10-08T19:42:07.8563878Z {"after": {"captured": ["example.Worker.toDynamicScheme-Iv8Zu3U:41", "example.Worker.<init>:41", "example.Worker.<clinit>:41"], "copied": ["example.Worker.toDynamicScheme-Iv8Zu3U:41", "example.Worker.<init>:41", "example.Worker.<clinit>:41"], "hostileSymbolsRejected": 5, "privateMessageOrFileCopied": false, "sourceSha256": "7286b492510377060d5cd32f2b575e264a4b86f6d51cee8a308dbf8abda45621", "fixtureOnly": true, "deviceOrNetworkAccess": false}, "before": {"captured": ["redacted-frame", "redacted-frame", "redacted-frame"], "copied": ["redacted-frame", "redacted-frame", "redacted-frame"], "hostileSymbolsRejected": 5, "privateMessageOrFileCopied": false, "sourceSha256": "83980b0576665cbcc8d0583758f4d911c3356aed7db8bf37e6ff0d2df2d87b51", "fixtureOnly": true, "deviceOrNetworkAccess": false}}
2026-10-08T19:42:07.9231989Z test_busybox_that_yields_root_net_admin_becomes_the_runner (__main__.CoreIdentity.test_busybox_that_yields_root_net_admin_becomes_the_runner) ... ok
2026-10-08T19:42:07.9408382Z test_bypass_with_ipv6_available_still_requires_combined_owner_match (__main__.CoreIdentity.test_bypass_with_ipv6_available_still_requires_combined_owner_match) ... ok
2026-10-08T19:42:08.0168635Z test_confirmation_requires_all_four_uid_and_gid_fields (__main__.CoreIdentity.test_confirmation_requires_all_four_uid_and_gid_fields) ... ok
2026-10-08T19:42:08.0605656Z test_confirmation_trusts_only_what_the_kernel_reports (__main__.CoreIdentity.test_confirmation_trusts_only_what_the_kernel_reports) ... ok
2026-10-08T19:42:08.0858165Z test_kernel_without_the_combined_owner_match_keeps_the_old_start (__main__.CoreIdentity.test_kernel_without_the_combined_owner_match_keeps_the_old_start) ... ok
2026-10-08T19:42:08.0958080Z test_numeric_spec_is_the_fallback (__main__.CoreIdentity.test_numeric_spec_is_the_fallback) ... ok
2026-10-08T19:42:08.1035869Z test_opt_out_marker_keeps_the_old_start (__main__.CoreIdentity.test_opt_out_marker_keeps_the_old_start) ... ok
2026-10-08T19:42:08.1311367Z test_resolver_capture_needs_dns_takeover_and_an_xtables_mode (__main__.CoreIdentity.test_resolver_capture_needs_dns_takeover_and_an_xtables_mode) ... ok
2026-10-08T19:42:08.1600301Z test_wrong_identity_or_missing_applet_keeps_the_old_start (__main__.CoreIdentity.test_wrong_identity_or_missing_applet_keeps_the_old_start) ... ok
2026-10-08T19:42:08.4795941Z test_rules_without_the_core_identity_match_runtime_152 (__main__.LegacyParity.test_rules_without_the_core_identity_match_runtime_152) ... ok
2026-10-08T19:42:08.4882504Z test_captured_exempts_only_the_core_and_lets_fake_ip_flows_through (__main__.RuleShapes.test_captured_exempts_only_the_core_and_lets_fake_ip_flows_through) ... ok
2026-10-08T19:42:08.4966077Z test_captured_ipv6_uses_the_ipv6_fake_range (__main__.RuleShapes.test_captured_ipv6_uses_the_ipv6_fake_range) ... ok
2026-10-08T19:42:08.5133474Z test_dns_protocol_switches_select_the_redirected_protocols (__main__.RuleShapes.test_dns_protocol_switches_select_the_redirected_protocols) ... ok
2026-10-08T19:42:08.5143027Z test_dot_guard_chain_is_owned_cleaned_and_recorded (__main__.RuleShapes.test_dot_guard_chain_is_owned_cleaned_and_recorded) ... ok
2026-10-08T19:42:08.5214391Z test_dot_guard_refuses_only_the_resolver_probe (__main__.RuleShapes.test_dot_guard_refuses_only_the_resolver_probe) ... ok
2026-10-08T19:42:08.5301766Z test_group_exemption_keeps_its_direct_path_for_real_addresses_only (__main__.RuleShapes.test_group_exemption_keeps_its_direct_path_for_real_addresses_only) ... ok
2026-10-08T19:42:08.5378612Z test_selected_applications_redirect_mode_redirects_fake_ip_tcp (__main__.RuleShapes.test_selected_applications_redirect_mode_redirects_fake_ip_tcp) ... ok
2026-10-08T19:42:08.5461126Z test_selected_applications_scope_gets_a_resolver_redirect_and_fake_ip_entries (__main__.RuleShapes.test_selected_applications_scope_gets_a_resolver_redirect_and_fake_ip_entries) ... ok
2026-10-08T19:42:08.5542643Z test_selected_applications_scope_is_untouched_while_the_resolver_is_exempt (__main__.RuleShapes.test_selected_applications_scope_is_untouched_while_the_resolver_is_exempt) ... ok
2026-10-08T19:42:08.5625511Z test_selected_applications_scope_marks_use_the_script_mark (__main__.RuleShapes.test_selected_applications_scope_marks_use_the_script_mark) ... ok
2026-10-08T19:42:08.5709139Z test_without_the_core_identity_every_root_socket_stays_out_of_dns_takeover (__main__.RuleShapes.test_without_the_core_identity_every_root_socket_stays_out_of_dns_takeover) ... ok
2026-10-08T19:42:08.7030806Z test_cpu_mask (__main__.Tuning.test_cpu_mask) ... ok
2026-10-08T19:42:08.7493670Z test_invalid_values_are_named_before_anything_changes (__main__.Tuning.test_invalid_values_are_named_before_anything_changes) ... ok
2026-10-08T19:42:08.9116940Z test_memory_limit_bytes (__main__.Tuning.test_memory_limit_bytes) ... ok
2026-10-08T19:42:08.9347560Z test_tuning_report_names_each_requested_control (__main__.Tuning.test_tuning_report_names_each_requested_control) ... ok
2026-10-08T19:42:08.9348188Z 
2026-10-08T19:42:08.9348506Z ----------------------------------------------------------------------
2026-10-08T19:42:08.9349050Z Ran 25 tests in 1.022s
2026-10-08T19:42:08.9349228Z 
2026-10-08T19:42:08.9349354Z OK
2026-10-08T19:42:08.9465667Z ##[group]Run set -euo pipefail
2026-10-08T19:42:08.9466018Z [36;1mset -euo pipefail[0m
2026-10-08T19:42:08.9466467Z [36;1mpython3 tools/qa/test_root_safety93.py -v 2>&1 | tee out/verification/root-safety93-tests.txt[0m
2026-10-08T19:42:08.9511348Z shell: /usr/bin/bash -e {0}
2026-10-08T19:42:08.9511644Z env:
2026-10-08T19:42:08.9511962Z   HETU_TEST_KEYSTORE: /home/runner/.android/hetu-ui10-debug.jks
2026-10-08T19:42:08.9512328Z   HETU_EXPECTED_TESTS: 707
2026-10-08T19:42:08.9512596Z   HETU_EXPECTED_TEST_XML_FILES: 77
2026-10-08T19:42:08.9512866Z   HETU_EXPECTED_VERSION: 2093
2026-10-08T19:42:08.9513139Z   HETU_EXPECTED_VERSION_NAME: 0.12.20-v20-glass
2026-10-08T19:42:08.9513429Z ##[endgroup]
2026-10-08T19:42:09.0843256Z test_atomic_bootstrap_guard_allows_only_verified_lane (__main__.BootSafety93.test_atomic_bootstrap_guard_allows_only_verified_lane) ... ok
2026-10-08T19:42:09.1531822Z test_atomic_guard_failure_keeps_exact_old_rules (__main__.BootSafety93.test_atomic_guard_failure_keeps_exact_old_rules) ... ok
2026-10-08T19:42:09.1708186Z test_cancel_generation_interrupts_future_deadline (__main__.BootSafety93.test_cancel_generation_interrupts_future_deadline) ... ok
2026-10-08T19:42:09.1826468Z test_cleanup_residual_rule_is_not_successful_stop (__main__.BootSafety93.test_cleanup_residual_rule_is_not_successful_stop) ... ok
2026-10-08T19:42:09.1932532Z test_cleanup_unknown_snapshot_is_not_successful_stop (__main__.BootSafety93.test_cleanup_unknown_snapshot_is_not_successful_stop) ... ok
2026-10-08T19:42:09.2223554Z test_core_identity_requires_all_four_uid_gid_fields (__main__.BootSafety93.test_core_identity_requires_all_four_uid_gid_fields) ... ok
2026-10-08T19:42:09.2307772Z test_explicit_empty_cancel_ticket_is_not_latest_token (__main__.BootSafety93.test_explicit_empty_cancel_ticket_is_not_latest_token) ... ok
2026-10-08T19:42:09.2470994Z test_failed_stop_retains_session_for_retry (__main__.BootSafety93.test_failed_stop_retains_session_for_retry) ... ok
2026-10-08T19:42:09.4513542Z test_failed_strict_restore_physically_revokes_bootstrap_lane (__main__.BootSafety93.test_failed_strict_restore_physically_revokes_bootstrap_lane) ... ok
2026-10-08T19:42:13.4657599Z test_frontend_term_during_blocked_xtables_is_bounded_before_rollback (__main__.BootSafety93.test_frontend_term_during_blocked_xtables_is_bounded_before_rollback) ... ok
2026-10-08T19:42:13.4751105Z test_initializing_lock_cannot_be_stolen (__main__.BootSafety93.test_initializing_lock_cannot_be_stolen) ... ok
2026-10-08T19:42:13.4853580Z test_old_deadline_birth_cannot_signal_reused_pid (__main__.BootSafety93.test_old_deadline_birth_cannot_signal_reused_pid) ... ok
2026-10-08T19:42:13.4947023Z test_old_lock_owner_cannot_release_replacement_lock (__main__.BootSafety93.test_old_lock_owner_cannot_release_replacement_lock) ... ok
2026-10-08T19:42:13.5037982Z test_old_watchdog_cannot_publish_or_delete_new_pid (__main__.BootSafety93.test_old_watchdog_cannot_publish_or_delete_new_pid) ... ok
2026-10-08T19:42:13.5643938Z test_permanent_failure_starts_only_three_times (__main__.BootSafety93.test_permanent_failure_starts_only_three_times) ... ok
2026-10-08T19:42:13.6390630Z test_pid_without_health_never_reports_running (__main__.BootSafety93.test_pid_without_health_never_reports_running) ... ok
2026-10-08T19:42:13.6474863Z test_queued_manual_native_start_rejects_stop_before_entry (__main__.BootSafety93.test_queued_manual_native_start_rejects_stop_before_entry) ... ok
2026-10-08T19:42:13.6631542Z test_real_deadline_signals_only_owned_birth (__main__.BootSafety93.test_real_deadline_signals_only_owned_birth) ... ok
2026-10-08T19:42:13.6765120Z test_shared_budget_cannot_reset_expired_deadline (__main__.BootSafety93.test_shared_budget_cannot_reset_expired_deadline) ... ok
2026-10-08T19:42:13.7420317Z test_shared_budget_persists_and_old_boot_cannot_reset (__main__.BootSafety93.test_shared_budget_persists_and_old_boot_cannot_reset) ... ok
2026-10-08T19:42:13.7549566Z test_shared_budget_rejects_cancelled_boot (__main__.BootSafety93.test_shared_budget_rejects_cancelled_boot) ... ok
2026-10-08T19:42:13.7629718Z test_stopping_inactive_helper_does_not_publish_start_failure (__main__.BootSafety93.test_stopping_inactive_helper_does_not_publish_start_failure) ... ok
2026-10-08T19:42:13.8100437Z test_interrupt_after_core_launch_rolls_back (__main__.StartRollbackSafety93.test_interrupt_after_core_launch_rolls_back) ... ok
2026-10-08T19:42:13.8628826Z test_interrupt_after_network_hooks_rolls_back (__main__.StartRollbackSafety93.test_interrupt_after_network_hooks_rolls_back) ... ok
2026-10-08T19:42:13.9345820Z test_interrupt_before_watchdog_ready_rolls_back (__main__.StartRollbackSafety93.test_interrupt_before_watchdog_ready_rolls_back) ... ok
2026-10-08T19:42:13.9623465Z test_kill_requested_without_verified_runner_preserves_old_runtime (__main__.StartRollbackSafety93.test_kill_requested_without_verified_runner_preserves_old_runtime) ... ok
2026-10-08T19:42:13.9625097Z 
2026-10-08T19:42:13.9625652Z ----------------------------------------------------------------------
2026-10-08T19:42:13.9626434Z Ran 26 tests in 4.948s
2026-10-08T19:42:13.9626741Z 
2026-10-08T19:42:13.9626920Z OK
2026-10-08T19:42:13.9629278Z {"test": "foreground_term_boundary", "elapsedSeconds": 4.012, "termSentAfterSeconds": 0.15, "commandTimeoutSeconds": 3, "killGraceSeconds": 1, "rollbackCompleted": true}
2026-10-08T19:42:13.9767546Z ##[group]Run set -euo pipefail
2026-10-08T19:42:13.9767888Z [36;1mset -euo pipefail[0m
2026-10-08T19:42:13.9768481Z [36;1mpython3 .github/scripts/run_continuity93_baseline_hosts.py --gate test_ui_source_scope.py 2>&1 | tee out/verification/ui-source-scope-tests.txt[0m
2026-10-08T19:42:13.9813055Z shell: /usr/bin/bash -e {0}
2026-10-08T19:42:13.9813340Z env:
2026-10-08T19:42:13.9813640Z   HETU_TEST_KEYSTORE: /home/runner/.android/hetu-ui10-debug.jks
2026-10-08T19:42:13.9814205Z   HETU_EXPECTED_TESTS: 707
2026-10-08T19:42:13.9814473Z   HETU_EXPECTED_TEST_XML_FILES: 77
2026-10-08T19:42:13.9814747Z   HETU_EXPECTED_VERSION: 2093
2026-10-08T19:42:13.9815025Z   HETU_EXPECTED_VERSION_NAME: 0.12.20-v20-glass
2026-10-08T19:42:13.9815313Z ##[endgroup]
2026-10-08T19:42:53.0059437Z test_current_ui_packages_and_named_bridges_are_allowed (__main__.PresentationScope.test_current_ui_packages_and_named_bridges_are_allowed) ... ok
2026-10-08T19:42:53.0062509Z test_only_expected_version_change_is_allowed_in_build_inputs (__main__.PresentationScope.test_only_expected_version_change_is_allowed_in_build_inputs) ... ok
2026-10-08T19:42:53.0064193Z test_path_traversal_is_rejected_even_with_allowed_ui_prefix (__main__.PresentationScope.test_path_traversal_is_rejected_even_with_allowed_ui_prefix) ... ok
2026-10-08T19:42:53.0066033Z test_runtime_assets_manifest_and_native_payload_cannot_enter_ui_patch (__main__.PresentationScope.test_runtime_assets_manifest_and_native_payload_cannot_enter_ui_patch) ... ok
2026-10-08T19:42:53.0067857Z test_unlisted_root_package_bridge_is_rejected (__main__.PresentationScope.test_unlisted_root_package_bridge_is_rejected) ... ok
2026-10-08T19:42:53.0068562Z 
2026-10-08T19:42:53.0068925Z ----------------------------------------------------------------------
2026-10-08T19:42:53.0069478Z Ran 5 tests in 0.001s
2026-10-08T19:42:53.0069699Z 
2026-10-08T19:42:53.0069846Z OK
2026-10-08T19:42:53.0385662Z {"baselineInputs": 379, "locallyVerifiedBaselineInputs": 379, "missingUnchangedPayloadFiles": [], "exactFunctionPatchReversed": true, "currentCheckoutUnmodified": true}
2026-10-08T19:42:53.0738540Z {"exactLaterLayersReversed": 4, "v2086Inputs": 386, "missingUnchangedNativeInputs": [], "currentCheckoutUnmodified": true, "historicalGatesRunOnOwnSource": true, "baselineVersion": 2086, "baselineRuntimeRevision": 152}
2026-10-08T19:42:53.1086743Z {"exactNewLayerReversed": true, "verifiedPredecessorInputs": 403, "missingUnchangedNativeInputs": [], "currentCheckoutUnmodified": true, "baselineVersion": 2090, "baselineCommit": "9fe4931b6e37a1a7f7f78fd27835069e2b354aa7"}
2026-10-08T19:42:53.1532459Z {"exactNewLayerReversed": true, "verifiedPredecessorInputs": 405, "missingUnchangedNativeInputs": [], "currentCheckoutUnmodified": true, "baselineVersion": 2091, "baselineCommit": "d7295d1aec1ffb17a0076d4dc9a8a4122d467447"}
2026-10-08T19:42:53.1976747Z {"exactNewLayerReversed": true, "verifiedPredecessorInputs": 406, "missingUnchangedNativeInputs": [], "currentCheckoutUnmodified": true, "baselineVersion": 2092, "baselineCommit": "cffeff08ee38c7220922bdb36de81b621c935daf"}
2026-10-08T19:42:53.2098516Z ##[group]Run python3 .github/scripts/run_continuity93_baseline_hosts.py --gate test_pdf85_source_scope.py
2026-10-08T19:42:53.2099214Z [36;1mpython3 .github/scripts/run_continuity93_baseline_hosts.py --gate test_pdf85_source_scope.py[0m
2026-10-08T19:42:53.2146231Z shell: /usr/bin/bash -e {0}
2026-10-08T19:42:53.2146552Z env:
2026-10-08T19:42:53.2146867Z   HETU_TEST_KEYSTORE: /home/runner/.android/hetu-ui10-debug.jks
2026-10-08T19:42:53.2147334Z   HETU_EXPECTED_TESTS: 707
2026-10-08T19:42:53.2147598Z   HETU_EXPECTED_TEST_XML_FILES: 77
2026-10-08T19:42:53.2147862Z   HETU_EXPECTED_VERSION: 2093
2026-10-08T19:42:53.2148159Z   HETU_EXPECTED_VERSION_NAME: 0.12.20-v20-glass
2026-10-08T19:42:53.2148460Z ##[endgroup]
2026-10-08T19:43:31.9943659Z ......
2026-10-08T19:43:31.9944131Z ----------------------------------------------------------------------
2026-10-08T19:43:31.9944685Z Ran 6 tests in 0.003s
2026-10-08T19:43:31.9944892Z 
2026-10-08T19:43:31.9945215Z OK
2026-10-08T19:43:32.0262460Z {"baselineInputs": 379, "locallyVerifiedBaselineInputs": 379, "missingUnchangedPayloadFiles": [], "exactFunctionPatchReversed": true, "currentCheckoutUnmodified": true}
2026-10-08T19:43:32.0607615Z {"exactLaterLayersReversed": 4, "v2086Inputs": 386, "missingUnchangedNativeInputs": [], "currentCheckoutUnmodified": true, "historicalGatesRunOnOwnSource": true, "baselineVersion": 2086, "baselineRuntimeRevision": 152}
2026-10-08T19:43:32.0959772Z {"exactNewLayerReversed": true, "verifiedPredecessorInputs": 403, "missingUnchangedNativeInputs": [], "currentCheckoutUnmodified": true, "baselineVersion": 2090, "baselineCommit": "9fe4931b6e37a1a7f7f78fd27835069e2b354aa7"}
2026-10-08T19:43:32.1387445Z {"exactNewLayerReversed": true, "verifiedPredecessorInputs": 405, "missingUnchangedNativeInputs": [], "currentCheckoutUnmodified": true, "baselineVersion": 2091, "baselineCommit": "d7295d1aec1ffb17a0076d4dc9a8a4122d467447"}
2026-10-08T19:43:32.1840198Z {"exactNewLayerReversed": true, "verifiedPredecessorInputs": 406, "missingUnchangedNativeInputs": [], "currentCheckoutUnmodified": true, "baselineVersion": 2092, "baselineCommit": "cffeff08ee38c7220922bdb36de81b621c935daf"}
2026-10-08T19:43:32.1953911Z ##[group]Run set -euo pipefail
2026-10-08T19:43:32.1954268Z [36;1mset -euo pipefail[0m
2026-10-08T19:43:32.1954655Z [36;1mgit fetch --no-tags --depth=1 origin 2730954591393c1b81f747cef72adb8940c5a82c[0m
2026-10-08T19:43:32.1955188Z [36;1mgit fetch --no-tags --depth=1 origin ec211b9ad81748dee30fec43f0a25849559e4623[0m
2026-10-08T19:43:32.1955784Z [36;1mpython3 .github/scripts/run_continuity93_baseline_hosts.py --gate test_tools_intake_source_scope.py[0m
2026-10-08T19:43:32.1956337Z [36;1mpython3 .github/scripts/test_tools_intake_test_results.py[0m
2026-10-08T19:43:32.2001045Z shell: /usr/bin/bash -e {0}
2026-10-08T19:43:32.2001404Z env:
2026-10-08T19:43:32.2001705Z   HETU_TEST_KEYSTORE: /home/runner/.android/hetu-ui10-debug.jks
2026-10-08T19:43:32.2002118Z   HETU_EXPECTED_TESTS: 707
2026-10-08T19:43:32.2002427Z   HETU_EXPECTED_TEST_XML_FILES: 77
2026-10-08T19:43:32.2002706Z   HETU_EXPECTED_VERSION: 2093
2026-10-08T19:43:32.2003049Z   HETU_EXPECTED_VERSION_NAME: 0.12.20-v20-glass
2026-10-08T19:43:32.2003334Z ##[endgroup]
2026-10-08T19:43:32.8641916Z From https://github.com/xgl34222220-ops/hetu
2026-10-08T19:43:33.5285748Z  * branch            2730954591393c1b81f747cef72adb8940c5a82c -> FETCH_HEAD
2026-10-08T19:43:33.5286521Z From https://github.com/xgl34222220-ops/hetu
2026-10-08T19:43:33.5287273Z  * branch            ec211b9ad81748dee30fec43f0a25849559e4623 -> FETCH_HEAD
2026-10-08T19:44:21.3228693Z ..................
2026-10-08T19:44:21.3229592Z ----------------------------------------------------------------------
2026-10-08T19:44:21.3230411Z Ran 18 tests in 8.648s
2026-10-08T19:44:21.3230733Z 
2026-10-08T19:44:21.3230908Z OK
2026-10-08T19:44:21.4602133Z {"baselineInputs": 379, "locallyVerifiedBaselineInputs": 379, "missingUnchangedPayloadFiles": [], "exactFunctionPatchReversed": true, "currentCheckoutUnmodified": true}
2026-10-08T19:44:21.5964448Z {"exactLaterLayersReversed": 4, "v2086Inputs": 386, "missingUnchangedNativeInputs": [], "currentCheckoutUnmodified": true, "historicalGatesRunOnOwnSource": true, "baselineVersion": 2086, "baselineRuntimeRevision": 152}
2026-10-08T19:44:21.7354982Z {"exactNewLayerReversed": true, "verifiedPredecessorInputs": 403, "missingUnchangedNativeInputs": [], "currentCheckoutUnmodified": true, "baselineVersion": 2090, "baselineCommit": "9fe4931b6e37a1a7f7f78fd27835069e2b354aa7"}
2026-10-08T19:44:21.9652469Z {"exactNewLayerReversed": true, "verifiedPredecessorInputs": 405, "missingUnchangedNativeInputs": [], "currentCheckoutUnmodified": true, "baselineVersion": 2091, "baselineCommit": "d7295d1aec1ffb17a0076d4dc9a8a4122d467447"}
2026-10-08T19:44:22.1916849Z {"exactNewLayerReversed": true, "verifiedPredecessorInputs": 406, "missingUnchangedNativeInputs": [], "currentCheckoutUnmodified": true, "baselineVersion": 2092, "baselineCommit": "cffeff08ee38c7220922bdb36de81b621c935daf"}
2026-10-08T19:44:22.2591625Z test_all_original_and_intake_suites_are_required (__main__.ToolsIntakeEvidence.test_all_original_and_intake_suites_are_required) ... ok
2026-10-08T19:44:22.2712431Z test_duplicate_intake_suite_is_rejected (__main__.ToolsIntakeEvidence.test_duplicate_intake_suite_is_rejected) ... ok
2026-10-08T19:44:22.2871416Z test_failures_errors_and_skips_in_each_new_suite_are_rejected (__main__.ToolsIntakeEvidence.test_failures_errors_and_skips_in_each_new_suite_are_rejected) ... ok
2026-10-08T19:44:22.2913488Z test_missing_suite_cannot_be_replaced_with_more_tests_in_another (__main__.ToolsIntakeEvidence.test_missing_suite_cannot_be_replaced_with_more_tests_in_another) ... ok
2026-10-08T19:44:22.3023141Z test_new_tests_cannot_replace_existing_tests (__main__.ToolsIntakeEvidence.test_new_tests_cannot_replace_existing_tests) ... ok
2026-10-08T19:44:22.3024326Z 
2026-10-08T19:44:22.3024850Z ----------------------------------------------------------------------
2026-10-08T19:44:22.3025634Z Ran 5 tests in 0.055s
2026-10-08T19:44:22.3025930Z 
2026-10-08T19:44:22.3026119Z OK
2026-10-08T19:44:22.3154463Z ##[group]Run set -euo pipefail
2026-10-08T19:44:22.3155043Z [36;1mset -euo pipefail[0m
2026-10-08T19:44:22.3155868Z [36;1mpython3 .github/scripts/run_continuity93_baseline_hosts.py --gate test_pdf85_final_source_scope.py[0m
2026-10-08T19:44:22.3220270Z shell: /usr/bin/bash -e {0}
2026-10-08T19:44:22.3221001Z env:
2026-10-08T19:44:22.3221545Z   HETU_TEST_KEYSTORE: /home/runner/.android/hetu-ui10-debug.jks
2026-10-08T19:44:22.3222292Z   HETU_EXPECTED_TESTS: 707
2026-10-08T19:44:22.3222787Z   HETU_EXPECTED_TEST_XML_FILES: 77
2026-10-08T19:44:22.3223300Z   HETU_EXPECTED_VERSION: 2093
2026-10-08T19:44:22.3223879Z   HETU_EXPECTED_VERSION_NAME: 0.12.20-v20-glass
2026-10-08T19:44:22.3224397Z ##[endgroup]
2026-10-08T19:45:01.2717800Z ........
2026-10-08T19:45:01.2720225Z ----------------------------------------------------------------------
2026-10-08T19:45:01.2720861Z Ran 8 tests in 0.017s
2026-10-08T19:45:01.2721075Z 
2026-10-08T19:45:01.2721290Z OK
2026-10-08T19:45:01.3104275Z {"baselineInputs": 379, "locallyVerifiedBaselineInputs": 379, "missingUnchangedPayloadFiles": [], "exactFunctionPatchReversed": true, "currentCheckoutUnmodified": true}
2026-10-08T19:45:01.3459286Z {"exactLaterLayersReversed": 4, "v2086Inputs": 386, "missingUnchangedNativeInputs": [], "currentCheckoutUnmodified": true, "historicalGatesRunOnOwnSource": true, "baselineVersion": 2086, "baselineRuntimeRevision": 152}
2026-10-08T19:45:01.3795976Z {"exactNewLayerReversed": true, "verifiedPredecessorInputs": 403, "missingUnchangedNativeInputs": [], "currentCheckoutUnmodified": true, "baselineVersion": 2090, "baselineCommit": "9fe4931b6e37a1a7f7f78fd27835069e2b354aa7"}
2026-10-08T19:45:01.4260242Z {"exactNewLayerReversed": true, "verifiedPredecessorInputs": 405, "missingUnchangedNativeInputs": [], "currentCheckoutUnmodified": true, "baselineVersion": 2091, "baselineCommit": "d7295d1aec1ffb17a0076d4dc9a8a4122d467447"}
2026-10-08T19:45:01.4759134Z {"exactNewLayerReversed": true, "verifiedPredecessorInputs": 406, "missingUnchangedNativeInputs": [], "currentCheckoutUnmodified": true, "baselineVersion": 2092, "baselineCommit": "cffeff08ee38c7220922bdb36de81b621c935daf"}
2026-10-08T19:45:01.4902028Z ##[group]Run set -euo pipefail
2026-10-08T19:45:01.4902542Z [36;1mset -euo pipefail[0m
2026-10-08T19:45:01.4903345Z [36;1mpython3 .github/scripts/run_continuity93_baseline_hosts.py --gate test_auth_source_scope.py 2>&1 | tee out/verification/auth-source-scope-tests.txt[0m
2026-10-08T19:45:01.4904289Z [36;1mpython3 .github/scripts/test_auth_test_results.py 2>&1 | tee out/verification/auth-test-evidence-tests.txt[0m
2026-10-08T19:45:01.4950582Z shell: /usr/bin/bash -e {0}
2026-10-08T19:45:01.4950939Z env:
2026-10-08T19:45:01.4951460Z   HETU_TEST_KEYSTORE: /home/runner/.android/hetu-ui10-debug.jks
2026-10-08T19:45:01.4951915Z   HETU_EXPECTED_TESTS: 707
2026-10-08T19:45:01.4952270Z   HETU_EXPECTED_TEST_XML_FILES: 77
2026-10-08T19:45:01.4952677Z   HETU_EXPECTED_VERSION: 2093
2026-10-08T19:45:01.4953026Z   HETU_EXPECTED_VERSION_NAME: 0.12.20-v20-glass
2026-10-08T19:45:01.4953458Z ##[endgroup]
2026-10-08T19:45:40.4853422Z test_exact_authentication_production_files_are_allowed (__main__.AuthenticationScope.test_exact_authentication_production_files_are_allowed) ... ok
2026-10-08T19:45:40.4855406Z test_existing_ui_boundary_still_rejects_authentication_runtime (__main__.AuthenticationScope.test_existing_ui_boundary_still_rejects_authentication_runtime) ... ok
2026-10-08T19:45:40.4858808Z test_history_fixture_can_only_add_cross_thread_visibility_and_audit (__main__.AuthenticationScope.test_history_fixture_can_only_add_cross_thread_visibility_and_audit) ... ok
2026-10-08T19:45:40.4860929Z test_manifest_requires_fixed_provenance_and_preserves_the_baseline (__main__.AuthenticationScope.test_manifest_requires_fixed_provenance_and_preserves_the_baseline) ... ok
2026-10-08T19:45:40.4862529Z test_old_action_safety_assertion_can_only_gain_failure_details (__main__.AuthenticationScope.test_old_action_safety_assertion_can_only_gain_failure_details) ... ok
2026-10-08T19:45:40.4864241Z test_only_the_named_authentication_tests_are_allowed (__main__.AuthenticationScope.test_only_the_named_authentication_tests_are_allowed) ... ok
2026-10-08T19:45:40.4865814Z test_only_the_new_version_can_change_in_build_inputs (__main__.AuthenticationScope.test_only_the_new_version_can_change_in_build_inputs) ... ok
2026-10-08T19:45:40.4866775Z test_path_traversal_is_rejected (__main__.AuthenticationScope.test_path_traversal_is_rejected) ... ok
2026-10-08T19:45:40.4868532Z test_runtime_assets_manager_manifest_and_dependencies_stay_protected (__main__.AuthenticationScope.test_runtime_assets_manager_manifest_and_dependencies_stay_protected) ... ok
2026-10-08T19:45:40.4870380Z test_unrelated_presentation_sources_are_not_authorized (__main__.AuthenticationScope.test_unrelated_presentation_sources_are_not_authorized) ... ok
2026-10-08T19:45:40.4871261Z 
2026-10-08T19:45:40.4871583Z ----------------------------------------------------------------------
2026-10-08T19:45:40.4872061Z Ran 10 tests in 0.001s
2026-10-08T19:45:40.4872239Z 
2026-10-08T19:45:40.4872419Z OK
2026-10-08T19:45:40.5187408Z {"baselineInputs": 379, "locallyVerifiedBaselineInputs": 379, "missingUnchangedPayloadFiles": [], "exactFunctionPatchReversed": true, "currentCheckoutUnmodified": true}
2026-10-08T19:45:40.5546753Z {"exactLaterLayersReversed": 4, "v2086Inputs": 386, "missingUnchangedNativeInputs": [], "currentCheckoutUnmodified": true, "historicalGatesRunOnOwnSource": true, "baselineVersion": 2086, "baselineRuntimeRevision": 152}
2026-10-08T19:45:40.5891764Z {"exactNewLayerReversed": true, "verifiedPredecessorInputs": 403, "missingUnchangedNativeInputs": [], "currentCheckoutUnmodified": true, "baselineVersion": 2090, "baselineCommit": "9fe4931b6e37a1a7f7f78fd27835069e2b354aa7"}
2026-10-08T19:45:40.6336679Z {"exactNewLayerReversed": true, "verifiedPredecessorInputs": 405, "missingUnchangedNativeInputs": [], "currentCheckoutUnmodified": true, "baselineVersion": 2091, "baselineCommit": "d7295d1aec1ffb17a0076d4dc9a8a4122d467447"}
2026-10-08T19:45:40.6818734Z {"exactNewLayerReversed": true, "verifiedPredecessorInputs": 406, "missingUnchangedNativeInputs": [], "currentCheckoutUnmodified": true, "baselineVersion": 2092, "baselineCommit": "cffeff08ee38c7220922bdb36de81b621c935daf"}
2026-10-08T19:45:40.7432429Z test_baseline_xml_inventory_cannot_be_reduced (__main__.AuthenticationEvidence.test_baseline_xml_inventory_cannot_be_reduced) ... ok
2026-10-08T19:45:40.7466764Z test_exact_baseline_and_all_authentication_suites_pass (__main__.AuthenticationEvidence.test_exact_baseline_and_all_authentication_suites_pass) ... ok
2026-10-08T19:45:40.7590476Z test_failures_errors_and_skips_are_rejected_in_both_buckets (__main__.AuthenticationEvidence.test_failures_errors_and_skips_are_rejected_in_both_buckets) ... ok
2026-10-08T19:45:40.7624990Z test_incorrect_declared_total_is_rejected (__main__.AuthenticationEvidence.test_incorrect_declared_total_is_rejected) ... ok
2026-10-08T19:45:40.7663272Z test_missing_authentication_suite_is_rejected (__main__.AuthenticationEvidence.test_missing_authentication_suite_is_rejected) ... ok
2026-10-08T19:45:40.7703862Z test_same_total_cannot_substitute_new_tests_for_old_tests (__main__.AuthenticationEvidence.test_same_total_cannot_substitute_new_tests_for_old_tests) ... ok
2026-10-08T19:45:40.7704840Z 
2026-10-08T19:45:40.7705458Z ----------------------------------------------------------------------
2026-10-08T19:45:40.7706060Z Ran 6 tests in 0.032s
2026-10-08T19:45:40.7706460Z 
2026-10-08T19:45:40.7706709Z OK
2026-10-08T19:45:40.7827595Z ##[group]Run set -euo pipefail
2026-10-08T19:45:40.7828182Z [36;1mset -euo pipefail[0m
2026-10-08T19:45:40.7828747Z [36;1mpython3 .github/scripts/run_continuity93_baseline_hosts.py --gate test_functionfix_source_scope.py[0m
2026-10-08T19:45:40.7829483Z [36;1mpython3 .github/scripts/run_continuity93_baseline_hosts.py --gate test_functionfix_test_results.py[0m
2026-10-08T19:45:40.7830209Z [36;1mpython3 .github/scripts/run_continuity93_baseline_hosts.py --gate test_functionfix_workflow.py[0m
2026-10-08T19:45:40.7830953Z [36;1mpython3 tools/qa/test_fake_ip_private_routing.py 2>&1 | tee out/verification/fake-ip-private-routing-tests.txt[0m
2026-10-08T19:45:40.7875931Z shell: /usr/bin/bash -e {0}
2026-10-08T19:45:40.7876294Z env:
2026-10-08T19:45:40.7876771Z   HETU_TEST_KEYSTORE: /home/runner/.android/hetu-ui10-debug.jks
2026-10-08T19:45:40.7877527Z   HETU_EXPECTED_TESTS: 707
2026-10-08T19:45:40.7877889Z   HETU_EXPECTED_TEST_XML_FILES: 77
2026-10-08T19:45:40.7878367Z   HETU_EXPECTED_VERSION: 2093
2026-10-08T19:45:40.7878739Z   HETU_EXPECTED_VERSION_NAME: 0.12.20-v20-glass
2026-10-08T19:45:40.7879109Z ##[endgroup]
2026-10-08T19:46:18.2320472Z ...........
2026-10-08T19:46:18.2322983Z ----------------------------------------------------------------------
2026-10-08T19:46:18.2323602Z Ran 11 tests in 0.098s
2026-10-08T19:46:18.2323950Z 
2026-10-08T19:46:18.2324127Z OK
2026-10-08T19:46:18.2691990Z {"exactLaterLayersReversed": 4, "v2086Inputs": 386, "missingUnchangedNativeInputs": [], "currentCheckoutUnmodified": true, "historicalGatesRunOnOwnSource": true, "baselineVersion": 2086, "baselineRuntimeRevision": 152}
2026-10-08T19:46:18.3051863Z {"exactNewLayerReversed": true, "verifiedPredecessorInputs": 403, "missingUnchangedNativeInputs": [], "currentCheckoutUnmodified": true, "baselineVersion": 2090, "baselineCommit": "9fe4931b6e37a1a7f7f78fd27835069e2b354aa7"}
2026-10-08T19:46:18.3519122Z {"exactNewLayerReversed": true, "verifiedPredecessorInputs": 405, "missingUnchangedNativeInputs": [], "currentCheckoutUnmodified": true, "baselineVersion": 2091, "baselineCommit": "d7295d1aec1ffb17a0076d4dc9a8a4122d467447"}
2026-10-08T19:46:18.3998626Z {"exactNewLayerReversed": true, "verifiedPredecessorInputs": 406, "missingUnchangedNativeInputs": [], "currentCheckoutUnmodified": true, "baselineVersion": 2092, "baselineCommit": "cffeff08ee38c7220922bdb36de81b621c935daf"}
2026-10-08T19:46:56.0111635Z .....
2026-10-08T19:46:56.0112265Z ----------------------------------------------------------------------
2026-10-08T19:46:56.0112948Z Ran 5 tests in 0.071s
2026-10-08T19:46:56.0113142Z 
2026-10-08T19:46:56.0113309Z OK
2026-10-08T19:46:56.0484567Z {"exactLaterLayersReversed": 4, "v2086Inputs": 386, "missingUnchangedNativeInputs": [], "currentCheckoutUnmodified": true, "historicalGatesRunOnOwnSource": true, "baselineVersion": 2086, "baselineRuntimeRevision": 152}
2026-10-08T19:46:56.0830123Z {"exactNewLayerReversed": true, "verifiedPredecessorInputs": 403, "missingUnchangedNativeInputs": [], "currentCheckoutUnmodified": true, "baselineVersion": 2090, "baselineCommit": "9fe4931b6e37a1a7f7f78fd27835069e2b354aa7"}
2026-10-08T19:46:56.1299189Z {"exactNewLayerReversed": true, "verifiedPredecessorInputs": 405, "missingUnchangedNativeInputs": [], "currentCheckoutUnmodified": true, "baselineVersion": 2091, "baselineCommit": "d7295d1aec1ffb17a0076d4dc9a8a4122d467447"}
2026-10-08T19:46:56.1754057Z {"exactNewLayerReversed": true, "verifiedPredecessorInputs": 406, "missingUnchangedNativeInputs": [], "currentCheckoutUnmodified": true, "baselineVersion": 2092, "baselineCommit": "cffeff08ee38c7220922bdb36de81b621c935daf"}
2026-10-08T19:47:33.6167941Z ....
2026-10-08T19:47:33.6168950Z ----------------------------------------------------------------------
2026-10-08T19:47:33.6169618Z Ran 4 tests in 0.003s
2026-10-08T19:47:33.6171257Z 
2026-10-08T19:47:33.6171645Z OK
2026-10-08T19:47:33.6515079Z {"exactLaterLayersReversed": 4, "v2086Inputs": 386, "missingUnchangedNativeInputs": [], "currentCheckoutUnmodified": true, "historicalGatesRunOnOwnSource": true, "baselineVersion": 2086, "baselineRuntimeRevision": 152}
2026-10-08T19:47:33.6865645Z {"exactNewLayerReversed": true, "verifiedPredecessorInputs": 403, "missingUnchangedNativeInputs": [], "currentCheckoutUnmodified": true, "baselineVersion": 2090, "baselineCommit": "9fe4931b6e37a1a7f7f78fd27835069e2b354aa7"}
2026-10-08T19:47:33.7331959Z {"exactNewLayerReversed": true, "verifiedPredecessorInputs": 405, "missingUnchangedNativeInputs": [], "currentCheckoutUnmodified": true, "baselineVersion": 2091, "baselineCommit": "d7295d1aec1ffb17a0076d4dc9a8a4122d467447"}
2026-10-08T19:47:33.7793444Z {"exactNewLayerReversed": true, "verifiedPredecessorInputs": 406, "missingUnchangedNativeInputs": [], "currentCheckoutUnmodified": true, "baselineVersion": 2092, "baselineCommit": "cffeff08ee38c7220922bdb36de81b621c935daf"}
2026-10-08T19:47:33.8643285Z test_canonical_embedded_ipv6_metadata_loads_without_changing_yaml (__main__.FakeIpPrivateRouting.test_canonical_embedded_ipv6_metadata_loads_without_changing_yaml) ... ok
2026-10-08T19:47:33.8766554Z test_custom_ipv4_fake_ip_survives_default_lan_bypass_in_real_tproxy_chain (__main__.FakeIpPrivateRouting.test_custom_ipv4_fake_ip_survives_default_lan_bypass_in_real_tproxy_chain) ... ok
2026-10-08T19:47:33.9109093Z test_explicit_cidr_uid_gid_interface_mac_returns_keep_priority (__main__.FakeIpPrivateRouting.test_explicit_cidr_uid_gid_interface_mac_returns_keep_priority) ... ok
2026-10-08T19:47:33.9292629Z test_ipv6_fake_ip_survives_default_ula_bypass_in_real_tproxy_chain (__main__.FakeIpPrivateRouting.test_ipv6_fake_ip_survives_default_ula_bypass_in_real_tproxy_chain) ... ok
2026-10-08T19:47:33.9426559Z test_legacy_config_without_metadata_retains_original_private_returns (__main__.FakeIpPrivateRouting.test_legacy_config_without_metadata_retains_original_private_returns) ... ok
2026-10-08T19:47:33.9677237Z test_legal_scalar_and_fake_body_metadata_cannot_override_terminal_block (__main__.FakeIpPrivateRouting.test_legal_scalar_and_fake_body_metadata_cannot_override_terminal_block) ... ok
2026-10-08T19:47:34.0310214Z test_literal_cidr_validation_never_resolves_or_executes_metadata (__main__.FakeIpPrivateRouting.test_literal_cidr_validation_never_resolves_or_executes_metadata) ... ok
2026-10-08T19:47:34.0846392Z test_malformed_duplicate_or_nonterminal_tail_fails_before_network_calls (__main__.FakeIpPrivateRouting.test_malformed_duplicate_or_nonterminal_tail_fails_before_network_calls) ... ok
2026-10-08T19:47:34.0937816Z test_old_session_without_projection_remains_compatible (__main__.FakeIpPrivateRouting.test_old_session_without_projection_remains_compatible) ... ok
2026-10-08T19:47:34.1158037Z test_real_start_passes_shared_mac_to_ipv6_dns_return_before_redirect (__main__.FakeIpPrivateRouting.test_real_start_passes_shared_mac_to_ipv6_dns_return_before_redirect) ... ok
2026-10-08T19:47:34.1391438Z test_real_start_rejects_bad_policy_before_cleanup_or_core_launch (__main__.FakeIpPrivateRouting.test_real_start_rejects_bad_policy_before_cleanup_or_core_launch) ... ok
2026-10-08T19:47:34.7328386Z test_saved_policy_roundtrip_uses_immutable_health_checksum (__main__.FakeIpPrivateRouting.test_saved_policy_roundtrip_uses_immutable_health_checksum) ... ok
2026-10-08T19:47:34.7591916Z test_strict_ipv4_keeps_default_ula_policy_and_explicit_bypasses (__main__.FakeIpPrivateRouting.test_strict_ipv4_keeps_default_ula_policy_and_explicit_bypasses) ... ok
2026-10-08T19:47:34.9761354Z test_tampered_session_or_baseline_cannot_supply_watchdog_policy (__main__.FakeIpPrivateRouting.test_tampered_session_or_baseline_cannot_supply_watchdog_policy) ... ok
2026-10-08T19:47:35.0215610Z test_tun_and_ebpf_do_not_install_transparent_mangle_or_redirect (__main__.FakeIpPrivateRouting.test_tun_and_ebpf_do_not_install_transparent_mangle_or_redirect) ... ok
2026-10-08T19:47:35.0806226Z test_udp_quic_and_kill_guards_do_not_return_fake_destinations (__main__.FakeIpPrivateRouting.test_udp_quic_and_kill_guards_do_not_return_fake_destinations) ... ok
2026-10-08T19:47:35.0807665Z 
2026-10-08T19:47:35.0808264Z ----------------------------------------------------------------------
2026-10-08T19:47:35.0809002Z Ran 16 tests in 1.242s
2026-10-08T19:47:35.0809365Z 
2026-10-08T19:47:35.0809516Z OK
2026-10-08T19:47:35.0944708Z ##[group]Run set -euo pipefail
2026-10-08T19:47:35.0945123Z [36;1mset -euo pipefail[0m
2026-10-08T19:47:35.0945697Z [36;1mpython3 .github/scripts/run_continuity93_baseline_hosts.py --gate test_stability90_evidence.py[0m
2026-10-08T19:47:35.0946561Z [36;1mpython3 .github/scripts/run_continuity93_baseline_hosts.py --gate test_continuity91_evidence.py[0m
2026-10-08T19:47:35.0947668Z [36;1mpython3 .github/scripts/run_continuity93_baseline_hosts.py --gate test_continuity92_evidence.py[0m
2026-10-08T19:47:35.0948310Z [36;1mpython3 .github/scripts/test_continuity93_evidence.py[0m
2026-10-08T19:47:35.0949212Z [36;1mgit show 610a523ea524dff521b5d01e7aa78c421399594a:android-app/app/src/main/java/io/github/xgl34222220/hetu/DnsTakeoverProbe.java > out/verification/main-DnsTakeoverProbe.java[0m
2026-10-08T19:47:35.0950666Z [36;1mpython3 tools/qa/test_dns_takeover_probe.py --before out/verification/main-DnsTakeoverProbe.java --output out/verification/dns-takeover-probe90.json 2>&1 | tee out/verification/dns-takeover-probe-tests.txt[0m
2026-10-08T19:47:35.0951787Z [36;1mpython3 -m unittest discover -s tools/qa -p test_mihomo_soak90.py -v 2>&1 | tee out/verification/native-soak-host-guards.txt[0m
2026-10-08T19:47:35.0996156Z shell: /usr/bin/bash -e {0}
2026-10-08T19:47:35.0996639Z env:
2026-10-08T19:47:35.0997026Z   HETU_TEST_KEYSTORE: /home/runner/.android/hetu-ui10-debug.jks
2026-10-08T19:47:35.0997761Z   HETU_EXPECTED_TESTS: 707
2026-10-08T19:47:35.0998143Z   HETU_EXPECTED_TEST_XML_FILES: 77
2026-10-08T19:47:35.0998501Z   HETU_EXPECTED_VERSION: 2093
2026-10-08T19:47:35.0998849Z   HETU_EXPECTED_VERSION_NAME: 0.12.20-v20-glass
2026-10-08T19:47:35.0999307Z ##[endgroup]
2026-10-08T19:48:09.5423228Z ........................
2026-10-08T19:48:09.5423734Z ----------------------------------------------------------------------
2026-10-08T19:48:09.5424119Z Ran 24 tests in 0.340s
2026-10-08T19:48:09.5424279Z 
2026-10-08T19:48:09.5424377Z OK
2026-10-08T19:48:09.5811136Z {"exactNewLayerReversed": true, "verifiedPredecessorInputs": 403, "missingUnchangedNativeInputs": [], "currentCheckoutUnmodified": true, "baselineVersion": 2090, "baselineCommit": "9fe4931b6e37a1a7f7f78fd27835069e2b354aa7"}
2026-10-08T19:48:09.6280318Z {"exactNewLayerReversed": true, "verifiedPredecessorInputs": 405, "missingUnchangedNativeInputs": [], "currentCheckoutUnmodified": true, "baselineVersion": 2091, "baselineCommit": "d7295d1aec1ffb17a0076d4dc9a8a4122d467447"}
2026-10-08T19:48:09.6825849Z {"exactNewLayerReversed": true, "verifiedPredecessorInputs": 406, "missingUnchangedNativeInputs": [], "currentCheckoutUnmodified": true, "baselineVersion": 2092, "baselineCommit": "cffeff08ee38c7220922bdb36de81b621c935daf"}
2026-10-08T19:48:46.8596632Z ...........
2026-10-08T19:48:46.8597250Z ----------------------------------------------------------------------
2026-10-08T19:48:46.8597779Z Ran 11 tests in 7.715s
2026-10-08T19:48:46.8598073Z 
2026-10-08T19:48:46.8598187Z OK
2026-10-08T19:48:46.9074528Z {"exactNewLayerReversed": true, "verifiedPredecessorInputs": 405, "missingUnchangedNativeInputs": [], "currentCheckoutUnmodified": true, "baselineVersion": 2091, "baselineCommit": "d7295d1aec1ffb17a0076d4dc9a8a4122d467447"}
2026-10-08T19:48:46.9527489Z {"exactNewLayerReversed": true, "verifiedPredecessorInputs": 406, "missingUnchangedNativeInputs": [], "currentCheckoutUnmodified": true, "baselineVersion": 2092, "baselineCommit": "cffeff08ee38c7220922bdb36de81b621c935daf"}
2026-10-08T19:49:30.4726391Z ............
2026-10-08T19:49:30.4728035Z ----------------------------------------------------------------------
2026-10-08T19:49:30.4728728Z Ran 12 tests in 22.504s
2026-10-08T19:49:30.4729526Z 
2026-10-08T19:49:30.4729791Z OK
2026-10-08T19:49:30.5218291Z {"exactNewLayerReversed": true, "verifiedPredecessorInputs": 406, "missingUnchangedNativeInputs": [], "currentCheckoutUnmodified": true, "baselineVersion": 2092, "baselineCommit": "cffeff08ee38c7220922bdb36de81b621c935daf"}
2026-10-08T19:51:23.6205999Z ........
2026-10-08T19:51:23.6208230Z ----------------------------------------------------------------------
2026-10-08T19:51:23.6208736Z Ran 8 tests in 113.032s
2026-10-08T19:51:23.6208890Z 
2026-10-08T19:51:23.6208992Z OK
2026-10-08T19:51:26.6302530Z {"after": {"checks": 45, "failures": 0, "resolverWorkersMax": 2, "fixtureDnsOnly": true, "sourceSha256": "3635d55a388db184cd1d08c805a57d2642544db2973f5d42776de1a61e34691c", "productionSourceCompiledVerbatim": true, "androidRootOrDeviceAccess": false}, "before": {"checks": 10, "inconclusiveCasesMisclassifiedAsDirect": 10, "externalDnsQueries": 0, "sourceSha256": "7b7541ffebe89952f17b851c3d7943010c58de030e83e519273fd39e87d345ef", "productionSourceCompiledVerbatim": true, "androidRootOrDeviceAccess": false}}
2026-10-08T19:51:26.7390612Z test_candidate_native_sha_mismatch_is_refused (test_mihomo_soak90.CandidateApkPayloadTests.test_candidate_native_sha_mismatch_is_refused) ... ok
2026-10-08T19:51:26.7470582Z test_exact_current_apk_argument_does_not_search_an_alternative (test_mihomo_soak90.CandidateApkPayloadTests.test_exact_current_apk_argument_does_not_search_an_alternative) ... ok
2026-10-08T19:51:26.7508593Z test_missing_or_duplicate_native_zip_member_is_refused (test_mihomo_soak90.CandidateApkPayloadTests.test_missing_or_duplicate_native_zip_member_is_refused) ... ok
2026-10-08T19:51:26.7602209Z test_present_ignored_source_must_match_actual_candidate_payload (test_mihomo_soak90.CandidateApkPayloadTests.test_present_ignored_source_must_match_actual_candidate_payload) ... ok
2026-10-08T19:51:26.7736804Z test_sha_matching_wrong_elf_architecture_or_host_linker_is_refused (test_mihomo_soak90.CandidateApkPayloadTests.test_sha_matching_wrong_elf_architecture_or_host_linker_is_refused) ... ok
2026-10-08T19:51:26.7795707Z test_unique_candidate_native_works_without_ignored_cross_job_source (test_mihomo_soak90.CandidateApkPayloadTests.test_unique_candidate_native_works_without_ignored_cross_job_source) ... ok
2026-10-08T19:51:26.7804568Z test_complete_contract_requires_both_actual_faults_and_recoveries (test_mihomo_soak90.EvaluationContractTests.test_complete_contract_requires_both_actual_faults_and_recoveries) ... ok
2026-10-08T19:51:26.7815298Z test_fault_that_succeeded_or_never_timed_out_cannot_pass (test_mihomo_soak90.EvaluationContractTests.test_fault_that_succeeded_or_never_timed_out_cannot_pass) ... ok
2026-10-08T19:51:26.7827727Z test_short_wall_time_normal_failure_and_missing_origin_are_refused (test_mihomo_soak90.EvaluationContractTests.test_short_wall_time_normal_failure_and_missing_origin_are_refused) ... ok
2026-10-08T19:51:26.7829731Z test_fixture_ports_and_configuration_cannot_select_public_upstream (test_mihomo_soak90.GuardTests.test_fixture_ports_and_configuration_cannot_select_public_upstream) ... ok
2026-10-08T19:51:26.7834449Z test_foreign_process_argv_is_refused_even_when_pid_exists (test_mihomo_soak90.GuardTests.test_foreign_process_argv_is_refused_even_when_pid_exists) ... ok
2026-10-08T19:51:26.7869302Z test_missing_live_owned_supervisor_refused_before_adb_mutation (test_mihomo_soak90.GuardTests.test_missing_live_owned_supervisor_refused_before_adb_mutation) ... ok
2026-10-08T19:51:26.7871094Z test_missing_process_and_same_identity_zombie_are_not_signaled (test_mihomo_soak90.GuardTests.test_missing_process_and_same_identity_zombie_are_not_signaled) ... ok
2026-10-08T19:51:27.0136598Z test_payload_is_the_pinned_android_native_manifest_payload (test_mihomo_soak90.GuardTests.test_payload_is_the_pinned_android_native_manifest_payload) ... ok
2026-10-08T19:51:27.0140990Z test_pid_start_ticks_reuse_is_not_absence (test_mihomo_soak90.GuardTests.test_pid_start_ticks_reuse_is_not_absence) ... ok
2026-10-08T19:51:27.0876495Z test_request_and_dns_header_bounds_refuse_oversized_input (test_mihomo_soak90.GuardTests.test_request_and_dns_header_bounds_refuse_oversized_input) ... ok
2026-10-08T19:51:27.0884552Z test_resource_observation_refuses_root_uid_or_descriptor_growth (test_mihomo_soak90.GuardTests.test_resource_observation_refuses_root_uid_or_descriptor_growth) ... ok
2026-10-08T19:51:27.0887963Z test_short_duration_cannot_mutate_guest_or_claim_soak_pass (test_mihomo_soak90.GuardTests.test_short_duration_cannot_mutate_guest_or_claim_soak_pass) ... ok
2026-10-08T19:51:27.3909813Z test_dropped_upstream_fails_then_recovers_without_changing_servers (test_mihomo_soak90.HostFixtureTests.test_dropped_upstream_fails_then_recovers_without_changing_servers) ... ok
2026-10-08T19:51:31.0987414Z test_original_request_timeout_and_late_response_do_not_pollute_next_payload (test_mihomo_soak90.HostFixtureTests.test_original_request_timeout_and_late_response_do_not_pollute_next_payload) ... ok
2026-10-08T19:51:31.4011388Z test_real_loopback_connect_and_dns_fixture_payloads (test_mihomo_soak90.HostFixtureTests.test_real_loopback_connect_and_dns_fixture_payloads) ... ok
2026-10-08T19:51:31.6021653Z test_uncontrolled_connect_destination_is_refused (test_mihomo_soak90.HostFixtureTests.test_uncontrolled_connect_destination_is_refused) ... ok
2026-10-08T19:51:31.8038032Z test_uncontrolled_dns_name_is_refused (test_mihomo_soak90.HostFixtureTests.test_uncontrolled_dns_name_is_refused) ... ok
2026-10-08T19:51:31.8181065Z test_already_private_700_stage_keeps_strict_final_700 (test_mihomo_soak90.NativeTransportAndPartialCleanupTests.test_already_private_700_stage_keeps_strict_final_700) ... ok
2026-10-08T19:51:31.8222818Z test_bad_stage_hash_is_recorded_and_never_copied (test_mihomo_soak90.NativeTransportAndPartialCleanupTests.test_bad_stage_hash_is_recorded_and_never_copied) ... ok
2026-10-08T19:51:31.8352726Z test_canonical_adb_777_stage_becomes_exact_700_using_actual_cp_umask (test_mihomo_soak90.NativeTransportAndPartialCleanupTests.test_canonical_adb_777_stage_becomes_exact_700_using_actual_cp_umask) ... ok
2026-10-08T19:51:31.8425226Z test_failed_setup_without_config_still_removes_only_owned_nonce (test_mihomo_soak90.NativeTransportAndPartialCleanupTests.test_failed_setup_without_config_still_removes_only_owned_nonce) ... ok
2026-10-08T19:51:31.8752020Z test_final_hash_mode_or_uid_mismatch_cannot_be_accepted (test_mihomo_soak90.NativeTransportAndPartialCleanupTests.test_final_hash_mode_or_uid_mismatch_cannot_be_accepted) ... ok
2026-10-08T19:51:31.8830243Z test_foreign_marker_parent_mode_uid_or_symlink_directory_is_never_removed (test_mihomo_soak90.NativeTransportAndPartialCleanupTests.test_foreign_marker_parent_mode_uid_or_symlink_directory_is_never_removed) ... ok
2026-10-08T19:51:31.8888468Z test_foreign_stage_uid_or_gid_is_recorded_and_never_copied (test_mihomo_soak90.NativeTransportAndPartialCleanupTests.test_foreign_stage_uid_or_gid_is_recorded_and_never_copied) ... ok
2026-10-08T19:51:31.8934857Z test_present_config_bytes_are_recorded_before_owned_removal (test_mihomo_soak90.NativeTransportAndPartialCleanupTests.test_present_config_bytes_are_recorded_before_owned_removal) ... ok
2026-10-08T19:51:31.8991593Z test_private_copy_failure_keeps_raw_stage_diagnostics_and_no_success_hash (test_mihomo_soak90.NativeTransportAndPartialCleanupTests.test_private_copy_failure_keeps_raw_stage_diagnostics_and_no_success_hash) ... ok
2026-10-08T19:51:31.9103736Z test_production_run_soak_records_transport_failure_and_complete_partial_cleanup (test_mihomo_soak90.NativeTransportAndPartialCleanupTests.test_production_run_soak_records_transport_failure_and_complete_partial_cleanup) ... ok
2026-10-08T19:51:31.9350012Z test_setid_and_every_other_transport_mode_are_refused (test_mihomo_soak90.NativeTransportAndPartialCleanupTests.test_setid_and_every_other_transport_mode_are_refused) ... ok
2026-10-08T19:51:31.9388810Z test_symlink_stage_is_not_hashed_copied_or_executed (test_mihomo_soak90.NativeTransportAndPartialCleanupTests.test_symlink_stage_is_not_hashed_copied_or_executed) ... ok
2026-10-08T19:51:31.9390144Z 
2026-10-08T19:51:31.9390485Z ----------------------------------------------------------------------
2026-10-08T19:51:31.9391006Z Ran 35 tests in 5.211s
2026-10-08T19:51:31.9391232Z 
2026-10-08T19:51:31.9391380Z OK
2026-10-08T19:51:31.9665169Z ##[group]Run set -euo pipefail
2026-10-08T19:51:31.9665479Z [36;1mset -euo pipefail[0m
2026-10-08T19:51:31.9665949Z [36;1mpython3 .github/scripts/test_native_scroll_bounds.py 2>&1 | tee out/verification/native-scroll-bounds-tests.txt[0m
2026-10-08T19:51:31.9710333Z shell: /usr/bin/bash -e {0}
2026-10-08T19:51:31.9710609Z env:
2026-10-08T19:51:31.9710925Z   HETU_TEST_KEYSTORE: /home/runner/.android/hetu-ui10-debug.jks
2026-10-08T19:51:31.9711269Z   HETU_EXPECTED_TESTS: 707
2026-10-08T19:51:31.9711517Z   HETU_EXPECTED_TEST_XML_FILES: 77
2026-10-08T19:51:31.9711774Z   HETU_EXPECTED_VERSION: 2093
2026-10-08T19:51:31.9712041Z   HETU_EXPECTED_VERSION_NAME: 0.12.20-v20-glass
2026-10-08T19:51:31.9712317Z ##[endgroup]
2026-10-08T19:51:32.0468071Z test_another_application_cannot_receive_the_swipe (__main__.NativeScrollBounds.test_another_application_cannot_receive_the_swipe) ... ok
2026-10-08T19:51:32.0470982Z test_invalid_empty_negative_and_disabled_viewports_are_rejected (__main__.NativeScrollBounds.test_invalid_empty_negative_and_disabled_viewports_are_rejected) ... ok
2026-10-08T19:51:32.0931131Z test_missing_target_on_a_fitted_page_fails_without_a_blind_swipe_or_tap (__main__.NativeScrollBounds.test_missing_target_on_a_fitted_page_fails_without_a_blind_swipe_or_tap) ... ok
2026-10-08T19:51:32.0935316Z test_observed_dock_clearance_keeps_the_physical_swipe_inside_the_viewport (__main__.NativeScrollBounds.test_observed_dock_clearance_keeps_the_physical_swipe_inside_the_viewport) ... ok
2026-10-08T19:51:32.0942420Z test_observed_settings_dock_clips_the_full_and_navigation_inset_viewports (__main__.NativeScrollBounds.test_observed_settings_dock_clips_the_full_and_navigation_inset_viewports) ... ok
2026-10-08T19:51:32.0943563Z test_reverse_swipe_stays_inside_an_offset_viewport (__main__.NativeScrollBounds.test_reverse_swipe_stays_inside_an_offset_viewport) ... ok
2026-10-08T19:51:32.1201882Z test_smoke_scrolls_about_above_the_actual_dock_before_physically_tapping (__main__.NativeScrollBounds.test_smoke_scrolls_about_above_the_actual_dock_before_physically_tapping) ... ok
2026-10-08T19:51:32.1203255Z test_target_edges_follow_the_actual_viewport_and_reverse_at_the_header (__main__.NativeScrollBounds.test_target_edges_follow_the_actual_viewport_and_reverse_at_the_header) ... ok
2026-10-08T19:51:32.1205968Z test_tools_clearance_and_child_pages_without_a_dock_keep_their_bounds (__main__.NativeScrollBounds.test_tools_clearance_and_child_pages_without_a_dock_keep_their_bounds) ... ok
2026-10-08T19:51:32.1207226Z test_two_independent_scrollviews_are_rejected (__main__.NativeScrollBounds.test_two_independent_scrollviews_are_rejected) ... ok
2026-10-08T19:51:32.1217586Z test_two_native_dock_groups_are_rejected (__main__.NativeScrollBounds.test_two_native_dock_groups_are_rejected) ... ok
2026-10-08T19:51:32.1440112Z test_unmoving_target_under_the_dock_exhausts_seven_attempts_without_tapping_home (__main__.NativeScrollBounds.test_unmoving_target_under_the_dock_exhausts_seven_attempts_without_tapping_home) ... ok
2026-10-08T19:51:32.1652282Z test_visible_target_on_a_fitted_page_receives_the_original_physical_tap (__main__.NativeScrollBounds.test_visible_target_on_a_fitted_page_receives_the_original_physical_tap) ... ok
2026-10-08T19:51:32.1653270Z 
2026-10-08T19:51:32.1658195Z ----------------------------------------------------------------------
2026-10-08T19:51:32.1658666Z Ran 13 tests in 0.119s
2026-10-08T19:51:32.1658912Z 
2026-10-08T19:51:32.1659080Z OK
2026-10-08T19:51:32.1843743Z ##[group]Run set -euo pipefail
2026-10-08T19:51:32.1844126Z [36;1mset -euo pipefail[0m
2026-10-08T19:51:32.1844750Z [36;1mpython3 .github/scripts/test_mock_webview_controller.py 2>&1 | tee out/verification/mock-controller-fixture-tests.txt[0m
2026-10-08T19:51:32.1845571Z [36;1mpython3 .github/scripts/test_panel_auth_smoke.py 2>&1 | tee out/verification/panel-auth-smoke-tests.txt[0m
2026-10-08T19:51:32.1890956Z shell: /usr/bin/bash -e {0}
2026-10-08T19:51:32.1891274Z env:
2026-10-08T19:51:32.1891567Z   HETU_TEST_KEYSTORE: /home/runner/.android/hetu-ui10-debug.jks
2026-10-08T19:51:32.1891925Z   HETU_EXPECTED_TESTS: 707
2026-10-08T19:51:32.1892175Z   HETU_EXPECTED_TEST_XML_FILES: 77
2026-10-08T19:51:32.1892434Z   HETU_EXPECTED_VERSION: 2093
2026-10-08T19:51:32.1892699Z   HETU_EXPECTED_VERSION_NAME: 0.12.20-v20-glass
2026-10-08T19:51:32.1892975Z ##[endgroup]
2026-10-08T19:51:34.2888803Z .....
2026-10-08T19:51:34.2889894Z ----------------------------------------------------------------------
2026-10-08T19:51:34.2890712Z Ran 5 tests in 2.018s
2026-10-08T19:51:34.2891007Z 
2026-10-08T19:51:34.2891184Z OK
2026-10-08T19:51:35.0853621Z ..............................
2026-10-08T19:51:35.0854147Z ----------------------------------------------------------------------
2026-10-08T19:51:35.0854523Z Ran 30 tests in 0.708s
2026-10-08T19:51:35.0854705Z 
2026-10-08T19:51:35.0854802Z OK
2026-10-08T19:51:35.1057998Z ##[group]Run set -euo pipefail
2026-10-08T19:51:35.1058447Z [36;1mset -euo pipefail[0m
2026-10-08T19:51:35.1059214Z [36;1mpython3 .github/scripts/test_native_webview_bounds.py 2>&1 | tee out/verification/native-webview-bounds-tests.txt[0m
2026-10-08T19:51:35.1122019Z shell: /usr/bin/bash -e {0}
2026-10-08T19:51:35.1122414Z env:
2026-10-08T19:51:35.1122813Z   HETU_TEST_KEYSTORE: /home/runner/.android/hetu-ui10-debug.jks
2026-10-08T19:51:35.1123351Z   HETU_EXPECTED_TESTS: 707
2026-10-08T19:51:35.1123730Z   HETU_EXPECTED_TEST_XML_FILES: 77
2026-10-08T19:51:35.1124138Z   HETU_EXPECTED_VERSION: 2093
2026-10-08T19:51:35.1124574Z   HETU_EXPECTED_VERSION_NAME: 0.12.20-v20-glass
2026-10-08T19:51:35.1125001Z ##[endgroup]
2026-10-08T19:51:35.1634913Z test_empty_surface_cannot_receive_a_tap (__main__.NativeWebViewBounds.test_empty_surface_cannot_receive_a_tap) ... ok
2026-10-08T19:51:35.1636595Z test_negative_bounds_are_not_silently_converted_to_positive (__main__.NativeWebViewBounds.test_negative_bounds_are_not_silently_converted_to_positive) ... ok
2026-10-08T19:51:35.1638709Z test_observed_nested_document_is_not_a_second_native_container (__main__.NativeWebViewBounds.test_observed_nested_document_is_not_a_second_native_container) ... ok
2026-10-08T19:51:35.1640685Z test_other_application_surface_cannot_be_selected (__main__.NativeWebViewBounds.test_other_application_surface_cannot_be_selected) ... ok
2026-10-08T19:51:35.1642678Z test_single_native_container_keeps_original_bounds (__main__.NativeWebViewBounds.test_single_native_container_keeps_original_bounds) ... ok
2026-10-08T19:51:35.1644199Z test_two_independent_containers_are_still_rejected (__main__.NativeWebViewBounds.test_two_independent_containers_are_still_rejected) ... ok
2026-10-08T19:51:35.1644966Z 
2026-10-08T19:51:35.1645306Z ----------------------------------------------------------------------
2026-10-08T19:51:35.1645815Z Ran 6 tests in 0.001s
2026-10-08T19:51:35.1646058Z 
2026-10-08T19:51:35.1646182Z OK
2026-10-08T19:51:35.1748760Z ##[group]Run node --check .github/scripts/check_hetu_webview.cjs
2026-10-08T19:51:35.1749443Z [36;1mnode --check .github/scripts/check_hetu_webview.cjs[0m
2026-10-08T19:51:35.1749991Z [36;1mnode .github/scripts/test_webui_concept.cjs[0m
2026-10-08T19:51:35.1795455Z shell: /usr/bin/bash -e {0}
2026-10-08T19:51:35.1795734Z env:
2026-10-08T19:51:35.1796015Z   HETU_TEST_KEYSTORE: /home/runner/.android/hetu-ui10-debug.jks
2026-10-08T19:51:35.1796362Z   HETU_EXPECTED_TESTS: 707
2026-10-08T19:51:35.1796606Z   HETU_EXPECTED_TEST_XML_FILES: 77
2026-10-08T19:51:35.1796860Z   HETU_EXPECTED_VERSION: 2093
2026-10-08T19:51:35.1797278Z   HETU_EXPECTED_VERSION_NAME: 0.12.20-v20-glass
2026-10-08T19:51:35.1797568Z ##[endgroup]
2026-10-08T19:51:35.2415709Z {
2026-10-08T19:51:35.2416143Z   "results": [
2026-10-08T19:51:35.2416489Z     {
2026-10-08T19:51:35.2417239Z       "name": "Overview generator renders four response-derived metrics and traffic",
2026-10-08T19:51:35.2418301Z       "result": "passed"
2026-10-08T19:51:35.2418634Z     },
2026-10-08T19:51:35.2418889Z     {
2026-10-08T19:51:35.2419367Z       "name": "Group names escape markup and use actual type/count/selection",
2026-10-08T19:51:35.2419863Z       "result": "passed"
2026-10-08T19:51:35.2420278Z     },
2026-10-08T19:51:35.2420547Z     {
2026-10-08T19:51:35.2421072Z       "name": "Dialog renderer escapes names, marks current radio, and cancellation sends no request",
2026-10-08T19:51:35.2421558Z       "result": "passed"
2026-10-08T19:51:35.2421780Z     },
2026-10-08T19:51:35.2421965Z     {
2026-10-08T19:51:35.2422357Z       "name": "Rejected PUT opens error notice and retains old selection; dismiss resets notice",
2026-10-08T19:51:35.2422760Z       "result": "passed"
2026-10-08T19:51:35.2422983Z     },
2026-10-08T19:51:35.2423265Z     {
2026-10-08T19:51:35.2423837Z       "name": "Successful authenticated PUT rereads controller and updates selected node",
2026-10-08T19:51:35.2424568Z       "result": "passed"
2026-10-08T19:51:35.2424945Z     },
2026-10-08T19:51:35.2425275Z     {
2026-10-08T19:51:35.2425810Z       "name": "Unconfirmed 204 cannot invent a successful selection",
2026-10-08T19:51:35.2426433Z       "result": "passed"
2026-10-08T19:51:35.2426814Z     },
2026-10-08T19:51:35.2427236Z     {
2026-10-08T19:51:35.2427709Z       "name": "Pending selection blocks repeated writes",
2026-10-08T19:51:35.2428261Z       "result": "passed"
2026-10-08T19:51:35.2428649Z     },
2026-10-08T19:51:35.2428974Z     {
2026-10-08T19:51:35.2429661Z       "name": "Connection generator preserves host/chain and separate directional counters",
2026-10-08T19:51:35.2430366Z       "result": "passed"
2026-10-08T19:51:35.2430673Z     },
2026-10-08T19:51:35.2430968Z     {
2026-10-08T19:51:35.2431591Z       "name": "Disconnected refresh and tab changes cannot fabricate zero metrics or stale connected state",
2026-10-08T19:51:35.2432304Z       "result": "passed"
2026-10-08T19:51:35.2432603Z     },
2026-10-08T19:51:35.2432882Z     {
2026-10-08T19:51:35.2433277Z       "name": "A successful retry restores real cached data",
2026-10-08T19:51:35.2433663Z       "result": "passed"
2026-10-08T19:51:35.2433939Z     },
2026-10-08T19:51:35.2434122Z     {
2026-10-08T19:51:35.2434465Z       "name": "Missing and invalid traffic remain unknown while actual zero stays zero",
2026-10-08T19:51:35.2434835Z       "result": "passed"
2026-10-08T19:51:35.2435216Z     },
2026-10-08T19:51:35.2435443Z     {
2026-10-08T19:51:35.2435851Z       "name": "Every API call retains bearer secret and only existing loopback relative endpoints are used",
2026-10-08T19:51:35.2436274Z       "result": "passed"
2026-10-08T19:51:35.2436504Z     },
2026-10-08T19:51:35.2436688Z     {
2026-10-08T19:51:35.2436999Z       "name": "Background polling is paused when the document is hidden",
2026-10-08T19:51:35.2437790Z       "result": "passed"
2026-10-08T19:51:35.2438021Z     }
2026-10-08T19:51:35.2438216Z   ],
2026-10-08T19:51:35.2438424Z   "passed": 13,
2026-10-08T19:51:35.2438650Z   "putCount": 3,
2026-10-08T19:51:35.2439119Z   "requestCount": 18,
2026-10-08T19:51:35.2439356Z   "fixtureOnly": true,
2026-10-08T19:51:35.2439732Z   "testKind": "Isolated Node VM with minimal DOM and intercepted API fixture",
2026-10-08T19:51:35.2440603Z   "limitations": "Logic/generator checks only. Chromium launch blocked by environment socket restriction; no rendered browser screenshots and no Android WebView/Mihomo device validation."
2026-10-08T19:51:35.2441253Z }
2026-10-08T19:51:35.2482521Z ##[group]Run set -euo pipefail
2026-10-08T19:51:35.2482854Z [36;1mset -euo pipefail[0m
2026-10-08T19:51:35.2483332Z [36;1mnpm install --prefix "$RUNNER_TEMP/hetu-browser-qa" --ignore-scripts --no-audit --no-fund playwright@1.62.1[0m
2026-10-08T19:51:35.2483965Z [36;1m"$RUNNER_TEMP/hetu-browser-qa/node_modules/.bin/playwright" install --with-deps chromium[0m
2026-10-08T19:51:35.2484554Z [36;1mNODE_PATH="$RUNNER_TEMP/hetu-browser-qa/node_modules" node .github/scripts/test_webui_browser.cjs[0m
2026-10-08T19:51:35.2526296Z shell: /usr/bin/bash -e {0}
2026-10-08T19:51:35.2526569Z env:
2026-10-08T19:51:35.2526856Z   HETU_TEST_KEYSTORE: /home/runner/.android/hetu-ui10-debug.jks
2026-10-08T19:51:35.2527380Z   HETU_EXPECTED_TESTS: 707
2026-10-08T19:51:35.2527632Z   HETU_EXPECTED_TEST_XML_FILES: 77
2026-10-08T19:51:35.2527897Z   HETU_EXPECTED_VERSION: 2093
2026-10-08T19:51:35.2528173Z   HETU_EXPECTED_VERSION_NAME: 0.12.20-v20-glass
2026-10-08T19:51:35.2528444Z ##[endgroup]
2026-10-08T19:51:38.1431873Z 
2026-10-08T19:51:38.1432397Z added 2 packages in 3s
2026-10-08T19:51:38.6763693Z Installing dependencies...
2026-10-08T19:51:38.6887935Z Switching to root user to install dependencies...
2026-10-08T19:51:38.8212658Z Get:1 file:/etc/apt/apt-mirrors.txt Mirrorlist [144 B]
2026-10-08T19:51:38.8509144Z Get:6 https://packages.microsoft.com/ubuntu/24.04/prod noble InRelease [3600 B]
2026-10-08T19:51:38.8733197Z Hit:2 http://azure.archive.ubuntu.com/ubuntu noble InRelease
2026-10-08T19:51:38.8755628Z Get:3 http://azure.archive.ubuntu.com/ubuntu noble-updates InRelease [126 kB]
2026-10-08T19:51:38.8834766Z Get:4 http://azure.archive.ubuntu.com/ubuntu noble-backports InRelease [126 kB]
2026-10-08T19:51:38.8896192Z Get:5 http://azure.archive.ubuntu.com/ubuntu noble-security InRelease [126 kB]
2026-10-08T19:51:38.9942615Z Get:7 https://packages.microsoft.com/ubuntu/24.04/prod noble/main all Packages [640 B]
2026-10-08T19:51:39.0149591Z Get:8 https://packages.microsoft.com/ubuntu/24.04/prod noble/main armhf Packages [12.3 kB]
2026-10-08T19:51:39.0179303Z Get:9 https://packages.microsoft.com/ubuntu/24.04/prod noble/main amd64 Packages [531 kB]
2026-10-08T19:51:39.0288974Z Get:10 https://packages.microsoft.com/ubuntu/24.04/prod noble/main arm64 Packages [474 kB]
2026-10-08T19:51:39.1042916Z Get:11 http://azure.archive.ubuntu.com/ubuntu noble-updates/main amd64 Packages [1375 kB]
2026-10-08T19:51:39.1116976Z Get:12 http://azure.archive.ubuntu.com/ubuntu noble-updates/main Translation-en [306 kB]
2026-10-08T19:51:39.1144245Z Get:13 http://azure.archive.ubuntu.com/ubuntu noble-updates/universe amd64 Packages [1702 kB]
2026-10-08T19:51:39.1264907Z Get:14 http://azure.archive.ubuntu.com/ubuntu noble-updates/universe Translation-en [342 kB]
2026-10-08T19:51:39.1266181Z Get:15 http://azure.archive.ubuntu.com/ubuntu noble-updates/restricted amd64 Packages [1761 kB]
2026-10-08T19:51:39.1371330Z Get:16 http://azure.archive.ubuntu.com/ubuntu noble-updates/restricted Translation-en [401 kB]
2026-10-08T19:51:39.1395488Z Get:17 http://azure.archive.ubuntu.com/ubuntu noble-updates/multiverse amd64 Packages [55.0 kB]
2026-10-08T19:51:39.1403916Z Get:18 http://azure.archive.ubuntu.com/ubuntu noble-updates/multiverse Translation-en [14.3 kB]
2026-10-08T19:51:39.1944126Z Get:19 http://azure.archive.ubuntu.com/ubuntu noble-security/main amd64 Packages [1115 kB]
2026-10-08T19:51:39.2003311Z Get:20 http://azure.archive.ubuntu.com/ubuntu noble-security/main Translation-en [227 kB]
2026-10-08T19:51:39.2472257Z Get:21 http://azure.archive.ubuntu.com/ubuntu noble-security/universe amd64 Packages [1218 kB]
2026-10-08T19:51:39.2531015Z Get:22 http://azure.archive.ubuntu.com/ubuntu noble-security/universe Translation-en [245 kB]
2026-10-08T19:51:39.2547516Z Get:23 http://azure.archive.ubuntu.com/ubuntu noble-security/restricted amd64 Packages [1632 kB]
2026-10-08T19:51:39.2625809Z Get:24 http://azure.archive.ubuntu.com/ubuntu noble-security/restricted Translation-en [376 kB]
2026-10-08T19:51:39.2648659Z Get:25 http://azure.archive.ubuntu.com/ubuntu noble-security/multiverse Translation-en [11.6 kB]
2026-10-08T19:51:46.8042996Z Fetched 12.2 MB in 1s (8652 kB/s)
2026-10-08T19:51:47.6976840Z Reading package lists...
2026-10-08T19:51:47.7270392Z Reading package lists...
2026-10-08T19:51:47.9129130Z Building dependency tree...
2026-10-08T19:51:47.9135049Z Reading state information...
2026-10-08T19:51:48.0806576Z libasound2t64 is already the newest version (1.2.11-1ubuntu0.3).
2026-10-08T19:51:48.0807675Z libasound2t64 set to manually installed.
2026-10-08T19:51:48.0808619Z libatk-bridge2.0-0t64 is already the newest version (2.52.0-1build1).
2026-10-08T19:51:48.0809057Z libatk-bridge2.0-0t64 set to manually installed.
2026-10-08T19:51:48.0809479Z libatk1.0-0t64 is already the newest version (2.52.0-1build1).
2026-10-08T19:51:48.0809860Z libatk1.0-0t64 set to manually installed.
2026-10-08T19:51:48.0810258Z libatspi2.0-0t64 is already the newest version (2.52.0-1build1).
2026-10-08T19:51:48.0810648Z libatspi2.0-0t64 set to manually installed.
2026-10-08T19:51:48.0811047Z libcairo2 is already the newest version (1.18.0-3build1).
2026-10-08T19:51:48.0811412Z libcairo2 set to manually installed.
2026-10-08T19:51:48.0811979Z libcups2t64 is already the newest version (2.4.7-1.2ubuntu7.14).
2026-10-08T19:51:48.0812552Z libcups2t64 set to manually installed.
2026-10-08T19:51:48.0813141Z libdbus-1-3 is already the newest version (1.14.10-4ubuntu4.1).
2026-10-08T19:51:48.0813707Z libdbus-1-3 set to manually installed.
2026-10-08T19:51:48.0814310Z libdrm2 is already the newest version (2.4.125-1ubuntu0.1~24.04.2).
2026-10-08T19:51:48.0814796Z libdrm2 set to manually installed.
2026-10-08T19:51:48.0815179Z libgbm1 is already the newest version (25.2.8-0ubuntu0.24.04.4).
2026-10-08T19:51:48.0815541Z libgbm1 set to manually installed.
2026-10-08T19:51:48.0815925Z libglib2.0-0t64 is already the newest version (2.80.0-6ubuntu3.9).
2026-10-08T19:51:48.0816310Z libglib2.0-0t64 set to manually installed.
2026-10-08T19:51:48.0816705Z libnspr4 is already the newest version (2:4.35-1.1build1).
2026-10-08T19:51:48.0817172Z libnspr4 set to manually installed.
2026-10-08T19:51:48.0817554Z libnss3 is already the newest version (2:3.98-1ubuntu0.2).
2026-10-08T19:51:48.0817908Z libnss3 set to manually installed.
2026-10-08T19:51:48.0818290Z libpango-1.0-0 is already the newest version (1.52.1+ds-1build1).
2026-10-08T19:51:48.0818677Z libpango-1.0-0 set to manually installed.
2026-10-08T19:51:48.0819053Z libx11-6 is already the newest version (2:1.8.7-1build1).
2026-10-08T19:51:48.0819410Z libx11-6 set to manually installed.
2026-10-08T19:51:48.0819760Z libxcb1 is already the newest version (1.15-1ubuntu2).
2026-10-08T19:51:48.0820098Z libxcb1 set to manually installed.
2026-10-08T19:51:48.0820474Z libxcomposite1 is already the newest version (1:0.4.5-1build3).
2026-10-08T19:51:48.0820849Z libxcomposite1 set to manually installed.
2026-10-08T19:51:48.0821234Z libxdamage1 is already the newest version (1:1.1.6-1build1).
2026-10-08T19:51:48.0821606Z libxdamage1 set to manually installed.
2026-10-08T19:51:48.0821965Z libxext6 is already the newest version (2:1.3.4-1build2).
2026-10-08T19:51:48.0822307Z libxext6 set to manually installed.
2026-10-08T19:51:48.0822662Z libxfixes3 is already the newest version (1:6.0.0-2build1).
2026-10-08T19:51:48.0823021Z libxfixes3 set to manually installed.
2026-10-08T19:51:48.0823395Z libxkbcommon0 is already the newest version (1.6.0-1build1).
2026-10-08T19:51:48.0823778Z libxkbcommon0 set to manually installed.
2026-10-08T19:51:48.0824152Z libxrandr2 is already the newest version (2:1.5.2-2build1).
2026-10-08T19:51:48.0824512Z libxrandr2 set to manually installed.
2026-10-08T19:51:48.0824878Z xvfb is already the newest version (2:21.1.12-1ubuntu1.8).
2026-10-08T19:51:48.0825366Z fonts-noto-color-emoji is already the newest version (2.047-0ubuntu0.24.04.1).
2026-10-08T19:51:48.0825887Z libfontconfig1 is already the newest version (2.15.0-1.1ubuntu2).
2026-10-08T19:51:48.0826266Z libfontconfig1 set to manually installed.
2026-10-08T19:51:48.0826857Z fonts-liberation is already the newest version (1:2.1.5-3).
2026-10-08T19:51:48.0827367Z fonts-liberation set to manually installed.
2026-10-08T19:51:48.0827760Z The following additional packages will be installed:
2026-10-08T19:51:48.0828105Z   xfonts-encodings xfonts-utils
2026-10-08T19:51:48.0828392Z Recommended packages:
2026-10-08T19:51:48.0828681Z   fonts-ipafont-mincho fonts-tlwg-loma
2026-10-08T19:51:48.1180194Z The following NEW packages will be installed:
2026-10-08T19:51:48.1180959Z   fonts-freefont-ttf fonts-ipafont-gothic fonts-tlwg-loma-otf fonts-unifont
2026-10-08T19:51:48.1187296Z   fonts-wqy-zenhei xfonts-cyrillic xfonts-encodings xfonts-scalable
2026-10-08T19:51:48.1187831Z   xfonts-utils
2026-10-08T19:51:48.1191824Z The following packages will be upgraded:
2026-10-08T19:51:48.1198472Z   libfreetype6
2026-10-08T19:51:48.1362212Z 1 upgraded, 9 newly installed, 0 to remove and 22 not upgraded.
2026-10-08T19:51:48.1362640Z Need to get 21.5 MB of archives.
2026-10-08T19:51:48.1363057Z After this operation, 79.5 MB of additional disk space will be used.
2026-10-08T19:51:48.1363511Z Get:1 file:/etc/apt/apt-mirrors.txt Mirrorlist [144 B]
2026-10-08T19:51:48.1941779Z Get:2 http://azure.archive.ubuntu.com/ubuntu noble/universe amd64 fonts-ipafont-gothic all 00303-21ubuntu1 [3513 kB]
2026-10-08T19:51:48.2699964Z Get:3 http://azure.archive.ubuntu.com/ubuntu noble/main amd64 fonts-freefont-ttf all 20211204+svn4273-2 [5641 kB]
2026-10-08T19:51:48.3793878Z Get:4 http://azure.archive.ubuntu.com/ubuntu noble/universe amd64 fonts-tlwg-loma-otf all 1:0.7.3-1 [107 kB]
2026-10-08T19:51:48.4114190Z Get:5 http://azure.archive.ubuntu.com/ubuntu noble/universe amd64 fonts-unifont all 1:15.1.01-1build1 [2993 kB]
2026-10-08T19:51:48.5456224Z Get:6 http://azure.archive.ubuntu.com/ubuntu noble/universe amd64 fonts-wqy-zenhei all 0.9.45-8 [7472 kB]
2026-10-08T19:51:48.6570731Z Get:7 http://azure.archive.ubuntu.com/ubuntu noble-updates/main amd64 libfreetype6 amd64 2.13.2+dfsg-1ubuntu0.2 [403 kB]
2026-10-08T19:51:48.7208251Z Get:8 http://azure.archive.ubuntu.com/ubuntu noble/main amd64 xfonts-encodings all 1:1.0.5-0ubuntu2 [578 kB]
2026-10-08T19:51:48.7808317Z Get:9 http://azure.archive.ubuntu.com/ubuntu noble/main amd64 xfonts-utils amd64 1:7.7+6build3 [94.4 kB]
2026-10-08T19:51:48.8184050Z Get:10 http://azure.archive.ubuntu.com/ubuntu noble/universe amd64 xfonts-cyrillic all 1:1.0.5+nmu1 [384 kB]
2026-10-08T19:51:48.8555688Z Get:11 http://azure.archive.ubuntu.com/ubuntu noble/main amd64 xfonts-scalable all 1:1.0.3-1.3 [304 kB]
2026-10-08T19:51:49.1252502Z Fetched 21.5 MB in 1s (29.4 MB/s)
2026-10-08T19:51:49.1644345Z Selecting previously unselected package fonts-ipafont-gothic.
2026-10-08T19:51:49.2143400Z (Reading database ... 
2026-10-08T19:51:49.2144033Z (Reading database ... 5%
2026-10-08T19:51:49.2144525Z (Reading database ... 10%
2026-10-08T19:51:49.2145152Z (Reading database ... 15%
2026-10-08T19:51:49.2145475Z (Reading database ... 20%
2026-10-08T19:51:49.2145726Z (Reading database ... 25%
2026-10-08T19:51:49.2146004Z (Reading database ... 30%
2026-10-08T19:51:49.2146241Z (Reading database ... 35%
2026-10-08T19:51:49.2146475Z (Reading database ... 40%
2026-10-08T19:51:49.2146714Z (Reading database ... 45%
2026-10-08T19:51:49.2146952Z (Reading database ... 50%
2026-10-08T19:51:49.2539240Z (Reading database ... 55%
2026-10-08T19:51:49.6352237Z (Reading database ... 60%
2026-10-08T19:51:49.9156957Z (Reading database ... 65%
2026-10-08T19:51:50.2079775Z (Reading database ... 70%
2026-10-08T19:51:50.5613600Z (Reading database ... 75%
2026-10-08T19:51:50.9395526Z (Reading database ... 80%
2026-10-08T19:51:51.6115908Z (Reading database ... 85%
2026-10-08T19:51:52.2618994Z (Reading database ... 90%
2026-10-08T19:51:52.9263535Z (Reading database ... 95%
2026-10-08T19:51:52.9264004Z (Reading database ... 100%
2026-10-08T19:51:52.9264438Z (Reading database ... 203191 files and directories currently installed.)
2026-10-08T19:51:52.9308582Z Preparing to unpack .../0-fonts-ipafont-gothic_00303-21ubuntu1_all.deb ...
2026-10-08T19:51:52.9391985Z Unpacking fonts-ipafont-gothic (00303-21ubuntu1) ...
2026-10-08T19:51:53.2105882Z Selecting previously unselected package fonts-freefont-ttf.
2026-10-08T19:51:53.2232562Z Preparing to unpack .../1-fonts-freefont-ttf_20211204+svn4273-2_all.deb ...
2026-10-08T19:51:53.2244339Z Unpacking fonts-freefont-ttf (20211204+svn4273-2) ...
2026-10-08T19:51:53.3112178Z Selecting previously unselected package fonts-tlwg-loma-otf.
2026-10-08T19:51:53.3238254Z Preparing to unpack .../2-fonts-tlwg-loma-otf_1%3a0.7.3-1_all.deb ...
2026-10-08T19:51:53.3250665Z Unpacking fonts-tlwg-loma-otf (1:0.7.3-1) ...
2026-10-08T19:51:53.3476077Z Selecting previously unselected package fonts-unifont.
2026-10-08T19:51:53.3599651Z Preparing to unpack .../3-fonts-unifont_1%3a15.1.01-1build1_all.deb ...
2026-10-08T19:51:53.3610392Z Unpacking fonts-unifont (1:15.1.01-1build1) ...
2026-10-08T19:51:53.5226052Z Selecting previously unselected package fonts-wqy-zenhei.
2026-10-08T19:51:53.5349173Z Preparing to unpack .../4-fonts-wqy-zenhei_0.9.45-8_all.deb ...
2026-10-08T19:51:53.5436763Z Unpacking fonts-wqy-zenhei (0.9.45-8) ...
2026-10-08T19:51:54.1150437Z Preparing to unpack .../5-libfreetype6_2.13.2+dfsg-1ubuntu0.2_amd64.deb ...
2026-10-08T19:51:54.1183551Z Unpacking libfreetype6:amd64 (2.13.2+dfsg-1ubuntu0.2) over (2.13.2+dfsg-1ubuntu0.1) ...
2026-10-08T19:51:54.1413201Z Selecting previously unselected package xfonts-encodings.
2026-10-08T19:51:54.1539941Z Preparing to unpack .../6-xfonts-encodings_1%3a1.0.5-0ubuntu2_all.deb ...
2026-10-08T19:51:54.1550839Z Unpacking xfonts-encodings (1:1.0.5-0ubuntu2) ...
2026-10-08T19:51:54.1771197Z Selecting previously unselected package xfonts-utils.
2026-10-08T19:51:54.1896409Z Preparing to unpack .../7-xfonts-utils_1%3a7.7+6build3_amd64.deb ...
2026-10-08T19:51:54.1908038Z Unpacking xfonts-utils (1:7.7+6build3) ...
2026-10-08T19:51:54.2608868Z Selecting previously unselected package xfonts-cyrillic.
2026-10-08T19:51:54.2732802Z Preparing to unpack .../8-xfonts-cyrillic_1%3a1.0.5+nmu1_all.deb ...
2026-10-08T19:51:54.2743826Z Unpacking xfonts-cyrillic (1:1.0.5+nmu1) ...
2026-10-08T19:51:54.2995985Z Selecting previously unselected package xfonts-scalable.
2026-10-08T19:51:54.3119717Z Preparing to unpack .../9-xfonts-scalable_1%3a1.0.3-1.3_all.deb ...
2026-10-08T19:51:54.3127893Z Unpacking xfonts-scalable (1:1.0.3-1.3) ...
2026-10-08T19:51:54.3524900Z Setting up fonts-wqy-zenhei (0.9.45-8) ...
2026-10-08T19:51:54.3635236Z Setting up fonts-freefont-ttf (20211204+svn4273-2) ...
2026-10-08T19:51:54.3655307Z Setting up fonts-tlwg-loma-otf (1:0.7.3-1) ...
2026-10-08T19:51:54.3673194Z Setting up libfreetype6:amd64 (2.13.2+dfsg-1ubuntu0.2) ...
2026-10-08T19:51:54.3693398Z Setting up xfonts-encodings (1:1.0.5-0ubuntu2) ...
2026-10-08T19:51:54.3712249Z Setting up fonts-ipafont-gothic (00303-21ubuntu1) ...
2026-10-08T19:51:54.3773317Z update-alternatives: using /usr/share/fonts/opentype/ipafont-gothic/ipag.ttf to provide /usr/share/fonts/truetype/fonts-japanese-gothic.ttf (fonts-japanese-gothic.ttf) in auto mode
2026-10-08T19:51:54.3788169Z Setting up fonts-unifont (1:15.1.01-1build1) ...
2026-10-08T19:51:54.3807658Z Setting up xfonts-utils (1:7.7+6build3) ...
2026-10-08T19:51:54.3845937Z Setting up xfonts-cyrillic (1:1.0.5+nmu1) ...
2026-10-08T19:51:54.4156686Z Setting up xfonts-scalable (1:1.0.3-1.3) ...
2026-10-08T19:51:54.4446452Z Processing triggers for libc-bin (2.39-0ubuntu8.9) ...
2026-10-08T19:51:54.5015593Z Processing triggers for man-db (2.12.0-4build2) ...
2026-10-08T19:51:54.5038384Z Not building database; man-db/auto-update is not 'true'.
2026-10-08T19:51:54.5052809Z Processing triggers for fontconfig (2.15.0-1.1ubuntu2) ...
2026-10-08T19:51:55.8261908Z 
2026-10-08T19:51:55.8262698Z Running kernel seems to be up-to-date.
2026-10-08T19:51:55.8263045Z 
2026-10-08T19:51:55.8263176Z Restarting services...
2026-10-08T19:51:55.8333079Z  systemctl restart php8.3-fpm.service
2026-10-08T19:51:55.9260913Z 
2026-10-08T19:51:55.9266505Z No containers need to be restarted.
2026-10-08T19:51:55.9266778Z 
2026-10-08T19:51:55.9267465Z No user sessions are running outdated binaries.
2026-10-08T19:51:55.9267692Z 
2026-10-08T19:51:56.7983680Z No VM guests are running outdated hypervisor (qemu) binaries on this host.
2026-10-08T19:51:56.7985051Z Downloading Chrome for Testing 151.0.7922.34 (playwright chromium v1234) from https://cdn.playwright.dev/builds/cft/151.0.7922.34/linux64/chrome-linux64.zip
2026-10-08T19:51:57.8797268Z |                                                                                |   0% of 184.3 MiB
2026-10-08T19:51:58.2694525Z |■■■■■■■■                                                                        |  10% of 184.3 MiB
2026-10-08T19:51:58.4384853Z |■■■■■■■■■■■■■■■■                                                                |  20% of 184.3 MiB
2026-10-08T19:51:58.6431316Z |■■■■■■■■■■■■■■■■■■■■■■■■                                                        |  30% of 184.3 MiB
2026-10-08T19:51:58.7519382Z |■■■■■■■■■■■■■■■■■■■■■■■■■■■■■■■■                                                |  40% of 184.3 MiB
2026-10-08T19:51:58.8471420Z |■■■■■■■■■■■■■■■■■■■■■■■■■■■■■■■■■■■■■■■■                                        |  50% of 184.3 MiB
2026-10-08T19:51:58.9506196Z |■■■■■■■■■■■■■■■■■■■■■■■■■■■■■■■■■■■■■■■■■■■■■■■■                                |  60% of 184.3 MiB
2026-10-08T19:51:59.0311599Z |■■■■■■■■■■■■■■■■■■■■■■■■■■■■■■■■■■■■■■■■■■■■■■■■■■■■■■■■                        |  70% of 184.3 MiB
2026-10-08T19:51:59.1888951Z |■■■■■■■■■■■■■■■■■■■■■■■■■■■■■■■■■■■■■■■■■■■■■■■■■■■■■■■■■■■■■■■■                |  80% of 184.3 MiB
2026-10-08T19:51:59.2643440Z |■■■■■■■■■■■■■■■■■■■■■■■■■■■■■■■■■■■■■■■■■■■■■■■■■■■■■■■■■■■■■■■■■■■■■■■■        |  90% of 184.3 MiB
2026-10-08T19:51:59.3917961Z |■■■■■■■■■■■■■■■■■■■■■■■■■■■■■■■■■■■■■■■■■■■■■■■■■■■■■■■■■■■■■■■■■■■■■■■■■■■■■■■■| 100% of 184.3 MiB
2026-10-08T19:52:02.6565439Z Chrome for Testing 151.0.7922.34 (playwright chromium v1234) downloaded to /home/runner/.cache/ms-playwright/chromium-1234
2026-10-08T19:52:02.6568523Z Downloading FFmpeg (playwright ffmpeg v1011) from https://cdn.playwright.dev/dbazure/download/playwright/builds/ffmpeg/1011/ffmpeg-linux.zip
2026-10-08T19:52:03.6939050Z |                                                                                |   0% of 2.3 MiB
2026-10-08T19:52:03.7418301Z |■■■■■■■■                                                                        |  10% of 2.3 MiB
2026-10-08T19:52:03.7686963Z |■■■■■■■■■■■■■■■■                                                                |  20% of 2.3 MiB
2026-10-08T19:52:03.7894712Z |■■■■■■■■■■■■■■■■■■■■■■■■                                                        |  30% of 2.3 MiB
2026-10-08T19:52:03.8074281Z |■■■■■■■■■■■■■■■■■■■■■■■■■■■■■■■■                                                |  40% of 2.3 MiB
2026-10-08T19:52:03.8265194Z |■■■■■■■■■■■■■■■■■■■■■■■■■■■■■■■■■■■■■■■■                                        |  50% of 2.3 MiB
2026-10-08T19:52:03.8433165Z |■■■■■■■■■■■■■■■■■■■■■■■■■■■■■■■■■■■■■■■■■■■■■■■■                                |  60% of 2.3 MiB
2026-10-08T19:52:03.8481008Z |■■■■■■■■■■■■■■■■■■■■■■■■■■■■■■■■■■■■■■■■■■■■■■■■■■■■■■■■                        |  70% of 2.3 MiB
2026-10-08T19:52:03.8528104Z |■■■■■■■■■■■■■■■■■■■■■■■■■■■■■■■■■■■■■■■■■■■■■■■■■■■■■■■■■■■■■■■■                |  80% of 2.3 MiB
2026-10-08T19:52:03.8644911Z |■■■■■■■■■■■■■■■■■■■■■■■■■■■■■■■■■■■■■■■■■■■■■■■■■■■■■■■■■■■■■■■■■■■■■■■■        |  90% of 2.3 MiB
2026-10-08T19:52:03.8694351Z |■■■■■■■■■■■■■■■■■■■■■■■■■■■■■■■■■■■■■■■■■■■■■■■■■■■■■■■■■■■■■■■■■■■■■■■■■■■■■■■■| 100% of 2.3 MiB
2026-10-08T19:52:03.9283280Z FFmpeg (playwright ffmpeg v1011) downloaded to /home/runner/.cache/ms-playwright/ffmpeg-1011
2026-10-08T19:52:03.9285536Z Downloading Chrome Headless Shell 151.0.7922.34 (playwright chromium-headless-shell v1234) from https://cdn.playwright.dev/builds/cft/151.0.7922.34/linux64/chrome-headless-shell-linux64.zip
2026-10-08T19:52:04.9662803Z |                                                                                |   0% of 114.7 MiB
2026-10-08T19:52:05.2160046Z |■■■■■■■■                                                                        |  10% of 114.7 MiB
2026-10-08T19:52:05.2910531Z |■■■■■■■■■■■■■■■■                                                                |  20% of 114.7 MiB
2026-10-08T19:52:05.3149809Z |■■■■■■■■■■■■■■■■■■■■■■■■                                                        |  30% of 114.7 MiB
2026-10-08T19:52:05.3594933Z |■■■■■■■■■■■■■■■■■■■■■■■■■■■■■■■■                                                |  40% of 114.7 MiB
2026-10-08T19:52:05.4169350Z |■■■■■■■■■■■■■■■■■■■■■■■■■■■■■■■■■■■■■■■■                                        |  50% of 114.7 MiB
2026-10-08T19:52:05.4436249Z |■■■■■■■■■■■■■■■■■■■■■■■■■■■■■■■■■■■■■■■■■■■■■■■■                                |  60% of 114.7 MiB
2026-10-08T19:52:05.4685850Z |■■■■■■■■■■■■■■■■■■■■■■■■■■■■■■■■■■■■■■■■■■■■■■■■■■■■■■■■                        |  70% of 114.7 MiB
2026-10-08T19:52:05.5119066Z |■■■■■■■■■■■■■■■■■■■■■■■■■■■■■■■■■■■■■■■■■■■■■■■■■■■■■■■■■■■■■■■■                |  80% of 114.7 MiB
2026-10-08T19:52:05.5388917Z |■■■■■■■■■■■■■■■■■■■■■■■■■■■■■■■■■■■■■■■■■■■■■■■■■■■■■■■■■■■■■■■■■■■■■■■■        |  90% of 114.7 MiB
2026-10-08T19:52:05.5732361Z |■■■■■■■■■■■■■■■■■■■■■■■■■■■■■■■■■■■■■■■■■■■■■■■■■■■■■■■■■■■■■■■■■■■■■■■■■■■■■■■■| 100% of 114.7 MiB
2026-10-08T19:52:07.8745008Z Chrome Headless Shell 151.0.7922.34 (playwright chromium-headless-shell v1234) downloaded to /home/runner/.cache/ms-playwright/chromium_headless_shell-1234
2026-10-08T19:52:10.8510247Z {
2026-10-08T19:52:10.8510676Z   "results": [
2026-10-08T19:52:10.8511021Z     {
2026-10-08T19:52:10.8511622Z       "name": "Overview displays four actual-response metrics and formatted counters",
2026-10-08T19:52:10.8512317Z       "result": "passed"
2026-10-08T19:52:10.8512642Z     },
2026-10-08T19:52:10.8512902Z     {
2026-10-08T19:52:10.8513412Z       "name": "Groups and labels are escaped and retain actual count/type/current node",
2026-10-08T19:52:10.8514000Z       "result": "passed"
2026-10-08T19:52:10.8514316Z     },
2026-10-08T19:52:10.8514586Z     {
2026-10-08T19:52:10.8515322Z       "name": "Cancel dismisses node dialog without mutation",
2026-10-08T19:52:10.8515797Z       "result": "passed"
2026-10-08T19:52:10.8516337Z     },
2026-10-08T19:52:10.8516609Z     {
2026-10-08T19:52:10.8517283Z       "name": "Rejected PUT shows the 503 notice and retains previous selection",
2026-10-08T19:52:10.8517796Z       "result": "passed"
2026-10-08T19:52:10.8518126Z     },
2026-10-08T19:52:10.8518379Z     {
2026-10-08T19:52:10.8519007Z       "name": "Successful authenticated PUT is followed by controller reread before current-node update",
2026-10-08T19:52:10.8519952Z       "result": "passed"
2026-10-08T19:52:10.8520289Z     },
2026-10-08T19:52:10.8520529Z     {
2026-10-08T19:52:10.8521017Z       "name": "Unconfirmed 204 response cannot falsely change the selected node",
2026-10-08T19:52:10.8521428Z       "result": "passed"
2026-10-08T19:52:10.8521650Z     },
2026-10-08T19:52:10.8521845Z     {
2026-10-08T19:52:10.8522210Z       "name": "Connections show host, chain, separate upload and download from response",
2026-10-08T19:52:10.8522614Z       "result": "passed"
2026-10-08T19:52:10.8522830Z     },
2026-10-08T19:52:10.8523010Z     {
2026-10-08T19:52:10.8523450Z       "name": "Failed controller refresh and tab switch cannot display fake zero metrics or stale connected status",
2026-10-08T19:52:10.8523987Z       "result": "passed"
2026-10-08T19:52:10.8524262Z     },
2026-10-08T19:52:10.8524541Z     {
2026-10-08T19:52:10.8524864Z       "name": "Retry restores connected metrics from successful response",
2026-10-08T19:52:10.8525339Z       "result": "passed"
2026-10-08T19:52:10.8525770Z     },
2026-10-08T19:52:10.8525967Z     {
2026-10-08T19:52:10.8526503Z       "name": "No JavaScript errors and bearer authentication retained on every API request",
2026-10-08T19:52:10.8527264Z       "result": "passed"
2026-10-08T19:52:10.8527572Z     },
2026-10-08T19:52:10.8527800Z     {
2026-10-08T19:52:10.8528227Z       "name": "Built-in dashboard script has no external request endpoint",
2026-10-08T19:52:10.8528776Z       "result": "passed"
2026-10-08T19:52:10.8529115Z     },
2026-10-08T19:52:10.8529336Z     {
2026-10-08T19:52:10.8530099Z       "name": "Five reference-shaped browser content states rendered from explicit isolated fixtures",
2026-10-08T19:52:10.8530535Z       "result": "passed"
2026-10-08T19:52:10.8530748Z     }
2026-10-08T19:52:10.8531016Z   ],
2026-10-08T19:52:10.8531271Z   "passed": 12,
2026-10-08T19:52:10.8531487Z   "putCount": 4,
2026-10-08T19:52:10.8531703Z   "requestCount": 23,
2026-10-08T19:52:10.8531930Z   "browser": "Chromium",
2026-10-08T19:52:10.8532270Z   "viewport": "393 x 789 CSS pixels; HTML content only, no OS bars",
2026-10-08T19:52:10.8532608Z   "fixtureOnly": true,
2026-10-08T19:52:10.8532832Z   "referenceImages": [
2026-10-08T19:52:10.8533099Z     "reference-03B-040-overview.png",
2026-10-08T19:52:10.8533437Z     "reference-03B-041-groups.png",
2026-10-08T19:52:10.8533985Z     "reference-03B-042-connections.png",
2026-10-08T19:52:10.8534403Z     "reference-03B-043-node-dialog.png",
2026-10-08T19:52:10.8534872Z     "reference-03B-044-switch-failure.png"
2026-10-08T19:52:10.8535351Z   ],
2026-10-08T19:52:10.8536195Z   "limitations": "Controlled browser/API fixtures, not Android WebView or a running Mihomo core; populated counts/names are test data, not exact reference data."
2026-10-08T19:52:10.8536995Z }
2026-10-08T19:52:10.8977940Z ##[group]Run actions/setup-java@v4
2026-10-08T19:52:10.8978234Z with:
2026-10-08T19:52:10.8978452Z   distribution: temurin
2026-10-08T19:52:10.8978694Z   java-version: 21
2026-10-08T19:52:10.8978927Z   java-package: jdk
2026-10-08T19:52:10.8979175Z   check-latest: false
2026-10-08T19:52:10.8979395Z   server-id: github
2026-10-08T19:52:10.8979624Z   server-username: GITHUB_ACTOR
2026-10-08T19:52:10.8979890Z   server-password: GITHUB_TOKEN
2026-10-08T19:52:10.8980144Z   overwrite-settings: true
2026-10-08T19:52:10.8980385Z   job-status: success
2026-10-08T19:52:10.8982796Z   token: ***
2026-10-08T19:52:10.8982992Z env:
2026-10-08T19:52:10.8983251Z   HETU_TEST_KEYSTORE: /home/runner/.android/hetu-ui10-debug.jks
2026-10-08T19:52:10.8983590Z   HETU_EXPECTED_TESTS: 707
2026-10-08T19:52:10.8983832Z   HETU_EXPECTED_TEST_XML_FILES: 77
2026-10-08T19:52:10.8984089Z   HETU_EXPECTED_VERSION: 2093
2026-10-08T19:52:10.8984353Z   HETU_EXPECTED_VERSION_NAME: 0.12.20-v20-glass
2026-10-08T19:52:10.8984666Z ##[endgroup]
2026-10-08T19:52:11.0857504Z ##[warning]setup-java v4 is deprecated and will no longer receive updates. Please migrate to actions/setup-java@v5.
2026-10-08T19:52:11.0867050Z ##[group]Installed distributions
2026-10-08T19:52:11.1040273Z Resolved Java 21.0.12+1 from tool-cache
2026-10-08T19:52:11.1040771Z Setting Java 21.0.12+1 as the default
2026-10-08T19:52:11.1049299Z (node:233984) [DEP0040] DeprecationWarning: The `punycode` module is deprecated. Please use a userland alternative instead.
2026-10-08T19:52:11.1049993Z (Use `node --trace-deprecation ...` to show where the warning was created)
2026-10-08T19:52:11.1052929Z Creating toolchains.xml for JDK version 21 from temurin
2026-10-08T19:52:11.1118942Z Writing to /home/runner/.m2/toolchains.xml
2026-10-08T19:52:11.1119371Z 
2026-10-08T19:52:11.1119571Z Java configuration:
2026-10-08T19:52:11.1119903Z   Distribution: temurin
2026-10-08T19:52:11.1120227Z   Version: 21.0.12+1
2026-10-08T19:52:11.1120754Z   Path: /opt/hostedtoolcache/Java_Temurin-Hotspot_jdk/21.0.12-1/x64
2026-10-08T19:52:11.1121135Z 
2026-10-08T19:52:11.1121450Z ##[endgroup]
2026-10-08T19:52:11.1124294Z Creating settings.xml with server-id: github
2026-10-08T19:52:11.1160661Z Writing to /home/runner/.m2/settings.xml
2026-10-08T19:52:11.1304893Z ##[group]Run set -euo pipefail
2026-10-08T19:52:11.1305348Z [36;1mset -euo pipefail[0m
2026-10-08T19:52:11.1306325Z [36;1mpython3 tools/qa/test_app_recovery93.py --output out/verification/app-recovery93-host.json 2>&1 | tee out/verification/app-recovery93-host.log[0m
2026-10-08T19:52:11.1367403Z shell: /usr/bin/bash -e {0}
2026-10-08T19:52:11.1367791Z env:
2026-10-08T19:52:11.1368222Z   HETU_TEST_KEYSTORE: /home/runner/.android/hetu-ui10-debug.jks
2026-10-08T19:52:11.1368749Z   HETU_EXPECTED_TESTS: 707
2026-10-08T19:52:11.1369125Z   HETU_EXPECTED_TEST_XML_FILES: 77
2026-10-08T19:52:11.1369520Z   HETU_EXPECTED_VERSION: 2093
2026-10-08T19:52:11.1369930Z   HETU_EXPECTED_VERSION_NAME: 0.12.20-v20-glass
2026-10-08T19:52:11.1370518Z   JAVA_HOME: /opt/hostedtoolcache/Java_Temurin-Hotspot_jdk/21.0.12-1/x64
2026-10-08T19:52:11.1371238Z   JAVA_HOME_21_X64: /opt/hostedtoolcache/Java_Temurin-Hotspot_jdk/21.0.12-1/x64
2026-10-08T19:52:11.1371807Z ##[endgroup]
2026-10-08T19:52:15.5314453Z baseline cff
2026-10-08T19:52:15.5314960Z supplier-stop FAIL AssertionError:stop revived wanted
2026-10-08T19:52:15.5315428Z late-network FAIL AssertionError:old network accepted
2026-10-08T19:52:15.5315873Z adoption-data-plane FAIL AssertionError:PID-only adoption
2026-10-08T19:52:15.5316362Z cleanup-failure FAIL AssertionError:false cleanup reported success
2026-10-08T19:52:15.5316873Z queued-manual FAIL AssertionError:queued manual resurrected intent
2026-10-08T19:52:15.5317916Z healthy-existing PASS
2026-10-08T19:52:15.5318111Z 
2026-10-08T19:52:18.5640372Z current reconstruction
2026-10-08T19:52:18.5640756Z supplier-stop PASS
2026-10-08T19:52:18.5641018Z late-network PASS
2026-10-08T19:52:18.5641270Z adoption-data-plane PASS
2026-10-08T19:52:18.5641536Z cleanup-failure PASS
2026-10-08T19:52:18.5641775Z queued-manual PASS
2026-10-08T19:52:18.5642011Z healthy-existing PASS
2026-10-08T19:52:18.5642294Z durable-stop-failure PASS
2026-10-08T19:52:18.5642600Z unpublished-start-cleanup PASS
2026-10-08T19:52:18.5642941Z shared-deadline-phases PASS
2026-10-08T19:52:18.5643256Z matching-exhausted-admission PASS
2026-10-08T19:52:18.5643599Z matching-persisted-reservation PASS
2026-10-08T19:52:18.5643793Z 
2026-10-08T19:52:18.5748540Z ##[group]Run python3 tools/qa/test_filter_export.py --before out/verification/v2075-adblock.java
2026-10-08T19:52:18.5749190Z [36;1mpython3 tools/qa/test_filter_export.py --before out/verification/v2075-adblock.java[0m
2026-10-08T19:52:18.5794789Z shell: /usr/bin/bash -e {0}
2026-10-08T19:52:18.5795090Z env:
2026-10-08T19:52:18.5795384Z   HETU_TEST_KEYSTORE: /home/runner/.android/hetu-ui10-debug.jks
2026-10-08T19:52:18.5795749Z   HETU_EXPECTED_TESTS: 707
2026-10-08T19:52:18.5796014Z   HETU_EXPECTED_TEST_XML_FILES: 77
2026-10-08T19:52:18.5796279Z   HETU_EXPECTED_VERSION: 2093
2026-10-08T19:52:18.5796553Z   HETU_EXPECTED_VERSION_NAME: 0.12.20-v20-glass
2026-10-08T19:52:18.5796938Z   JAVA_HOME: /opt/hostedtoolcache/Java_Temurin-Hotspot_jdk/21.0.12-1/x64
2026-10-08T19:52:18.5797722Z   JAVA_HOME_21_X64: /opt/hostedtoolcache/Java_Temurin-Hotspot_jdk/21.0.12-1/x64
2026-10-08T19:52:18.5798080Z ##[endgroup]
2026-10-08T19:52:20.9536457Z {"fixtureOnly": true, "deviceOrNetworkAccess": false, "beforeSourceSha256": "a7518bf438b82eab26c37611c6fad90b818cd8d2c84e119f083091bb2719ac04", "afterSourceSha256": "55b8d560086cf41493a28d074e63ee08f72e7c360c208d63fb36cbb59d46506f", "before": "old-cache-eviction-ENOENT-reproduced", "after": "new-cache-eviction-stable-pair-and-handoff-passed"}
2026-10-08T19:52:20.9642402Z ##[group]Run actions/cache/restore@v4
2026-10-08T19:52:20.9642701Z with:
2026-10-08T19:52:20.9642956Z   path: /home/runner/.android/hetu-ui10-debug.jks
2026-10-08T19:52:20.9643283Z   key: hetu-ui10-debug-signing-v1
2026-10-08T19:52:20.9643564Z   fail-on-cache-miss: true
2026-10-08T19:52:20.9643830Z   enableCrossOsArchive: false
2026-10-08T19:52:20.9644084Z   lookup-only: false
2026-10-08T19:52:20.9644303Z env:
2026-10-08T19:52:20.9644572Z   HETU_TEST_KEYSTORE: /home/runner/.android/hetu-ui10-debug.jks
2026-10-08T19:52:20.9644935Z   HETU_EXPECTED_TESTS: 707
2026-10-08T19:52:20.9645197Z   HETU_EXPECTED_TEST_XML_FILES: 77
2026-10-08T19:52:20.9645460Z   HETU_EXPECTED_VERSION: 2093
2026-10-08T19:52:20.9645730Z   HETU_EXPECTED_VERSION_NAME: 0.12.20-v20-glass
2026-10-08T19:52:20.9646115Z   JAVA_HOME: /opt/hostedtoolcache/Java_Temurin-Hotspot_jdk/21.0.12-1/x64
2026-10-08T19:52:20.9646583Z   JAVA_HOME_21_X64: /opt/hostedtoolcache/Java_Temurin-Hotspot_jdk/21.0.12-1/x64
2026-10-08T19:52:20.9646985Z ##[endgroup]
2026-10-08T19:52:21.0665755Z (node:234170) [DEP0040] DeprecationWarning: The `punycode` module is deprecated. Please use a userland alternative instead.
2026-10-08T19:52:21.0666809Z (Use `node --trace-deprecation ...` to show where the warning was created)
2026-10-08T19:52:21.2293196Z Cache hit for: hetu-ui10-debug-signing-v1
2026-10-08T19:52:21.2408899Z (node:234170) [DEP0169] DeprecationWarning: `url.parse()` behavior is not standardized and prone to errors that have security implications. Use the WHATWG URL API instead. CVEs are not issued for `url.parse()` vulnerabilities.
2026-10-08T19:52:21.5117567Z Received 2792 of 2792 (100.0%), 0.0 MBs/sec
2026-10-08T19:52:21.5118062Z Cache Size: ~0 MB (2792 B)
2026-10-08T19:52:21.5144473Z [command]/usr/bin/tar -xf /home/runner/work/_temp/71d26651-a7dd-40e8-acf5-543b278f3a3c/cache.tzst -P -C /home/runner/work/hetu/hetu --use-compress-program unzstd
2026-10-08T19:52:21.5197837Z Cache restored successfully
2026-10-08T19:52:21.5272177Z Cache restored from key: hetu-ui10-debug-signing-v1
2026-10-08T19:52:21.5343904Z ##[group]Run set -euo pipefail
2026-10-08T19:52:21.5344226Z [36;1mset -euo pipefail[0m
2026-10-08T19:52:21.5344503Z [36;1mtest -s "$HETU_TEST_KEYSTORE"[0m
2026-10-08T19:52:21.5344993Z [36;1mkeytool -exportcert -keystore "$HETU_TEST_KEYSTORE" -alias androiddebugkey -storepass android \[0m
2026-10-08T19:52:21.5345738Z [36;1m  | openssl dgst -sha256 -r | cut -d ' ' -f1 | grep -qx '701bbb0aaa5709cf2bebd96ff85ebd64c06cf6c3a2211ec21a9c51e534a5faad'[0m
2026-10-08T19:52:21.5391297Z shell: /usr/bin/bash -e {0}
2026-10-08T19:52:21.5391581Z env:
2026-10-08T19:52:21.5391887Z   HETU_TEST_KEYSTORE: /home/runner/.android/hetu-ui10-debug.jks
2026-10-08T19:52:21.5392255Z   HETU_EXPECTED_TESTS: 707
2026-10-08T19:52:21.5392515Z   HETU_EXPECTED_TEST_XML_FILES: 77
2026-10-08T19:52:21.5392791Z   HETU_EXPECTED_VERSION: 2093
2026-10-08T19:52:21.5393079Z   HETU_EXPECTED_VERSION_NAME: 0.12.20-v20-glass
2026-10-08T19:52:21.5393507Z   JAVA_HOME: /opt/hostedtoolcache/Java_Temurin-Hotspot_jdk/21.0.12-1/x64
2026-10-08T19:52:21.5393972Z   JAVA_HOME_21_X64: /opt/hostedtoolcache/Java_Temurin-Hotspot_jdk/21.0.12-1/x64
2026-10-08T19:52:21.5394337Z ##[endgroup]
2026-10-08T19:52:22.5153699Z ##[group]Run set -euo pipefail
2026-10-08T19:52:22.5154032Z [36;1mset -euo pipefail[0m
2026-10-08T19:52:22.5154503Z [36;1mSDKMANAGER=$(find "$ANDROID_HOME/cmdline-tools" -type f -path '*/bin/sdkmanager' | sort | tail -n 1)[0m
2026-10-08T19:52:22.5155031Z [36;1myes | "$SDKMANAGER" --licenses >/dev/null || true[0m
2026-10-08T19:52:22.5155573Z [36;1m"$SDKMANAGER" 'platforms;android-37.0' 'build-tools;37.0.0'[0m
2026-10-08T19:52:22.5200801Z shell: /usr/bin/bash -e {0}
2026-10-08T19:52:22.5201114Z env:
2026-10-08T19:52:22.5201421Z   HETU_TEST_KEYSTORE: /home/runner/.android/hetu-ui10-debug.jks
2026-10-08T19:52:22.5201790Z   HETU_EXPECTED_TESTS: 707
2026-10-08T19:52:22.5202067Z   HETU_EXPECTED_TEST_XML_FILES: 77
2026-10-08T19:52:22.5202346Z   HETU_EXPECTED_VERSION: 2093
2026-10-08T19:52:22.5202636Z   HETU_EXPECTED_VERSION_NAME: 0.12.20-v20-glass
2026-10-08T19:52:22.5203038Z   JAVA_HOME: /opt/hostedtoolcache/Java_Temurin-Hotspot_jdk/21.0.12-1/x64
2026-10-08T19:52:22.5203568Z   JAVA_HOME_21_X64: /opt/hostedtoolcache/Java_Temurin-Hotspot_jdk/21.0.12-1/x64
2026-10-08T19:52:22.5203955Z ##[endgroup]
2026-10-08T19:52:30.1893113Z yes: standard output: Broken pipe
2026-10-08T19:52:30.8679526Z Loading package information...                                                  
2026-10-08T19:52:30.9487743Z Loading local repository...                                                     
2026-10-08T19:52:30.9491102Z [                                       ] 3% Loading local repository...        
2026-10-08T19:52:30.9530042Z [                                       ] 3% Fetch remote repository...         
2026-10-08T19:52:31.2659418Z [=                                      ] 3% Fetch remote repository...         
2026-10-08T19:52:31.3315626Z [=                                      ] 4% Fetch remote repository...         
2026-10-08T19:52:31.3653475Z [=                                      ] 5% Fetch remote repository...         
2026-10-08T19:52:31.4133029Z [==                                     ] 5% Fetch remote repository...         
2026-10-08T19:52:31.5015901Z [==                                     ] 6% Fetch remote repository...         
2026-10-08T19:52:31.5721946Z [==                                     ] 7% Fetch remote repository...         
2026-10-08T19:52:31.5748842Z [==                                     ] 7% Computing updates...               
2026-10-08T19:52:31.5834937Z [===                                    ] 8% Computing updates...               
2026-10-08T19:52:31.5912861Z [===                                    ] 10% Computing updates...              
2026-10-08T19:52:31.5914228Z [=======================================] 100% Computing updates...             
2026-10-08T19:52:31.5914879Z 
2026-10-08T19:52:31.6243555Z ##[group]Run gradle/actions/setup-gradle@v4
2026-10-08T19:52:31.6243891Z with:
2026-10-08T19:52:31.6244117Z   gradle-version: 9.5.0
2026-10-08T19:52:31.6244368Z   cache-disabled: false
2026-10-08T19:52:31.6244610Z   cache-read-only: true
2026-10-08T19:52:31.6244864Z   cache-write-only: false
2026-10-08T19:52:31.6245129Z   cache-overwrite-existing: false
2026-10-08T19:52:31.6245408Z   cache-cleanup: on-success
2026-10-08T19:52:31.6245711Z   gradle-home-cache-includes: caches
notifications

2026-10-08T19:52:31.6246053Z   add-job-summary: always
2026-10-08T19:52:31.6246325Z   add-job-summary-as-pr-comment: never
2026-10-08T19:52:31.6246650Z   dependency-graph: disabled
2026-10-08T19:52:31.6246969Z   dependency-graph-report-dir: dependency-graph-reports
2026-10-08T19:52:31.6247590Z   dependency-graph-continue-on-failure: true
2026-10-08T19:52:31.6247920Z   build-scan-publish: false
2026-10-08T19:52:31.6248189Z   validate-wrappers: true
2026-10-08T19:52:31.6248500Z   allow-snapshot-wrappers: false
2026-10-08T19:52:31.6248804Z   gradle-home-cache-strict-match: false
2026-10-08T19:52:31.6249101Z   workflow-job-context: null
2026-10-08T19:52:31.6251744Z   github-token: ***
2026-10-08T19:52:31.6251978Z env:
2026-10-08T19:52:31.6252250Z   HETU_TEST_KEYSTORE: /home/runner/.android/hetu-ui10-debug.jks
2026-10-08T19:52:31.6252603Z   HETU_EXPECTED_TESTS: 707
2026-10-08T19:52:31.6252855Z   HETU_EXPECTED_TEST_XML_FILES: 77
2026-10-08T19:52:31.6253123Z   HETU_EXPECTED_VERSION: 2093
2026-10-08T19:52:31.6253397Z   HETU_EXPECTED_VERSION_NAME: 0.12.20-v20-glass
2026-10-08T19:52:31.6253786Z   JAVA_HOME: /opt/hostedtoolcache/Java_Temurin-Hotspot_jdk/21.0.12-1/x64
2026-10-08T19:52:31.6254402Z   JAVA_HOME_21_X64: /opt/hostedtoolcache/Java_Temurin-Hotspot_jdk/21.0.12-1/x64
2026-10-08T19:52:31.6254773Z ##[endgroup]
2026-10-08T19:52:31.9778701Z Merged default JDK locations into /home/runner/.m2/toolchains.xml
2026-10-08T19:52:31.9808161Z ##[group]Restore Gradle state from cache
2026-10-08T19:52:32.1236883Z Cache hit for restore-key: gradle-home-v1|Linux-X64|build[96032d49de5c4a53cd45f3563c564e8b]-610a523ea524dff521b5d01e7aa78c421399594a
2026-10-08T19:52:32.9005494Z Received 8985823 of 8985823 (100.0%), 14.0 MBs/sec
2026-10-08T19:52:32.9006522Z Cache Size: ~9 MB (8985823 B)
2026-10-08T19:52:32.9033304Z [command]/usr/bin/tar -xf /home/runner/work/_temp/346485ae-cd22-4265-a5b3-1802b356b0a9/cache.tzst -P -C /home/runner/work/hetu/hetu --use-compress-program unzstd
2026-10-08T19:52:33.0274240Z Cache restored successfully
2026-10-08T19:52:33.0283191Z Restored cache entry with key gradle-home-v1|Linux-X64|build[bd0062c4a1bdb5a87a6b8df640f8fa40]-868785ae5cacddcbf4fa2d3cd463ffe131868f29 to /home/runner/.gradle/caches,/home/runner/.gradle/notifications,/home/runner/.gradle/.setup-gradle in 1050ms
2026-10-08T19:52:33.1851131Z Cache hit for: gradle-kotlin-dsl-v1-0a7e2f63d680443b71b51f0f03afe2f0
2026-10-08T19:52:33.1883032Z Cache hit for: gradle-generated-gradle-jars-v1-385d131625f54d4dab75422dfcb34a24
2026-10-08T19:52:33.1888760Z Cache hit for: gradle-instrumented-jars-v1-d6198c8b0787e046393d1a5820db0f3d
2026-10-08T19:52:33.2005096Z Cache hit for: gradle-groovy-dsl-v1-5bce060640e8630902aae599efb6c17e
2026-10-08T19:52:33.2036395Z Cache hit for: gradle-transforms-v1-c558cf3565c6aa2badc11e00c73fb07e
2026-10-08T19:52:33.2146330Z Cache hit for: gradle-dependencies-v1-fc1ca00da47b4545142d631923dd826c
2026-10-08T19:52:33.4417970Z Received 164924 of 164924 (100.0%), 1.4 MBs/sec
2026-10-08T19:52:33.4418996Z Cache Size: ~0 MB (164924 B)
2026-10-08T19:52:33.4508897Z [command]/usr/bin/tar -xf /home/runner/work/_temp/bcf91b25-45bc-44a6-a479-fc7baad42372/cache.tzst -P -C /home/runner/work/hetu/hetu --use-compress-program unzstd
2026-10-08T19:52:33.4904904Z Cache restored successfully
2026-10-08T19:52:33.4907445Z Restored cache entry with key gradle-kotlin-dsl-v1-0a7e2f63d680443b71b51f0f03afe2f0 to /home/runner/.gradle/caches/*/kotlin-dsl/accessors/*/,/home/runner/.gradle/caches/*/kotlin-dsl/scripts/*/ in 461ms
2026-10-08T19:52:33.5382929Z Received 64721 of 64721 (100.0%), 0.3 MBs/sec
2026-10-08T19:52:33.5383604Z Cache Size: ~0 MB (64721 B)
2026-10-08T19:52:33.5400261Z [command]/usr/bin/tar -xf /home/runner/work/_temp/b8a6f2ed-c485-4c4a-b2d5-0de070caa7ba/cache.tzst -P -C /home/runner/work/hetu/hetu --use-compress-program unzstd
2026-10-08T19:52:33.5459276Z Received 101447 of 101447 (100.0%), 0.4 MBs/sec
2026-10-08T19:52:33.5460181Z Cache Size: ~0 MB (101447 B)
2026-10-08T19:52:33.5474906Z [command]/usr/bin/tar -xf /home/runner/work/_temp/5280231e-aa96-4fa4-b1cd-e2e3033cf75b/cache.tzst -P -C /home/runner/work/hetu/hetu --use-compress-program unzstd
2026-10-08T19:52:33.5505398Z Cache restored successfully
2026-10-08T19:52:33.5511138Z Restored cache entry with key gradle-instrumented-jars-v1-d6198c8b0787e046393d1a5820db0f3d to /home/runner/.gradle/caches/jars-*/*/ in 521ms
2026-10-08T19:52:33.5594843Z Cache restored successfully
2026-10-08T19:52:33.5596553Z Restored cache entry with key gradle-groovy-dsl-v1-5bce060640e8630902aae599efb6c17e to /home/runner/.gradle/caches/*/groovy-dsl/*/ in 530ms
2026-10-08T19:52:34.0493409Z Received 42071656 of 42071656 (100.0%), 53.9 MBs/sec
2026-10-08T19:52:34.0494269Z Cache Size: ~40 MB (42071656 B)
2026-10-08T19:52:34.0761635Z [command]/usr/bin/tar -xf /home/runner/work/_temp/490d1084-09cc-458d-aee8-6195fed852af/cache.tzst -P -C /home/runner/work/hetu/hetu --use-compress-program unzstd
2026-10-08T19:52:34.3502239Z Received 54525952 of 234628164 (23.2%), 51.9 MBs/sec
2026-10-08T19:52:34.3874536Z Cache restored successfully
2026-10-08T19:52:34.3875637Z Received 92274688 of 568118539 (16.2%), 87.6 MBs/sec
2026-10-08T19:52:34.3958668Z Restored cache entry with key gradle-generated-gradle-jars-v1-385d131625f54d4dab75422dfcb34a24 to /home/runner/.gradle/caches/9.5.0/generated-gradle-jars/gradle-api-9.5.0.jar in 1367ms
2026-10-08T19:52:35.3524228Z Received 130023424 of 234628164 (55.4%), 61.9 MBs/sec
2026-10-08T19:52:35.3877494Z Received 301989888 of 568118539 (53.2%), 143.6 MBs/sec
2026-10-08T19:52:36.3542573Z Received 150994944 of 234628164 (64.4%), 47.9 MBs/sec
2026-10-08T19:52:36.4199411Z Received 536870912 of 568118539 (94.5%), 168.8 MBs/sec
2026-10-08T19:52:36.5890105Z Received 568118539 of 568118539 (100.0%), 169.2 MBs/sec
2026-10-08T19:52:36.5898189Z Cache Size: ~542 MB (568118539 B)
2026-10-08T19:52:36.6011864Z [command]/usr/bin/tar -xf /home/runner/work/_temp/9e9a4070-8a50-4d68-8530-c1abb7945afb/cache.tzst -P -C /home/runner/work/hetu/hetu --use-compress-program unzstd
2026-10-08T19:52:37.2699219Z Cache restored successfully
2026-10-08T19:52:37.2914576Z Restored cache entry with key gradle-dependencies-v1-fc1ca00da47b4545142d631923dd826c to /home/runner/.gradle/caches/modules-*/files-*/*/*/*/* in 4262ms
2026-10-08T19:52:37.3537399Z Received 230433860 of 234628164 (98.2%), 54.9 MBs/sec
2026-10-08T19:52:38.1031387Z Received 234628164 of 234628164 (100.0%), 47.1 MBs/sec
2026-10-08T19:52:38.1032437Z Cache Size: ~224 MB (234628164 B)
2026-10-08T19:52:38.1051210Z [command]/usr/bin/tar -xf /home/runner/work/_temp/b0cd2a33-e4d7-40bd-a668-93624b9f7573/cache.tzst -P -C /home/runner/work/hetu/hetu --use-compress-program unzstd
2026-10-08T19:52:39.5873151Z Cache restored successfully
2026-10-08T19:52:39.8289412Z Restored cache entry with key gradle-transforms-v1-c558cf3565c6aa2badc11e00c73fb07e to /home/runner/.gradle/caches/transforms-4/*/,/home/runner/.gradle/caches/*/transforms/*/ in 6798ms
2026-10-08T19:52:40.0904303Z ##[endgroup]
2026-10-08T19:52:40.1126432Z ##[group]All Gradle Wrapper jars are valid
2026-10-08T19:52:40.1127546Z 
2026-10-08T19:52:40.1128023Z ##[endgroup]
2026-10-08T19:52:40.2190784Z ##[group]Provision Gradle 9.5.0
2026-10-08T19:52:46.5951568Z Cache hit for: gradle-9.5.0
2026-10-08T19:52:47.7375476Z Received 100663296 of 140178608 (71.8%), 96.0 MBs/sec
2026-10-08T19:52:48.0677042Z Received 140178608 of 140178608 (100.0%), 100.7 MBs/sec
2026-10-08T19:52:48.0708618Z Cache Size: ~134 MB (140178608 B)
2026-10-08T19:52:48.0779418Z [command]/usr/bin/tar -xf /home/runner/work/_temp/bec8ab28-450f-471b-8e12-36f3365d6d87/cache.tzst -P -C /home/runner/work/hetu/hetu --use-compress-program unzstd
2026-10-08T19:52:48.2128351Z Cache restored successfully
2026-10-08T19:52:48.2194937Z Restored Gradle distribution gradle-9.5.0 from cache to /home/runner/work/_temp/.gradle-actions/gradle-installations/downloads/gradle-9.5.0-bin.zip
2026-10-08T19:52:48.2211520Z [command]/usr/bin/unzip -o -q /home/runner/work/_temp/.gradle-actions/gradle-installations/downloads/gradle-9.5.0-bin.zip
2026-10-08T19:52:49.3872343Z Extracted Gradle 9.5.0 to /home/runner/work/_temp/.gradle-actions/gradle-installations/installs/gradle-9.5.0
2026-10-08T19:52:49.3874525Z Provisioned Gradle executable /home/runner/work/_temp/.gradle-actions/gradle-installations/installs/gradle-9.5.0/bin/gradle
2026-10-08T19:52:49.3876816Z ##[endgroup]
2026-10-08T19:52:49.4206480Z ##[group]Run set -euo pipefail
2026-10-08T19:52:49.4207017Z [36;1mset -euo pipefail[0m
2026-10-08T19:52:49.4208096Z [36;1mtar -czf /tmp/Hetu-V20.93-effective-source.tar.gz android-app UI92_RUNTIME146_INPUTS.json CHANGELOG-V20.md[0m
2026-10-08T19:52:49.4208869Z [36;1msha256sum /tmp/Hetu-V20.93-effective-source.tar.gz[0m
2026-10-08T19:52:49.4256207Z shell: /usr/bin/bash -e {0}
2026-10-08T19:52:49.4256686Z env:
2026-10-08T19:52:49.4257347Z   HETU_TEST_KEYSTORE: /home/runner/.android/hetu-ui10-debug.jks
2026-10-08T19:52:49.4257920Z   HETU_EXPECTED_TESTS: 707
2026-10-08T19:52:49.4258379Z   HETU_EXPECTED_TEST_XML_FILES: 77
2026-10-08T19:52:49.4259100Z   HETU_EXPECTED_VERSION: 2093
2026-10-08T19:52:49.4259560Z   HETU_EXPECTED_VERSION_NAME: 0.12.20-v20-glass
2026-10-08T19:52:49.4260225Z   JAVA_HOME: /opt/hostedtoolcache/Java_Temurin-Hotspot_jdk/21.0.12-1/x64
2026-10-08T19:52:49.4261039Z   JAVA_HOME_21_X64: /opt/hostedtoolcache/Java_Temurin-Hotspot_jdk/21.0.12-1/x64
2026-10-08T19:52:49.4262152Z   GRADLE_ACTION_ID: gradle/actions/setup-gradle
2026-10-08T19:52:49.4262868Z   GRADLE_USER_HOME: /home/runner/.gradle
2026-10-08T19:52:49.4263610Z   GRADLE_BUILD_ACTION_SETUP_COMPLETED: true
2026-10-08T19:52:49.4264087Z   GRADLE_BUILD_ACTION_CACHE_RESTORED: true
2026-10-08T19:52:49.4264725Z   DEVELOCITY_INJECTION_INIT_SCRIPT_NAME: gradle-actions.inject-develocity.init.gradle
2026-10-08T19:52:49.4265603Z   DEVELOCITY_INJECTION_CUSTOM_VALUE: gradle-actions
2026-10-08T19:52:49.4266121Z   GITHUB_DEPENDENCY_GRAPH_ENABLED: false
2026-10-08T19:52:49.4266578Z ##[endgroup]
2026-10-08T19:53:03.0700931Z cb476d7de2c8f2c3e3e199afbc34cdbf6afb275ffb8feb9d3a0f9ebbd21a4172  /tmp/Hetu-V20.93-effective-source.tar.gz
2026-10-08T19:53:03.0765848Z ##[group]Run actions/upload-artifact@v4
2026-10-08T19:53:03.0766415Z with:
2026-10-08T19:53:03.0766894Z   compression-level: 0
2026-10-08T19:53:03.0767532Z   if-no-files-found: error
2026-10-08T19:53:03.0768036Z   name: Hetu-V20.93-effective-source
2026-10-08T19:53:03.0768546Z   path: /tmp/Hetu-V20.93-effective-source.tar.gz
2026-10-08T19:53:03.0769114Z   overwrite: false
2026-10-08T19:53:03.0769526Z   include-hidden-files: false
2026-10-08T19:53:03.0769964Z env:
2026-10-08T19:53:03.0770582Z   HETU_TEST_KEYSTORE: /home/runner/.android/hetu-ui10-debug.jks
2026-10-08T19:53:03.0771169Z   HETU_EXPECTED_TESTS: 707
2026-10-08T19:53:03.0771594Z   HETU_EXPECTED_TEST_XML_FILES: 77
2026-10-08T19:53:03.0772133Z   HETU_EXPECTED_VERSION: 2093
2026-10-08T19:53:03.0772622Z   HETU_EXPECTED_VERSION_NAME: 0.12.20-v20-glass
2026-10-08T19:53:03.0773262Z   JAVA_HOME: /opt/hostedtoolcache/Java_Temurin-Hotspot_jdk/21.0.12-1/x64
2026-10-08T19:53:03.0774030Z   JAVA_HOME_21_X64: /opt/hostedtoolcache/Java_Temurin-Hotspot_jdk/21.0.12-1/x64
2026-10-08T19:53:03.0774632Z   GRADLE_ACTION_ID: gradle/actions/setup-gradle
2026-10-08T19:53:03.0775196Z   GRADLE_USER_HOME: /home/runner/.gradle
2026-10-08T19:53:03.0775676Z   GRADLE_BUILD_ACTION_SETUP_COMPLETED: true
2026-10-08T19:53:03.0776255Z   GRADLE_BUILD_ACTION_CACHE_RESTORED: true
2026-10-08T19:53:03.0776965Z   DEVELOCITY_INJECTION_INIT_SCRIPT_NAME: gradle-actions.inject-develocity.init.gradle
2026-10-08T19:53:03.0777793Z   DEVELOCITY_INJECTION_CUSTOM_VALUE: gradle-actions
2026-10-08T19:53:03.0778344Z   GITHUB_DEPENDENCY_GRAPH_ENABLED: false
2026-10-08T19:53:03.0779164Z ##[endgroup]
2026-10-08T19:53:03.2392871Z (node:234498) [DEP0040] DeprecationWarning: The `punycode` module is deprecated. Please use a userland alternative instead.
2026-10-08T19:53:03.2393917Z (Use `node --trace-deprecation ...` to show where the warning was created)
2026-10-08T19:53:03.2444447Z With the provided path, there will be 1 file uploaded
2026-10-08T19:53:03.2458581Z Artifact name is valid!
2026-10-08T19:53:03.2459930Z Root directory input is valid!
2026-10-08T19:53:03.5598999Z Beginning upload of artifact content to blob storage
2026-10-08T19:53:03.6068649Z (node:234498) [DEP0169] DeprecationWarning: `url.parse()` behavior is not standardized and prone to errors that have security implications. Use the WHATWG URL API instead. CVEs are not issued for `url.parse()` vulnerabilities.
2026-10-08T19:53:04.0768101Z Uploaded bytes 8388608
2026-10-08T19:53:04.0981273Z Uploaded bytes 16777216
2026-10-08T19:53:04.1845295Z Uploaded bytes 25165824
2026-10-08T19:53:04.2079195Z Uploaded bytes 33554432
2026-10-08T19:53:04.2776990Z Uploaded bytes 41943040
2026-10-08T19:53:04.2871864Z Uploaded bytes 50331648
2026-10-08T19:53:04.3637651Z Uploaded bytes 58720256
2026-10-08T19:53:04.4391916Z Uploaded bytes 67108864
2026-10-08T19:53:04.4671937Z Uploaded bytes 75497472
2026-10-08T19:53:04.5111274Z Uploaded bytes 83886080
2026-10-08T19:53:04.5999787Z Uploaded bytes 92274688
2026-10-08T19:53:04.6808352Z Uploaded bytes 94054929
2026-10-08T19:53:04.7265327Z Finished uploading artifact content to blob storage!
2026-10-08T19:53:04.7266639Z SHA256 digest of uploaded artifact zip is 7c9e6b56a7583ff77ed0e1ecf4745827546915fb80c0c748f44bb1c5ca355e60
2026-10-08T19:53:04.7268570Z Finalizing artifact upload
2026-10-08T19:53:04.9705791Z Artifact Hetu-V20.93-effective-source.zip successfully finalized. Artifact ID 11575860825
2026-10-08T19:53:04.9707569Z Artifact Hetu-V20.93-effective-source has been successfully uploaded! Final size is 94054929 bytes. Artifact ID is 11575860825
2026-10-08T19:53:04.9713163Z Artifact download URL: https://github.com/xgl34222220-ops/hetu/actions/runs/37833700380/artifacts/11575860825
2026-10-08T19:53:04.9853707Z ##[group]Run set -euo pipefail
2026-10-08T19:53:04.9854223Z [36;1mset -euo pipefail[0m
2026-10-08T19:53:04.9855353Z [36;1mgradle --no-daemon --max-workers=2 -Dorg.gradle.jvmargs='-Xmx2g -Dfile.encoding=UTF-8' :app:dependencyInsight --configuration debugRuntimeClasspath --dependency com.materialkolor > ../out/verification/materialkolor-dependency-insight.txt[0m
2026-10-08T19:53:04.9856570Z [36;1mcat ../out/verification/materialkolor-dependency-insight.txt[0m
2026-10-08T19:53:04.9902490Z shell: /usr/bin/bash -e {0}
2026-10-08T19:53:04.9902992Z env:
2026-10-08T19:53:04.9903516Z   HETU_TEST_KEYSTORE: /home/runner/.android/hetu-ui10-debug.jks
2026-10-08T19:53:04.9904114Z   HETU_EXPECTED_TESTS: 707
2026-10-08T19:53:04.9904562Z   HETU_EXPECTED_TEST_XML_FILES: 77
2026-10-08T19:53:04.9905069Z   HETU_EXPECTED_VERSION: 2093
2026-10-08T19:53:04.9905531Z   HETU_EXPECTED_VERSION_NAME: 0.12.20-v20-glass
2026-10-08T19:53:04.9906255Z   JAVA_HOME: /opt/hostedtoolcache/Java_Temurin-Hotspot_jdk/21.0.12-1/x64
2026-10-08T19:53:04.9906935Z   JAVA_HOME_21_X64: /opt/hostedtoolcache/Java_Temurin-Hotspot_jdk/21.0.12-1/x64
2026-10-08T19:53:04.9907772Z   GRADLE_ACTION_ID: gradle/actions/setup-gradle
2026-10-08T19:53:04.9908301Z   GRADLE_USER_HOME: /home/runner/.gradle
2026-10-08T19:53:04.9908817Z   GRADLE_BUILD_ACTION_SETUP_COMPLETED: true
2026-10-08T19:53:04.9909312Z   GRADLE_BUILD_ACTION_CACHE_RESTORED: true
2026-10-08T19:53:04.9909974Z   DEVELOCITY_INJECTION_INIT_SCRIPT_NAME: gradle-actions.inject-develocity.init.gradle
2026-10-08T19:53:04.9910665Z   DEVELOCITY_INJECTION_CUSTOM_VALUE: gradle-actions
2026-10-08T19:53:04.9911194Z   GITHUB_DEPENDENCY_GRAPH_ENABLED: false
2026-10-08T19:53:04.9911653Z ##[endgroup]
2026-10-08T19:53:20.8738877Z To honour the JVM settings for this build a single-use Daemon process will be forked. For more on this, please refer to https://docs.gradle.org/9.5.0/userguide/gradle_daemon.html#sec:disabling_the_daemon in the Gradle documentation.
2026-10-08T19:53:20.8740427Z Daemon will be stopped at the end of the build 
2026-10-08T19:53:20.8740747Z 
2026-10-08T19:53:20.8740948Z > Configure project :app
2026-10-08T19:53:20.8741968Z w: file:///home/runner/work/hetu/hetu/android-app/app/build.gradle.kts:33:13: 'var isV1SigningEnabled: Boolean' is deprecated. This property is deprecated.
2026-10-08T19:53:20.8743273Z w: file:///home/runner/work/hetu/hetu/android-app/app/build.gradle.kts:34:13: 'var isV2SigningEnabled: Boolean' is deprecated. This property is deprecated.
2026-10-08T19:53:20.8743865Z 
2026-10-08T19:53:20.8744095Z > Task :app:dependencyInsight
2026-10-08T19:53:20.8744667Z com.materialkolor:material-color-utilities:5.0.1
2026-10-08T19:53:20.8745293Z   Variant androidRuntimeElements-published:
2026-10-08T19:53:20.8745944Z     | Attribute Name                                  | Provided     | Requested    |
2026-10-08T19:53:20.8746709Z     |-------------------------------------------------|--------------|--------------|
2026-10-08T19:53:20.8747706Z     | org.gradle.libraryelements                      | aar          |              |
2026-10-08T19:53:20.8748413Z     | org.gradle.status                               | release      |              |
2026-10-08T19:53:20.8749109Z     | org.gradle.category                             | library      | library      |
2026-10-08T19:53:20.8749802Z     | org.gradle.jvm.environment                      | android      | android      |
2026-10-08T19:53:20.8750548Z     | org.gradle.usage                                | java-runtime | java-runtime |
2026-10-08T19:53:20.8751566Z     | org.jetbrains.kotlin.platform.type              | androidJvm   | androidJvm   |
2026-10-08T19:53:20.8752304Z     | com.android.build.api.attributes.AgpVersionAttr |              | 9.3.0        |
2026-10-08T19:53:20.8753144Z     | com.android.build.api.attributes.BuildTypeAttr  |              | debug        |
2026-10-08T19:53:20.8753742Z    Selection reasons:
2026-10-08T19:53:20.8754193Z       - By ancestor
2026-10-08T19:53:20.8754622Z       - By constraint
2026-10-08T19:53:20.8755057Z 
2026-10-08T19:53:20.8755429Z com.materialkolor:material-color-utilities:{strictly 5.0.1} -> 5.0.1
2026-10-08T19:53:20.8756054Z \--- debugRuntimeClasspath
2026-10-08T19:53:20.8756313Z 
2026-10-08T19:53:20.8756635Z com.materialkolor:material-color-utilities:5.0.1
2026-10-08T19:53:20.8757497Z +--- com.materialkolor:material-kolor-android:5.0.1
2026-10-08T19:53:20.8758129Z |    \--- com.materialkolor:material-kolor:5.0.1
2026-10-08T19:53:20.8758952Z |         \--- debugRuntimeClasspath (requested com.materialkolor:material-kolor:{strictly 5.0.1})
2026-10-08T19:53:20.8759688Z \--- top.yukonga.miuix.kmp:miuix-ui-android:0.9.4
2026-10-08T19:53:20.8760252Z      +--- debugRuntimeClasspath
2026-10-08T19:53:20.8760762Z      \--- top.yukonga.miuix.kmp:miuix-ui:0.9.4
2026-10-08T19:53:20.8761362Z           \--- top.yukonga.miuix.kmp:miuix-preference-android:0.9.4
2026-10-08T19:53:20.8761964Z                \--- debugRuntimeClasspath
2026-10-08T19:53:20.8762235Z 
2026-10-08T19:53:20.8762534Z com.materialkolor:material-color-utilities-android:5.0.1
2026-10-08T19:53:20.8763138Z   Variant androidRuntimeElements-published:
2026-10-08T19:53:20.8763803Z     | Attribute Name                                  | Provided     | Requested    |
2026-10-08T19:53:20.8764422Z     |-------------------------------------------------|--------------|--------------|
2026-10-08T19:53:20.8765113Z     | org.gradle.libraryelements                      | aar          |              |
2026-10-08T19:53:20.8765775Z     | org.gradle.status                               | release      |              |
2026-10-08T19:53:20.8766445Z     | org.gradle.category                             | library      | library      |
2026-10-08T19:53:20.8767304Z     | org.gradle.jvm.environment                      | android      | android      |
2026-10-08T19:53:20.8767980Z     | org.gradle.usage                                | java-runtime | java-runtime |
2026-10-08T19:53:20.8768747Z     | org.jetbrains.kotlin.platform.type              | androidJvm   | androidJvm   |
2026-10-08T19:53:20.8769502Z     | com.android.build.api.attributes.AgpVersionAttr |              | 9.3.0        |
2026-10-08T19:53:20.8770234Z     | com.android.build.api.attributes.BuildTypeAttr  |              | debug        |
2026-10-08T19:53:20.8770835Z    Selection reasons:
2026-10-08T19:53:20.8771295Z       - By ancestor
2026-10-08T19:53:20.8771683Z       - By constraint
2026-10-08T19:53:20.8771916Z 
2026-10-08T19:53:20.8772351Z com.materialkolor:material-color-utilities-android:{strictly 5.0.1} -> 5.0.1
2026-10-08T19:53:20.8772953Z \--- debugRuntimeClasspath
2026-10-08T19:53:20.8773232Z 
2026-10-08T19:53:20.8773532Z com.materialkolor:material-color-utilities-android:5.0.1
2026-10-08T19:53:20.8774180Z \--- com.materialkolor:material-color-utilities:5.0.1
2026-10-08T19:53:20.8774898Z      +--- debugRuntimeClasspath (requested com.materialkolor:material-color-utilities:{strictly 5.0.1})
2026-10-08T19:53:20.8775663Z      +--- com.materialkolor:material-kolor-android:5.0.1
2026-10-08T19:53:20.8776242Z      |    \--- com.materialkolor:material-kolor:5.0.1
2026-10-08T19:53:20.8776923Z      |         \--- debugRuntimeClasspath (requested com.materialkolor:material-kolor:{strictly 5.0.1})
2026-10-08T19:53:20.8777824Z      \--- top.yukonga.miuix.kmp:miuix-ui-android:0.9.4
2026-10-08T19:53:20.8778338Z           +--- debugRuntimeClasspath
2026-10-08T19:53:20.8778935Z           \--- top.yukonga.miuix.kmp:miuix-ui:0.9.4
2026-10-08T19:53:20.8779552Z                \--- top.yukonga.miuix.kmp:miuix-preference-android:0.9.4
2026-10-08T19:53:20.8780249Z                     \--- debugRuntimeClasspath
2026-10-08T19:53:20.8780551Z 
2026-10-08T19:53:20.8780831Z com.materialkolor:material-kolor:5.0.1
2026-10-08T19:53:20.8781390Z   Variant androidRuntimeElements-published:
2026-10-08T19:53:20.8781987Z     | Attribute Name                                  | Provided     | Requested    |
2026-10-08T19:53:20.8782643Z     |-------------------------------------------------|--------------|--------------|
2026-10-08T19:53:20.8783457Z     | org.gradle.libraryelements                      | aar          |              |
2026-10-08T19:53:20.8784141Z     | org.gradle.status                               | release      |              |
2026-10-08T19:53:20.8784806Z     | org.gradle.category                             | library      | library      |
2026-10-08T19:53:20.8785503Z     | org.gradle.jvm.environment                      | android      | android      |
2026-10-08T19:53:20.8786192Z     | org.gradle.usage                                | java-runtime | java-runtime |
2026-10-08T19:53:20.8787354Z     | org.jetbrains.kotlin.platform.type              | androidJvm   | androidJvm   |
2026-10-08T19:53:20.8788069Z     | com.android.build.api.attributes.AgpVersionAttr |              | 9.3.0        |
2026-10-08T19:53:20.8788893Z     | com.android.build.api.attributes.BuildTypeAttr  |              | debug        |
2026-10-08T19:53:20.8789276Z 
2026-10-08T19:53:20.8789637Z com.materialkolor:material-kolor:{strictly 5.0.1} -> 5.0.1
2026-10-08T19:53:20.8790221Z \--- debugRuntimeClasspath
2026-10-08T19:53:20.8790524Z 
2026-10-08T19:53:20.8790795Z com.materialkolor:material-kolor-android:5.0.1
2026-10-08T19:53:20.8791326Z   Variant androidRuntimeElements-published:
2026-10-08T19:53:20.8791932Z     | Attribute Name                                  | Provided     | Requested    |
2026-10-08T19:53:20.8792643Z     |-------------------------------------------------|--------------|--------------|
2026-10-08T19:53:20.8793335Z     | org.gradle.libraryelements                      | aar          |              |
2026-10-08T19:53:20.8794027Z     | org.gradle.status                               | release      |              |
2026-10-08T19:53:20.8794813Z     | org.gradle.category                             | library      | library      |
2026-10-08T19:53:20.8795652Z     | org.gradle.jvm.environment                      | android      | android      |
2026-10-08T19:53:20.8796361Z     | org.gradle.usage                                | java-runtime | java-runtime |
2026-10-08T19:53:20.8797240Z     | org.jetbrains.kotlin.platform.type              | androidJvm   | androidJvm   |
2026-10-08T19:53:20.8798029Z     | com.android.build.api.attributes.AgpVersionAttr |              | 9.3.0        |
2026-10-08T19:53:20.8798861Z     | com.android.build.api.attributes.BuildTypeAttr  |              | debug        |
2026-10-08T19:53:20.8799256Z 
2026-10-08T19:53:20.8799592Z com.materialkolor:material-kolor-android:5.0.1
2026-10-08T19:53:20.8800173Z \--- com.materialkolor:material-kolor:5.0.1
2026-10-08T19:53:20.8800898Z      \--- debugRuntimeClasspath (requested com.materialkolor:material-kolor:{strictly 5.0.1})
2026-10-08T19:53:20.8801325Z 
2026-10-08T19:53:20.8802325Z (*) - Indicates repeated occurrences of a transitive dependency subtree. Gradle expands transitive dependency subtrees only once per project; repeat occurrences only display the root of the subtree, followed by this annotation.
2026-10-08T19:53:20.8803153Z 
2026-10-08T19:53:20.8803585Z A web-based, searchable dependency report is available by adding the --scan option.
2026-10-08T19:53:20.8804586Z gradle/actions: Writing build results to /home/runner/work/_temp/.gradle-actions/build-results/__run_22-1791489188648.json
2026-10-08T19:53:20.8805079Z 
2026-10-08T19:53:20.8805321Z BUILD SUCCESSFUL in 15s
2026-10-08T19:53:20.8805784Z 1 actionable task: 1 executed
2026-10-08T19:53:20.8806914Z Consider enabling configuration cache to speed up this build: https://docs.gradle.org/9.5.0/userguide/configuration_cache_enabling.html
2026-10-08T19:53:20.9029340Z ##[group]Run gradle --no-daemon --max-workers=2 -Dorg.gradle.jvmargs='-Xmx3g -Dfile.encoding=UTF-8' :app:assembleDebug --stacktrace
2026-10-08T19:53:20.9030960Z [36;1mgradle --no-daemon --max-workers=2 -Dorg.gradle.jvmargs='-Xmx3g -Dfile.encoding=UTF-8' :app:assembleDebug --stacktrace[0m
2026-10-08T19:53:20.9090182Z shell: /usr/bin/bash -e {0}
2026-10-08T19:53:20.9090760Z env:
2026-10-08T19:53:20.9091353Z   HETU_TEST_KEYSTORE: /home/runner/.android/hetu-ui10-debug.jks
2026-10-08T19:53:20.9091947Z   HETU_EXPECTED_TESTS: 707
2026-10-08T19:53:20.9092487Z   HETU_EXPECTED_TEST_XML_FILES: 77
2026-10-08T19:53:20.9092981Z   HETU_EXPECTED_VERSION: 2093
2026-10-08T19:53:20.9093620Z   HETU_EXPECTED_VERSION_NAME: 0.12.20-v20-glass
2026-10-08T19:53:20.9094475Z   JAVA_HOME: /opt/hostedtoolcache/Java_Temurin-Hotspot_jdk/21.0.12-1/x64
2026-10-08T19:53:20.9095411Z   JAVA_HOME_21_X64: /opt/hostedtoolcache/Java_Temurin-Hotspot_jdk/21.0.12-1/x64
2026-10-08T19:53:20.9096571Z   GRADLE_ACTION_ID: gradle/actions/setup-gradle
2026-10-08T19:53:20.9097491Z   GRADLE_USER_HOME: /home/runner/.gradle
2026-10-08T19:53:20.9098403Z   GRADLE_BUILD_ACTION_SETUP_COMPLETED: true
2026-10-08T19:53:20.9099175Z   GRADLE_BUILD_ACTION_CACHE_RESTORED: true
2026-10-08T19:53:20.9100204Z   DEVELOCITY_INJECTION_INIT_SCRIPT_NAME: gradle-actions.inject-develocity.init.gradle
2026-10-08T19:53:20.9101265Z   DEVELOCITY_INJECTION_CUSTOM_VALUE: gradle-actions
2026-10-08T19:53:20.9102048Z   GITHUB_DEPENDENCY_GRAPH_ENABLED: false
2026-10-08T19:53:20.9102778Z ##[endgroup]
2026-10-08T19:53:21.7370687Z To honour the JVM settings for this build a single-use Daemon process will be forked. For more on this, please refer to https://docs.gradle.org/9.5.0/userguide/gradle_daemon.html#sec:disabling_the_daemon in the Gradle documentation.
2026-10-08T19:53:22.7379547Z Daemon will be stopped at the end of the build 
2026-10-08T19:53:29.8379728Z Configuration 'debugCompileClasspath' was resolved during configuration time.
2026-10-08T19:53:29.8386169Z This is a build performance and scalability issue.
2026-10-08T19:53:29.8393482Z See https://github.com/gradle/gradle/issues/2298
2026-10-08T19:53:29.8394840Z Run with --info for a stacktrace.
2026-10-08T19:53:30.1369450Z Configuration 'debugRuntimeClasspath' was resolved during configuration time.
2026-10-08T19:53:30.1371508Z This is a build performance and scalability issue.
2026-10-08T19:53:30.1399226Z See https://github.com/gradle/gradle/issues/2298
2026-10-08T19:53:30.1428358Z Run with --info for a stacktrace.
2026-10-08T19:53:30.7362776Z > Task :app:preBuild UP-TO-DATE
2026-10-08T19:53:30.7373893Z > Task :app:preDebugBuild UP-TO-DATE
2026-10-08T19:53:30.7375179Z > Task :app:mergeDebugNativeDebugMetadata NO-SOURCE
2026-10-08T19:53:30.8357809Z > Task :app:generateDebugBuildConfig
2026-10-08T19:53:30.8389083Z > Task :app:generateDebugResources
2026-10-08T19:53:31.9345846Z > Task :app:prepareLibraryDefinitionsDebug
2026-10-08T19:53:32.2346557Z > Task :app:packageDebugResources
2026-10-08T19:53:32.4346129Z > Task :app:processDebugNavigationResources
2026-10-08T19:53:35.0369269Z > Task :app:javaPreCompileDebug
2026-10-08T19:53:35.0371766Z > Task :app:generateDebugAssets UP-TO-DATE
2026-10-08T19:53:35.1368844Z > Task :app:parseDebugLocalResources
2026-10-08T19:53:35.7399030Z > Task :app:mergeDebugAssets
2026-10-08T19:53:35.7429048Z > Task :app:generateDebugRFile
2026-10-08T19:53:37.5359160Z > Task :app:compressDebugAssets
2026-10-08T19:53:40.8363117Z > Task :app:generateDebugGlobalSynthetics
2026-10-08T19:53:41.0347757Z > Task :app:checkDebugDuplicateClasses
2026-10-08T19:53:41.0378801Z > Task :app:desugarDebugFileDependencies
2026-10-08T19:53:58.7371769Z > Task :app:mergeExtDexDebug
2026-10-08T19:53:58.8349230Z > Task :app:mergeLibDexDebug
2026-10-08T19:53:59.0346891Z > Task :app:checkDebugAarMetadata
2026-10-08T19:53:59.0350669Z > Task :app:mapDebugSourceSetPaths
2026-10-08T19:53:59.1346824Z > Task :app:compileDebugNavigationResources
2026-10-08T19:54:01.8350116Z > Task :app:mergeDebugResources
2026-10-08T19:54:01.8369373Z > Task :app:createDebugCompatibleScreenManifests
2026-10-08T19:54:01.8413938Z > Task :app:extractDeepLinksDebug
2026-10-08T19:54:02.4346585Z > Task :app:processDebugMainManifest
2026-10-08T19:54:02.7349352Z > Task :app:processDebugManifest
2026-10-08T19:54:02.7417489Z > Task :app:processDebugManifestForPackage
2026-10-08T19:54:03.6358732Z > Task :app:processDebugResources
2026-10-08T19:54:04.3389225Z > Task :app:mergeDebugJniLibFolders
2026-10-08T19:54:04.9346357Z > Task :app:mergeDebugNativeLibs
2026-10-08T19:54:05.3357949Z 
2026-10-08T19:54:05.3438975Z > Task :app:stripDebugDebugSymbols
2026-10-08T19:54:05.3469144Z Unable to strip the following libraries, packaging them as they are: libandroidx.graphics.path.so. Run with --info option to learn more.
2026-10-08T19:54:05.3497564Z 
2026-10-08T19:54:05.3558646Z > Task :app:validateSigningDebug
2026-10-08T19:54:05.4353141Z > Task :app:writeDebugAppMetadata
2026-10-08T19:54:05.4369542Z > Task :app:writeDebugSigningConfigVersions
2026-10-08T19:54:05.7346877Z > Task :app:compileDebugKotlin
2026-10-08T19:55:12.4347714Z w: file:///home/runner/work/hetu/hetu/android-app/app/src/main/java/io/github/xgl34222220/hetu/AutoMirroredIconCompat.kt:9:27 'val Icons.Rounded.ArrowBack: ImageVector' is deprecated. Use the AutoMirrored version at Icons.AutoMirrored.Rounded.ArrowBack.
2026-10-08T19:55:12.4367599Z w: file:///home/runner/work/hetu/hetu/android-app/app/src/main/java/io/github/xgl34222220/hetu/CompactHomeDashboard.kt:345:40 'val Icons.Rounded.Sort: ImageVector' is deprecated. Use the AutoMirrored version at Icons.AutoMirrored.Rounded.Sort.
2026-10-08T19:55:12.4375304Z w: file:///home/runner/work/hetu/hetu/android-app/app/src/main/java/io/github/xgl34222220/hetu/CompactMainActivity.kt:91:42 'val Icons.Rounded.Rule: ImageVector' is deprecated. Use the AutoMirrored version at Icons.AutoMirrored.Rounded.Rule.
2026-10-08T19:55:12.4378748Z w: file:///home/runner/work/hetu/hetu/android-app/app/src/main/java/io/github/xgl34222220/hetu/CompactMainActivity.kt:489:68 'val Icons.Rounded.Rule: ImageVector' is deprecated. Use the AutoMirrored version at Icons.AutoMirrored.Rounded.Rule.
2026-10-08T19:55:12.4382075Z w: file:///home/runner/work/hetu/hetu/android-app/app/src/main/java/io/github/xgl34222220/hetu/ConfigIconCompatRoot.kt:8:27 'val Icons.Rounded.InsertDriveFile: ImageVector' is deprecated. Use the AutoMirrored version at Icons.AutoMirrored.Rounded.InsertDriveFile.
2026-10-08T19:55:12.4385425Z w: file:///home/runner/work/hetu/hetu/android-app/app/src/main/java/io/github/xgl34222220/hetu/CrystalWorkspace.kt:81:47 'val Icons.Rounded.Article: ImageVector' is deprecated. Use the AutoMirrored version at Icons.AutoMirrored.Rounded.Article.
2026-10-08T19:55:12.4388700Z w: file:///home/runner/work/hetu/hetu/android-app/app/src/main/java/io/github/xgl34222220/hetu/EditorWorkbench.kt:94:36 'val Icons.Rounded.Undo: ImageVector' is deprecated. Use the AutoMirrored version at Icons.AutoMirrored.Rounded.Undo.
2026-10-08T19:55:12.4391775Z w: file:///home/runner/work/hetu/hetu/android-app/app/src/main/java/io/github/xgl34222220/hetu/EditorWorkbench.kt:95:36 'val Icons.Rounded.Redo: ImageVector' is deprecated. Use the AutoMirrored version at Icons.AutoMirrored.Rounded.Redo.
2026-10-08T19:55:12.4395020Z w: file:///home/runner/work/hetu/hetu/android-app/app/src/main/java/io/github/xgl34222220/hetu/EditorWorkbench.kt:98:38 'val Icons.Rounded.FormatListBulleted: ImageVector' is deprecated. Use the AutoMirrored version at Icons.AutoMirrored.Rounded.FormatListBulleted.
2026-10-08T19:55:12.4398302Z w: file:///home/runner/work/hetu/hetu/android-app/app/src/main/java/io/github/xgl34222220/hetu/EditorWorkbench.kt:99:36 'val Icons.Rounded.FactCheck: ImageVector' is deprecated. Use the AutoMirrored version at Icons.AutoMirrored.Rounded.FactCheck.
2026-10-08T19:55:12.4401852Z w: file:///home/runner/work/hetu/hetu/android-app/app/src/main/java/io/github/xgl34222220/hetu/HetuMainActivity.kt:67:42 'val Icons.Rounded.Rule: ImageVector' is deprecated. Use the AutoMirrored version at Icons.AutoMirrored.Rounded.Rule.
2026-10-08T19:55:12.4404904Z w: file:///home/runner/work/hetu/hetu/android-app/app/src/main/java/io/github/xgl34222220/hetu/HetuMainActivity.kt:351:40 'val Icons.Rounded.Rule: ImageVector' is deprecated. Use the AutoMirrored version at Icons.AutoMirrored.Rounded.Rule.
2026-10-08T19:55:12.4409393Z w: file:///home/runner/work/hetu/hetu/android-app/app/src/main/java/io/github/xgl34222220/hetu/HomeInteraction7.kt:194:9 'constructor(skipPartiallyExpanded: Boolean, positionalThreshold: () -> Float, velocityThreshold: () -> Float, initialValue: SheetValue = ..., confirmValueChange: (SheetValue) -> Boolean = ..., skipHiddenState: Boolean = ...): SheetState' is deprecated. Use the primary constructor that takes a set of enabled values.
2026-10-08T19:55:12.4458798Z w: file:///home/runner/work/hetu/hetu/android-app/app/src/main/java/io/github/xgl34222220/hetu/MonitoringWorkspace.kt:257:26 Condition is always 'true'.
2026-10-08T19:55:12.4468810Z w: file:///home/runner/work/hetu/hetu/android-app/app/src/main/java/io/github/xgl34222220/hetu/MonitoringWorkspace.kt:279:22 Condition is always 'true'.
2026-10-08T19:55:12.4490769Z w: file:///home/runner/work/hetu/hetu/android-app/app/src/main/java/io/github/xgl34222220/hetu/MonitoringWorkspace.kt:395:48 Condition is always 'true'.
2026-10-08T19:55:12.4492902Z w: file:///home/runner/work/hetu/hetu/android-app/app/src/main/java/io/github/xgl34222220/hetu/MotionMaterials12.kt:234:22 'fun <T> updateTransition(transitionState: MutableTransitionState<T>, label: String? = ...): Transition<T>' is deprecated. Use rememberTransition() instead.
2026-10-08T19:55:12.4495276Z w: file:///home/runner/work/hetu/hetu/android-app/app/src/main/java/io/github/xgl34222220/hetu/ProxyAdblockChainActivity.kt:430:103 'val Icons.Rounded.FactCheck: ImageVector' is deprecated. Use the AutoMirrored version at Icons.AutoMirrored.Rounded.FactCheck.
2026-10-08T19:55:12.4497664Z w: file:///home/runner/work/hetu/hetu/android-app/app/src/main/java/io/github/xgl34222220/hetu/ProxyAppSelectionActivity.kt:134:48 'val Icons.Rounded.Sort: ImageVector' is deprecated. Use the AutoMirrored version at Icons.AutoMirrored.Rounded.Sort.
2026-10-08T19:55:12.4500257Z w: file:///home/runner/work/hetu/hetu/android-app/app/src/main/java/io/github/xgl34222220/hetu/ProxyComposeController.kt:664:35 Unnecessary safe call on a non-null receiver of type 'JSONObject'.
2026-10-08T19:55:12.4501716Z w: file:///home/runner/work/hetu/hetu/android-app/app/src/main/java/io/github/xgl34222220/hetu/ProxyLatencyHistory.kt:57:56 Unnecessary non-null assertion (!!) on a non-null receiver of type 'CoreLatencySample'.
2026-10-08T19:55:12.4503204Z w: file:///home/runner/work/hetu/hetu/android-app/app/src/main/java/io/github/xgl34222220/hetu/ProxyLatencyHistory.kt:60:78 Unnecessary non-null assertion (!!) on a non-null receiver of type 'CoreLatencySample'.
2026-10-08T19:55:12.4504815Z w: file:///home/runner/work/hetu/hetu/android-app/app/src/main/java/io/github/xgl34222220/hetu/ProxyReferenceExtras.kt:451:44 'val Icons.Rounded.Sort: ImageVector' is deprecated. Use the AutoMirrored version at Icons.AutoMirrored.Rounded.Sort.
2026-10-08T19:55:12.4507728Z w: file:///home/runner/work/hetu/hetu/android-app/app/src/main/java/io/github/xgl34222220/hetu/ProxyReferenceExtras.kt:846:44 'val Icons.Rounded.LibraryBooks: ImageVector' is deprecated. Use the AutoMirrored version at Icons.AutoMirrored.Rounded.LibraryBooks.
2026-10-08T19:55:12.4510818Z w: file:///home/runner/work/hetu/hetu/android-app/app/src/main/java/io/github/xgl34222220/hetu/ProxyReferenceExtras.kt:915:40 'val Icons.Rounded.OpenInNew: ImageVector' is deprecated. Use the AutoMirrored version at Icons.AutoMirrored.Rounded.OpenInNew.
2026-10-08T19:55:12.4513591Z w: file:///home/runner/work/hetu/hetu/android-app/app/src/main/java/io/github/xgl34222220/hetu/ProxySubStoreActivity.kt:313:56 'static field SOFT_INPUT_ADJUST_RESIZE: Int' is deprecated. Deprecated in Java.
2026-10-08T19:55:12.4517251Z w: file:///home/runner/work/hetu/hetu/android-app/app/src/main/java/io/github/xgl34222220/hetu/ProxySubscriptionActivity.kt:869:48 'val Icons.Rounded.FormatListBulleted: ImageVector' is deprecated. Use the AutoMirrored version at Icons.AutoMirrored.Rounded.FormatListBulleted.
2026-10-08T19:55:12.4520779Z w: file:///home/runner/work/hetu/hetu/android-app/app/src/main/java/io/github/xgl34222220/hetu/ReferenceProxyActivity.kt:1491:43 'val Icons.Rounded.Article: ImageVector' is deprecated. Use the AutoMirrored version at Icons.AutoMirrored.Rounded.Article.
2026-10-08T19:55:12.4523948Z w: file:///home/runner/work/hetu/hetu/android-app/app/src/main/java/io/github/xgl34222220/hetu/ReferenceProxyActivity.kt:4131:42 'val Icons.Rounded.Article: ImageVector' is deprecated. Use the AutoMirrored version at Icons.AutoMirrored.Rounded.Article.
2026-10-08T19:55:12.4527246Z w: file:///home/runner/work/hetu/hetu/android-app/app/src/main/java/io/github/xgl34222220/hetu/ReferenceProxyActivity.kt:4167:42 'val Icons.Rounded.AltRoute: ImageVector' is deprecated. Use the AutoMirrored version at Icons.AutoMirrored.Rounded.AltRoute.
2026-10-08T19:55:12.4530643Z w: file:///home/runner/work/hetu/hetu/android-app/app/src/main/java/io/github/xgl34222220/hetu/ReferenceProxyActivity.kt:4536:50 'val LocalClipboardManager: ProvidableCompositionLocal<ClipboardManager>' is deprecated. Use LocalClipboard instead which supports suspend functions.
2026-10-08T19:55:12.4534181Z w: file:///home/runner/work/hetu/hetu/android-app/app/src/main/java/io/github/xgl34222220/hetu/Runtime146FeaturesActivity.kt:85:38 'val Icons.Rounded.Article: ImageVector' is deprecated. Use the AutoMirrored version at Icons.AutoMirrored.Rounded.Article.
2026-10-08T19:55:12.4536992Z w: file:///home/runner/work/hetu/hetu/android-app/app/src/main/java/io/github/xgl34222220/hetu/SafeWebViewHost.kt:45:56 'static field SOFT_INPUT_ADJUST_RESIZE: Int' is deprecated. Deprecated in Java.
2026-10-08T19:55:12.4540476Z w: file:///home/runner/work/hetu/hetu/android-app/app/src/main/java/io/github/xgl34222220/hetu/SubscriptionHealthSettings.kt:91:22 'fun rememberModalBottomSheetState(skipPartiallyExpanded: Boolean = ..., confirmValueChange: (SheetValue) -> Boolean = ...): SheetState' is deprecated. Use rememberBottomSheetState with Hidden initial value.
2026-10-08T19:55:12.4544301Z w: file:///home/runner/work/hetu/hetu/android-app/app/src/main/java/io/github/xgl34222220/hetu/UiFeedback.kt:66:21 'val LocalClipboardManager: ProvidableCompositionLocal<ClipboardManager>' is deprecated. Use LocalClipboard instead which supports suspend functions.
2026-10-08T19:55:12.4547665Z w: file:///home/runner/work/hetu/hetu/android-app/app/src/main/java/io/github/xgl34222220/hetu/app/ActivityExtras.kt:136:42 'val Icons.Rounded.Article: ImageVector' is deprecated. Use the AutoMirrored version at Icons.AutoMirrored.Rounded.Article.
2026-10-08T19:55:12.4550782Z w: file:///home/runner/work/hetu/hetu/android-app/app/src/main/java/io/github/xgl34222220/hetu/app/AdblockScreen.kt:183:39 'val Icons.Rounded.HelpOutline: ImageVector' is deprecated. Use the AutoMirrored version at Icons.AutoMirrored.Rounded.HelpOutline.
2026-10-08T19:55:12.4554090Z w: file:///home/runner/work/hetu/hetu/android-app/app/src/main/java/io/github/xgl34222220/hetu/app/ConfigIconCompat.kt:12:27 'val Icons.Rounded.InsertDriveFile: ImageVector' is deprecated. Use the AutoMirrored version at Icons.AutoMirrored.Rounded.InsertDriveFile.
2026-10-08T19:55:12.4557334Z w: file:///home/runner/work/hetu/hetu/android-app/app/src/main/java/io/github/xgl34222220/hetu/app/ConnectionsScreen.kt:130:76 'val Icons.Rounded.Sort: ImageVector' is deprecated. Use the AutoMirrored version at Icons.AutoMirrored.Rounded.Sort.
2026-10-08T19:55:12.4561143Z w: file:///home/runner/work/hetu/hetu/android-app/app/src/main/java/io/github/xgl34222220/hetu/app/HxComponents.kt:774:22 'fun rememberModalBottomSheetState(skipPartiallyExpanded: Boolean = ..., confirmValueChange: (SheetValue) -> Boolean = ...): SheetState' is deprecated. Use rememberBottomSheetState with Hidden initial value.
2026-10-08T19:55:12.4564641Z w: file:///home/runner/work/hetu/hetu/android-app/app/src/main/java/io/github/xgl34222220/hetu/app/HxMotionKit.kt:295:64 Unnecessary non-null assertion (!!) on a non-null receiver of type 'HazeState'.
2026-10-08T19:55:12.4568020Z w: file:///home/runner/work/hetu/hetu/android-app/app/src/main/java/io/github/xgl34222220/hetu/app/PanelOverviewScreen.kt:96:43 'val Icons.Rounded.Sort: ImageVector' is deprecated. Use the AutoMirrored version at Icons.AutoMirrored.Rounded.Sort.
2026-10-08T19:55:12.4571051Z w: file:///home/runner/work/hetu/hetu/android-app/app/src/main/java/io/github/xgl34222220/hetu/app/ProxiesScreen.kt:242:58 'val Icons.Rounded.Sort: ImageVector' is deprecated. Use the AutoMirrored version at Icons.AutoMirrored.Rounded.Sort.
2026-10-08T19:55:12.4573502Z w: file:///home/runner/work/hetu/hetu/android-app/app/src/main/java/io/github/xgl34222220/hetu/app/ProxiesScreen.kt:1147:25 Condition is always 'true'.
2026-10-08T19:55:12.4575445Z w: file:///home/runner/work/hetu/hetu/android-app/app/src/main/java/io/github/xgl34222220/hetu/app/ProxiesScreen.kt:1149:25 Condition is always 'true'.
2026-10-08T19:55:12.4578148Z w: file:///home/runner/work/hetu/hetu/android-app/app/src/main/java/io/github/xgl34222220/hetu/app/RulesScreen.kt:106:59 'val Icons.Rounded.Rule: ImageVector' is deprecated. Use the AutoMirrored version at Icons.AutoMirrored.Rounded.Rule.
2026-10-08T19:55:12.4581674Z w: file:///home/runner/work/hetu/hetu/android-app/app/src/main/java/io/github/xgl34222220/hetu/home/HomeRoute.kt:165:22 'fun rememberModalBottomSheetState(skipPartiallyExpanded: Boolean = ..., confirmValueChange: (SheetValue) -> Boolean = ...): SheetState' is deprecated. Use rememberBottomSheetState with Hidden initial value.
2026-10-08T19:55:12.4584992Z w: file:///home/runner/work/hetu/hetu/android-app/app/src/main/java/io/github/xgl34222220/hetu/tools/ToolsVpnConsent.kt:40:25 Unnecessary non-null assertion (!!) on a non-null receiver of type 'ActivityResultLauncher<Intent>'.
2026-10-08T19:55:12.4587928Z w: file:///home/runner/work/hetu/hetu/android-app/app/src/main/java/io/github/xgl34222220/hetu/ui/BaiZeIcons.kt:75:43 'val Icons.Outlined.AltRoute: ImageVector' is deprecated. Use the AutoMirrored version at Icons.AutoMirrored.Outlined.AltRoute.
2026-10-08T19:55:12.4590870Z w: file:///home/runner/work/hetu/hetu/android-app/app/src/main/java/io/github/xgl34222220/hetu/ui/BaiZeIcons.kt:83:32 'val Icons.Outlined.Launch: ImageVector' is deprecated. Use the AutoMirrored version at Icons.AutoMirrored.Outlined.Launch.
2026-10-08T19:55:12.4593231Z w: file:///home/runner/work/hetu/hetu/android-app/app/src/main/java/io/github/xgl34222220/hetu/ui/HetuGlassDock.kt:317:25 Expression is unused.
2026-10-08T19:55:12.4595102Z w: file:///home/runner/work/hetu/hetu/android-app/app/src/main/java/io/github/xgl34222220/hetu/ui/HetuMotion.kt:131:13 Expression is unused.
2026-10-08T19:55:12.4596796Z w: file:///home/runner/work/hetu/hetu/android-app/app/src/main/java/io/github/xgl34222220/hetu/ui/HetuMotion.kt:165:13 Expression is unused.
2026-10-08T19:55:12.4599397Z w: file:///home/runner/work/hetu/hetu/android-app/app/src/main/java/io/github/xgl34222220/hetu/ui/HetuUiKit.kt:183:37 'val Icons.Outlined.Article: ImageVector' is deprecated. Use the AutoMirrored version at Icons.AutoMirrored.Outlined.Article.
2026-10-08T19:55:12.4602496Z w: file:///home/runner/work/hetu/hetu/android-app/app/src/main/java/io/github/xgl34222220/hetu/ui/HetuUiKit.kt:188:38 'val Icons.Outlined.AltRoute: ImageVector' is deprecated. Use the AutoMirrored version at Icons.AutoMirrored.Outlined.AltRoute.
2026-10-08T19:55:12.4606130Z w: file:///home/runner/work/hetu/hetu/android-app/app/src/main/java/io/github/xgl34222220/hetu/ui/ReferenceMiuix.kt:30:30 'fun rememberModalBottomSheetState(skipPartiallyExpanded: Boolean = ..., confirmValueChange: (SheetValue) -> Boolean = ...): SheetState' is deprecated. Use rememberBottomSheetState with Hidden initial value.
2026-10-08T19:55:18.1351648Z 
2026-10-08T19:55:18.1358992Z Note: Some input files use or override a deprecated API.
2026-10-08T19:55:18.1369077Z Note: Recompile with -Xlint:deprecation for details.
2026-10-08T19:55:18.1370428Z > Task :app:compileDebugJavaWithJavac
2026-10-08T19:55:19.1344390Z 
2026-10-08T19:55:19.1348221Z > Task :app:processDebugJavaRes
2026-10-08T19:55:20.9348984Z > Task :app:mergeDebugJavaResource
2026-10-08T19:55:49.2353810Z > Task :app:dexBuilderDebug
2026-10-08T19:55:53.7365057Z > Task :app:mergeProjectDexDebug
2026-10-08T19:55:59.3368894Z > Task :app:packageDebug
2026-10-08T19:55:59.3398589Z > Task :app:createDebugApkListingFileRedirect
2026-10-08T19:55:59.3399705Z > Task :app:assembleDebug
2026-10-08T19:55:59.4345804Z gradle/actions: Writing build results to /home/runner/work/_temp/.gradle-actions/build-results/__run_23-1791489204274.json
2026-10-08T19:55:59.4367887Z 
2026-10-08T19:55:59.4369835Z [Incubating] Problems report is available at: file:///home/runner/work/hetu/hetu/android-app/build/reports/problems/problems-report.html
2026-10-08T19:55:59.4372829Z 
2026-10-08T19:55:59.4374329Z BUILD SUCCESSFUL in 2m 38s
2026-10-08T19:55:59.4374966Z 39 actionable tasks: 39 executed
2026-10-08T19:55:59.4381300Z Consider enabling configuration cache to speed up this build: https://docs.gradle.org/9.5.0/userguide/configuration_cache_enabling.html
2026-10-08T19:55:59.7728512Z ##[group]Run python3 .github/scripts/verify_packaged_runtime.py verify
2026-10-08T19:55:59.7729425Z [36;1mpython3 .github/scripts/verify_packaged_runtime.py verify[0m
2026-10-08T19:55:59.7794521Z shell: /usr/bin/bash -e {0}
2026-10-08T19:55:59.7795036Z env:
2026-10-08T19:55:59.7795557Z   HETU_TEST_KEYSTORE: /home/runner/.android/hetu-ui10-debug.jks
2026-10-08T19:55:59.7796187Z   HETU_EXPECTED_TESTS: 707
2026-10-08T19:55:59.7796651Z   HETU_EXPECTED_TEST_XML_FILES: 77
2026-10-08T19:55:59.7797350Z   HETU_EXPECTED_VERSION: 2093
2026-10-08T19:55:59.7797879Z   HETU_EXPECTED_VERSION_NAME: 0.12.20-v20-glass
2026-10-08T19:55:59.7798604Z   JAVA_HOME: /opt/hostedtoolcache/Java_Temurin-Hotspot_jdk/21.0.12-1/x64
2026-10-08T19:55:59.7799402Z   JAVA_HOME_21_X64: /opt/hostedtoolcache/Java_Temurin-Hotspot_jdk/21.0.12-1/x64
2026-10-08T19:55:59.7800154Z   GRADLE_ACTION_ID: gradle/actions/setup-gradle
2026-10-08T19:55:59.7800699Z   GRADLE_USER_HOME: /home/runner/.gradle
2026-10-08T19:55:59.7801299Z   GRADLE_BUILD_ACTION_SETUP_COMPLETED: true
2026-10-08T19:55:59.7801844Z   GRADLE_BUILD_ACTION_CACHE_RESTORED: true
2026-10-08T19:55:59.7802567Z   DEVELOCITY_INJECTION_INIT_SCRIPT_NAME: gradle-actions.inject-develocity.init.gradle
2026-10-08T19:55:59.7803344Z   DEVELOCITY_INJECTION_CUSTOM_VALUE: gradle-actions
2026-10-08T19:55:59.7803928Z   GITHUB_DEPENDENCY_GRAPH_ENABLED: false
2026-10-08T19:55:59.7804418Z ##[endgroup]
2026-10-08T19:56:01.4638802Z APK runtime verified: all 23 entries match tested source/pinned originals
2026-10-08T19:56:01.4766705Z ##[group]Run python3 .github/scripts/verify_materialkolor_abi.py android-app/app/build/outputs/apk/debug/app-debug.apk --output out/verification/materialkolor-abi.json
2026-10-08T19:56:01.4768012Z [36;1mpython3 .github/scripts/verify_materialkolor_abi.py android-app/app/build/outputs/apk/debug/app-debug.apk --output out/verification/materialkolor-abi.json[0m
2026-10-08T19:56:01.4812421Z shell: /usr/bin/bash -e {0}
2026-10-08T19:56:01.4812788Z env:
2026-10-08T19:56:01.4813145Z   HETU_TEST_KEYSTORE: /home/runner/.android/hetu-ui10-debug.jks
2026-10-08T19:56:01.4813564Z   HETU_EXPECTED_TESTS: 707
2026-10-08T19:56:01.4813879Z   HETU_EXPECTED_TEST_XML_FILES: 77
2026-10-08T19:56:01.4814226Z   HETU_EXPECTED_VERSION: 2093
2026-10-08T19:56:01.4814562Z   HETU_EXPECTED_VERSION_NAME: 0.12.20-v20-glass
2026-10-08T19:56:01.4815026Z   JAVA_HOME: /opt/hostedtoolcache/Java_Temurin-Hotspot_jdk/21.0.12-1/x64
2026-10-08T19:56:01.4815577Z   JAVA_HOME_21_X64: /opt/hostedtoolcache/Java_Temurin-Hotspot_jdk/21.0.12-1/x64
2026-10-08T19:56:01.4816029Z   GRADLE_ACTION_ID: gradle/actions/setup-gradle
2026-10-08T19:56:01.4816393Z   GRADLE_USER_HOME: /home/runner/.gradle
2026-10-08T19:56:01.4816739Z   GRADLE_BUILD_ACTION_SETUP_COMPLETED: true
2026-10-08T19:56:01.4817243Z   GRADLE_BUILD_ACTION_CACHE_RESTORED: true
2026-10-08T19:56:01.4818035Z   DEVELOCITY_INJECTION_INIT_SCRIPT_NAME: gradle-actions.inject-develocity.init.gradle
2026-10-08T19:56:01.4818552Z   DEVELOCITY_INJECTION_CUSTOM_VALUE: gradle-actions
2026-10-08T19:56:01.4818934Z   GITHUB_DEPENDENCY_GRAPH_ENABLED: false
2026-10-08T19:56:01.4819255Z ##[endgroup]
2026-10-08T19:56:02.8736668Z MaterialKolor ABI: 687 constructors, 0 missing; expected-incompatible=False
2026-10-08T19:56:02.8866165Z ##[group]Run python3 .github/scripts/verify_hetu_icons.py apk android-app/app/build/outputs/apk/debug/app-debug.apk
2026-10-08T19:56:02.8866998Z [36;1mpython3 .github/scripts/verify_hetu_icons.py apk android-app/app/build/outputs/apk/debug/app-debug.apk[0m
2026-10-08T19:56:02.8913632Z shell: /usr/bin/bash -e {0}
2026-10-08T19:56:02.8914010Z env:
2026-10-08T19:56:02.8914374Z   HETU_TEST_KEYSTORE: /home/runner/.android/hetu-ui10-debug.jks
2026-10-08T19:56:02.8914810Z   HETU_EXPECTED_TESTS: 707
2026-10-08T19:56:02.8915135Z   HETU_EXPECTED_TEST_XML_FILES: 77
2026-10-08T19:56:02.8915511Z   HETU_EXPECTED_VERSION: 2093
2026-10-08T19:56:02.8915850Z   HETU_EXPECTED_VERSION_NAME: 0.12.20-v20-glass
2026-10-08T19:56:02.8916339Z   JAVA_HOME: /opt/hostedtoolcache/Java_Temurin-Hotspot_jdk/21.0.12-1/x64
2026-10-08T19:56:02.8916862Z   JAVA_HOME_21_X64: /opt/hostedtoolcache/Java_Temurin-Hotspot_jdk/21.0.12-1/x64
2026-10-08T19:56:02.8917649Z   GRADLE_ACTION_ID: gradle/actions/setup-gradle
2026-10-08T19:56:02.8918076Z   GRADLE_USER_HOME: /home/runner/.gradle
2026-10-08T19:56:02.8918442Z   GRADLE_BUILD_ACTION_SETUP_COMPLETED: true
2026-10-08T19:56:02.8918821Z   GRADLE_BUILD_ACTION_CACHE_RESTORED: true
2026-10-08T19:56:02.8919318Z   DEVELOCITY_INJECTION_INIT_SCRIPT_NAME: gradle-actions.inject-develocity.init.gradle
2026-10-08T19:56:02.8919854Z   DEVELOCITY_INJECTION_CUSTOM_VALUE: gradle-actions
2026-10-08T19:56:02.8920235Z   GITHUB_DEPENDENCY_GRAPH_ENABLED: false
2026-10-08T19:56:02.8920581Z ##[endgroup]
2026-10-08T19:56:02.9339539Z ic_hetu_official.webp: 12700 bytes SHA256 ffd1dce1e68a23d47a9a87faf69d94cfbd9dcb428f7cb538fb8ab305199d4fcf verified
2026-10-08T19:56:02.9341108Z ic_hetu_concept.png: 1446228 bytes SHA256 31573825cac7536b442c67e7a8110fd5584715a347d9cc8e9ef50cc66b29d04c verified
2026-10-08T19:56:02.9421479Z ##[group]Run set -euo pipefail
2026-10-08T19:56:02.9421876Z [36;1mset -euo pipefail[0m
2026-10-08T19:56:02.9422493Z [36;1mpython3 .github/scripts/run_continuity93_baseline_hosts.py --historical-before-output out/verification/historical-before92[0m
2026-10-08T19:56:02.9467238Z shell: /usr/bin/bash -e {0}
2026-10-08T19:56:02.9467643Z env:
2026-10-08T19:56:02.9468010Z   HETU_TEST_KEYSTORE: /home/runner/.android/hetu-ui10-debug.jks
2026-10-08T19:56:02.9468430Z   HETU_EXPECTED_TESTS: 707
2026-10-08T19:56:02.9468759Z   HETU_EXPECTED_TEST_XML_FILES: 77
2026-10-08T19:56:02.9469095Z   HETU_EXPECTED_VERSION: 2093
2026-10-08T19:56:02.9469443Z   HETU_EXPECTED_VERSION_NAME: 0.12.20-v20-glass
2026-10-08T19:56:02.9469903Z   JAVA_HOME: /opt/hostedtoolcache/Java_Temurin-Hotspot_jdk/21.0.12-1/x64
2026-10-08T19:56:02.9470448Z   JAVA_HOME_21_X64: /opt/hostedtoolcache/Java_Temurin-Hotspot_jdk/21.0.12-1/x64
2026-10-08T19:56:02.9470910Z   GRADLE_ACTION_ID: gradle/actions/setup-gradle
2026-10-08T19:56:02.9471316Z   GRADLE_USER_HOME: /home/runner/.gradle
2026-10-08T19:56:02.9471667Z   GRADLE_BUILD_ACTION_SETUP_COMPLETED: true
2026-10-08T19:56:02.9472033Z   GRADLE_BUILD_ACTION_CACHE_RESTORED: true
2026-10-08T19:56:02.9472521Z   DEVELOCITY_INJECTION_INIT_SCRIPT_NAME: gradle-actions.inject-develocity.init.gradle
2026-10-08T19:56:02.9473045Z   DEVELOCITY_INJECTION_CUSTOM_VALUE: gradle-actions
2026-10-08T19:56:02.9473425Z   GITHUB_DEPENDENCY_GRAPH_ENABLED: false
2026-10-08T19:56:02.9473764Z ##[endgroup]
2026-10-08T19:59:09.5169437Z {"result": "EXPECTED_REGRESSION_REPRODUCED", "observedRepositoryCommit": "d7295d1aec1ffb17a0076d4dc9a8a4122d467447", "baseCommit": "9fe4931b6e37a1a7f7f78fd27835069e2b354aa7", "changedProductionSourceOnly": "android-app/app/src/main/java/io/github/xgl34222220/hetu/ProxyDashboardRepository.kt", "beforeSourceSha256": "17bc176611252b07769dd90f1a59ce7ad094c4a9222b0d83fe430aa6e789d1ec", "currentSourceSha256": "645e162e0898956659d47ead906446b26f849d63f8bf9038d1fc3ea042aa8af0", "currentTestSourceSha256": "d967e9c9f4b4bdb46525125b0a3aede5321862e69dcdaa5c0f890a42c11dab68", "currentCheckoutUnmodified": true, "suite": "io.github.xgl34222220.hetu.CrossRepositoryMutation91Test", "testcaseFailures": {"otherRepositorySingleAndBulkSubscriptionUpdatesRefreshShortCacheButRejectedUpdatesRetainIt": {"type": "java.io.IOException", "message": "java.io.IOException: \u8282\u70b9\u5df2\u66f4\u65b0\uff0c\u8bf7\u5237\u65b0\u7b56\u7565\u7ec4"}, "otherRepositorySelectionsAndProviderUpdatesRejectLateWebsiteWavesOnlyAfterSuccess": {"type": "java.lang.AssertionError", "message": "java.lang.AssertionError: Other repository's confirmed select rejects the old website wave"}, "otherRepositorySuccessfulSelectionRefreshesNestedShortCacheAndFailedSelectionPreservesIt": {"type": "java.lang.AssertionError", "message": "java.lang.AssertionError: The other page's successful PUT must refresh Outer -> Nested expected:<74> but was:<65>"}, "otherRepositorySelectionsAndProviderUpdatesRejectLateSelectorMapsOnlyAfterSuccess": {"type": "java.lang.AssertionError", "message": "java.lang.AssertionError: Other repository's confirmed select rejects the old Selector map"}}, "xmlSha256": "56296508175bd70e8980c671d4eefdf241491e8747c2d97129a0f5ab28536719", "tests": 4, "skipped": 0, "gradleExit": 1, "limitations": "Controlled before/after real HTTP JVM fixture, not a phone, Root, radio or Google account result."}
2026-10-08T19:59:12.9299737Z {"exactNewLayerReversed": true, "verifiedPredecessorInputs": 405, "missingUnchangedNativeInputs": [], "currentCheckoutUnmodified": true, "baselineVersion": 2091, "baselineCommit": "d7295d1aec1ffb17a0076d4dc9a8a4122d467447", "historicalBefore": {"result": "PASS", "evidenceSourceCommit": "d7295d1aec1ffb17a0076d4dc9a8a4122d467447", "evidenceVersion": 2091, "candidateCommit": "cffeff08ee38c7220922bdb36de81b621c935daf", "candidateSourceUnaffected": true, "historicalOnly": true, "usedAsCurrent92Acceptance": false, "limitations": "Historical V20.91 before proof; V20.92 current HTTP regression, full XML and sustained traffic are validated separately."}}
2026-10-08T20:01:36.2583764Z {"result": "EXPECTED_REGRESSION_REPRODUCED", "observedRepositoryCommit": "cffeff08ee38c7220922bdb36de81b621c935daf", "baseCommit": "d7295d1aec1ffb17a0076d4dc9a8a4122d467447", "changedProductionSourcesOnly": ["android-app/app/src/main/java/io/github/xgl34222220/hetu/ProxyDashboardRepository.kt", "android-app/app/src/main/java/io/github/xgl34222220/hetu/ToolsRuntimeBridge.kt"], "beforeSourceSha256": {"android-app/app/src/main/java/io/github/xgl34222220/hetu/ProxyDashboardRepository.kt": "645e162e0898956659d47ead906446b26f849d63f8bf9038d1fc3ea042aa8af0", "android-app/app/src/main/java/io/github/xgl34222220/hetu/ToolsRuntimeBridge.kt": "06b93029f588704b80125d049bc014e28103701f103651b88b3752bba63535e4"}, "currentSourceSha256": {"android-app/app/src/main/java/io/github/xgl34222220/hetu/ProxyDashboardRepository.kt": "e0f81aa05b83c172f0264e588ad4a279ee8d8c68b28c62dec206d70262f8b67a", "android-app/app/src/main/java/io/github/xgl34222220/hetu/ToolsRuntimeBridge.kt": "4230adeed8960ff03f10855c69c9b6d8b60e4524896e9be89e1a9f4a9f3d55a3"}, "currentTestSourceSha256": "432dc8e167d2d28703517321b81e1130a73c1a3029c3c4f2d8db3727d248c606", "currentCheckoutUnmodified": true, "suite": "io.github.xgl34222220.hetu.RuleModeMutation92Test", "testcaseFailures": {"latePatchFromReplacedApiCannotReadBackOrConfirmThroughReplacement": {"type": "java.lang.AssertionError", "message": "java.lang.AssertionError: The tool must not confirm an operation from a replaced API"}, "toolRuleModeSwitchRejectsOldWebsiteWaveOnlyAfterSuccessfulPatch": {"type": "java.lang.AssertionError", "message": "java.lang.AssertionError: A successful tool PATCH must supersede the old route wave"}, "successfulPatchInvalidatesOldWaveBeforeHeldReadBackFinishesEvenWhenModeIsUnconfirmed": {"type": "java.lang.AssertionError", "message": "java.lang.AssertionError: A successful tool PATCH must supersede the old route wave"}, "lateReadBackCannotConfirmAfterApiReplacementEvenWhenOldApiReturnsRule": {"type": "java.lang.AssertionError", "message": "java.lang.AssertionError: The tool must not confirm an operation from a replaced API"}, "successfulPatchWithFailedConfirmationStillInvalidatesOldWebsiteWave": {"type": "java.lang.AssertionError", "message": "java.lang.AssertionError: A successful tool PATCH must supersede the old route wave"}}, "xmlSha256": "0edbd44212e647fffd5547b33cf4370d50e834b69816688666adb88f3a29919c", "tests": 5, "skipped": 0, "gradleExit": 1, "limitations": "Current V20.92 HTTP JVM regressions against pinned V20.91 source; no phone, Root, radio or Google authentication claim.", "processWallSeconds": 140.10573322200003}
2026-10-08T20:01:48.2419543Z {"exactNewLayerReversed": true, "verifiedPredecessorInputs": 406, "missingUnchangedNativeInputs": [], "currentCheckoutUnmodified": true, "baselineVersion": 2092, "baselineCommit": "cffeff08ee38c7220922bdb36de81b621c935daf", "historicalBefore": {"result": "PASS", "evidenceSourceCommit": "cffeff08ee38c7220922bdb36de81b621c935daf", "evidenceVersion": 2092, "candidateCommit": "868785ae5cacddcbf4fa2d3cd463ffe131868f29", "candidateSourceUnaffected": true, "historicalOnly": true, "usedAsCurrent93Acceptance": false, "nestedHistoricalEvidence": {"historical-before91": "d7295d1aec1ffb17a0076d4dc9a8a4122d467447"}, "limitations": "Historical V20.91 and V20.92 before proof; current V20.93 HTTP/UI results and sustained traffic are separately validated."}}
2026-10-08T20:01:48.2525167Z ##[group]Run set -euo pipefail
2026-10-08T20:01:48.2525600Z [36;1mset -euo pipefail[0m
2026-10-08T20:01:48.2526193Z [36;1mpython3 ../.github/scripts/continuity93_ci_config.py junit-filters > ../out/verification/function-junit-filter-args.txt[0m
2026-10-08T20:01:48.2526953Z [36;1mmapfile -t FUNCTION_TEST_FILTERS < ../out/verification/function-junit-filter-args.txt[0m
2026-10-08T20:01:48.2527957Z [36;1mgradle --no-daemon --max-workers=2 -Dorg.gradle.jvmargs='-Xmx3g -Dfile.encoding=UTF-8' :app:testDebugUnitTest \[0m
2026-10-08T20:01:48.2528717Z [36;1m  --tests '*RuntimeYaml15Test' --tests '*RuntimeStartup15Test' --tests '*AdblockSnifferTest' \[0m
2026-10-08T20:01:48.2529412Z [36;1m  --tests '*ConceptParity57Test' --tests '*PanelConceptModelTest' --tests '*SettingsConceptParityTest' \[0m
2026-10-08T20:01:48.2530606Z [36;1m  --tests '*CoreManagerConcept57Test' --tests '*SettingsBackupParity57Test' --tests '*ToolsConceptParityTest' --tests '*NativeConceptScreenshotTest' --tests '*SettingsPickerParity58Test' --tests '*LargeTitleParity59Test' --tests '*BootStartup60Test' \[0m
2026-10-08T20:01:48.2534942Z [36;1m  --tests '*ConceptStateCoverageTest' --tests '*ConceptRemainingCoverageTest' --tests '*WanDetails61Test' --tests '*MainLanguageBindingTest' --tests '*PanelLayoutDefaultsTest' --tests '*Runtime146ContractTest' --tests '*PanelModel11Test' --tests '*PanelActionSafetyTest' --tests '*ProxyLatencyRegressionTest' --tests '*DocumentPickerSafetyTest' --tests '*AppCrashReportTest' --tests '*ProxyScriptSafetyTest' --tests '*RootAutostartTest' --tests '*CustomPaletteCompatibilityTest' --tests '*ProxyAdblockExportTest' --tests '*RootHealthUpgradeTest' --tests '*RootNetworkRecoveryTest' --tests '*ProxyNetworkJournalTest' --tests '*NetworkDiagnosticsTest' --tests '*NetworkRecoveryStressTest' --tests '*JournalReliabilityTest' --tests '*NewUiIntegrationTest' --tests '*NewUiShell83Test' --tests '*NewHomePanelInteractionTest' --tests '*UI83ToolsTest' --tests '*UI83EditorHistoryTest' --tests '*ToastFeedbackTest' --tests '*ControllerAuthenticationTest' --tests '*LegacyControllerCredentialTest' --tests '*ControllerReadStateTest' --tests '*PanelControllerErrorTest' --tests '*GoogleConnectionEvidenceTest' --tests '*ToolsPdf85Test' --tests '*ToolsDiagIntakeTest' --tests '*ToolsDnsConsentIntakeTest' "${FUNCTION_TEST_FILTERS[@]}" --stacktrace[0m
2026-10-08T20:01:48.2585485Z shell: /usr/bin/bash -e {0}
2026-10-08T20:01:48.2585865Z env:
2026-10-08T20:01:48.2586462Z   HETU_TEST_KEYSTORE: /home/runner/.android/hetu-ui10-debug.jks
2026-10-08T20:01:48.2586905Z   HETU_EXPECTED_TESTS: 707
2026-10-08T20:01:48.2587490Z   HETU_EXPECTED_TEST_XML_FILES: 77
2026-10-08T20:01:48.2587883Z   HETU_EXPECTED_VERSION: 2093
2026-10-08T20:01:48.2588259Z   HETU_EXPECTED_VERSION_NAME: 0.12.20-v20-glass
2026-10-08T20:01:48.2588747Z   JAVA_HOME: /opt/hostedtoolcache/Java_Temurin-Hotspot_jdk/21.0.12-1/x64
2026-10-08T20:01:48.2589318Z   JAVA_HOME_21_X64: /opt/hostedtoolcache/Java_Temurin-Hotspot_jdk/21.0.12-1/x64
2026-10-08T20:01:48.2589826Z   GRADLE_ACTION_ID: gradle/actions/setup-gradle
2026-10-08T20:01:48.2590216Z   GRADLE_USER_HOME: /home/runner/.gradle
2026-10-08T20:01:48.2590579Z   GRADLE_BUILD_ACTION_SETUP_COMPLETED: true
2026-10-08T20:01:48.2590955Z   GRADLE_BUILD_ACTION_CACHE_RESTORED: true
2026-10-08T20:01:48.2591460Z   DEVELOCITY_INJECTION_INIT_SCRIPT_NAME: gradle-actions.inject-develocity.init.gradle
2026-10-08T20:01:48.2592003Z   DEVELOCITY_INJECTION_CUSTOM_VALUE: gradle-actions
2026-10-08T20:01:48.2592396Z   GITHUB_DEPENDENCY_GRAPH_ENABLED: false
2026-10-08T20:01:48.2592746Z ##[endgroup]
2026-10-08T20:02:00.6774181Z To honour the JVM settings for this build a single-use Daemon process will be forked. For more on this, please refer to https://docs.gradle.org/9.5.0/userguide/gradle_daemon.html#sec:disabling_the_daemon in the Gradle documentation.
2026-10-08T20:02:01.5769281Z Daemon will be stopped at the end of the build 
2026-10-08T20:02:09.2768343Z Configuration 'debugCompileClasspath' was resolved during configuration time.
2026-10-08T20:02:09.2834437Z This is a build performance and scalability issue.
2026-10-08T20:02:09.2847282Z See https://github.com/gradle/gradle/issues/2298
2026-10-08T20:02:09.2848151Z Run with --info for a stacktrace.
2026-10-08T20:02:09.4802877Z Configuration 'debugRuntimeClasspath' was resolved during configuration time.
2026-10-08T20:02:09.4816619Z This is a build performance and scalability issue.
2026-10-08T20:02:09.4818102Z See https://github.com/gradle/gradle/issues/2298
2026-10-08T20:02:09.4819017Z Run with --info for a stacktrace.
2026-10-08T20:02:09.9779914Z > Task :app:preBuild UP-TO-DATE
2026-10-08T20:02:09.9780601Z > Task :app:preDebugBuild UP-TO-DATE
2026-10-08T20:02:10.0799765Z > Task :app:generateDebugBuildConfig UP-TO-DATE
2026-10-08T20:02:10.0819322Z > Task :app:generateDebugResources UP-TO-DATE
2026-10-08T20:02:10.1765267Z > Task :app:prepareLibraryDefinitionsDebug UP-TO-DATE
2026-10-08T20:02:10.1788825Z > Task :app:packageDebugResources UP-TO-DATE
2026-10-08T20:02:10.3767310Z > Task :app:processDebugNavigationResources UP-TO-DATE
2026-10-08T20:02:10.3790978Z > Task :app:parseDebugLocalResources UP-TO-DATE
2026-10-08T20:02:10.3818673Z > Task :app:generateDebugRFile UP-TO-DATE
2026-10-08T20:02:10.6765887Z > Task :app:compileDebugKotlin UP-TO-DATE
2026-10-08T20:02:10.6790717Z > Task :app:javaPreCompileDebug UP-TO-DATE
2026-10-08T20:02:10.6808601Z > Task :app:compileDebugJavaWithJavac UP-TO-DATE
2026-10-08T20:02:10.7770005Z > Task :app:checkDebugAarMetadata UP-TO-DATE
2026-10-08T20:02:10.7808804Z > Task :app:mapDebugSourceSetPaths UP-TO-DATE
2026-10-08T20:02:10.7809964Z > Task :app:compileDebugNavigationResources UP-TO-DATE
2026-10-08T20:02:10.8765205Z > Task :app:mergeDebugResources UP-TO-DATE
2026-10-08T20:02:10.8789177Z > Task :app:createDebugCompatibleScreenManifests UP-TO-DATE
2026-10-08T20:02:10.8818801Z > Task :app:extractDeepLinksDebug UP-TO-DATE
2026-10-08T20:02:10.9768703Z > Task :app:processDebugMainManifest UP-TO-DATE
2026-10-08T20:02:10.9788972Z > Task :app:processDebugManifest UP-TO-DATE
2026-10-08T20:02:11.0781534Z > Task :app:processDebugManifestForPackage UP-TO-DATE
2026-10-08T20:02:11.0798710Z > Task :app:processDebugResources UP-TO-DATE
2026-10-08T20:02:11.3765789Z > Task :app:bundleDebugClassesToCompileJar
2026-10-08T20:02:11.3778341Z > Task :app:preDebugUnitTestBuild UP-TO-DATE
2026-10-08T20:02:11.3799176Z > Task :app:bundleDebugClassesToRuntimeJar
2026-10-08T20:02:13.0815239Z > Task :app:javaPreCompileDebugUnitTest
2026-10-08T20:02:13.0838929Z > Task :app:generateDebugAssets UP-TO-DATE
2026-10-08T20:02:13.0868463Z > Task :app:mergeDebugAssets UP-TO-DATE
2026-10-08T20:02:14.9794229Z > Task :app:packageDebugUnitTestForUnitTest
2026-10-08T20:02:15.6766945Z > Task :app:mergeDebugUnitTestManifest
2026-10-08T20:02:15.6768259Z > Task :app:processDebugUnitTestManifest
2026-10-08T20:02:15.6769059Z > Task :app:generateDebugUnitTestConfig
2026-10-08T20:02:15.6769851Z > Task :app:processDebugJavaRes UP-TO-DATE
2026-10-08T20:02:41.3763885Z > Task :app:compileDebugUnitTestKotlin
2026-10-08T20:02:52.0771937Z w: file:///home/runner/work/hetu/hetu/android-app/app/src/test/java/io/github/xgl34222220/hetu/CompactHomeDashboardTest.kt:36:26 'fun <reified A : ComponentActivity> createAndroidComposeRule(effectContext: CoroutineContext = ...): AndroidComposeTestRule<ActivityScenarioRule<A>, A>' is deprecated. Use `androidx.compose.ui.test.junit4.v2.createAndroidComposeRule` instead. The v2 APIs use StandardTestDispatcher instead of UnconfinedTestDispatcher, which aligns with standard coroutine behavior by queuing tasks rather than executing them immediately. Tests relying on immediate execution may require explicit synchronization. Please refer to the migration guide for more details.
2026-10-08T20:02:52.0793754Z w: file:///home/runner/work/hetu/hetu/android-app/app/src/test/java/io/github/xgl34222220/hetu/ConceptParity57Test.kt:26:26 'fun <reified A : ComponentActivity> createAndroidComposeRule(effectContext: CoroutineContext = ...): AndroidComposeTestRule<ActivityScenarioRule<A>, A>' is deprecated. Use `androidx.compose.ui.test.junit4.v2.createAndroidComposeRule` instead. The v2 APIs use StandardTestDispatcher instead of UnconfinedTestDispatcher, which aligns with standard coroutine behavior by queuing tasks rather than executing them immediately. Tests relying on immediate execution may require explicit synchronization. Please refer to the migration guide for more details.
2026-10-08T20:02:52.0833345Z w: file:///home/runner/work/hetu/hetu/android-app/app/src/test/java/io/github/xgl34222220/hetu/ConceptRemainingCoverageTest.kt:59:26 'fun <reified A : ComponentActivity> createAndroidComposeRule(effectContext: CoroutineContext = ...): AndroidComposeTestRule<ActivityScenarioRule<A>, A>' is deprecated. Use `androidx.compose.ui.test.junit4.v2.createAndroidComposeRule` instead. The v2 APIs use StandardTestDispatcher instead of UnconfinedTestDispatcher, which aligns with standard coroutine behavior by queuing tasks rather than executing them immediately. Tests relying on immediate execution may require explicit synchronization. Please refer to the migration guide for more details.
2026-10-08T20:02:52.0872382Z w: file:///home/runner/work/hetu/hetu/android-app/app/src/test/java/io/github/xgl34222220/hetu/ConceptStateCoverageTest.kt:52:26 'fun <reified A : ComponentActivity> createAndroidComposeRule(effectContext: CoroutineContext = ...): AndroidComposeTestRule<ActivityScenarioRule<A>, A>' is deprecated. Use `androidx.compose.ui.test.junit4.v2.createAndroidComposeRule` instead. The v2 APIs use StandardTestDispatcher instead of UnconfinedTestDispatcher, which aligns with standard coroutine behavior by queuing tasks rather than executing them immediately. Tests relying on immediate execution may require explicit synchronization. Please refer to the migration guide for more details.
2026-10-08T20:02:52.0902304Z w: file:///home/runner/work/hetu/hetu/android-app/app/src/test/java/io/github/xgl34222220/hetu/CustomPaletteCompatibilityTest.kt:33:26 'fun <reified A : ComponentActivity> createAndroidComposeRule(effectContext: CoroutineContext = ...): AndroidComposeTestRule<ActivityScenarioRule<A>, A>' is deprecated. Use `androidx.compose.ui.test.junit4.v2.createAndroidComposeRule` instead. The v2 APIs use StandardTestDispatcher instead of UnconfinedTestDispatcher, which aligns with standard coroutine behavior by queuing tasks rather than executing them immediately. Tests relying on immediate execution may require explicit synchronization. Please refer to the migration guide for more details.
2026-10-08T20:02:52.0912569Z w: file:///home/runner/work/hetu/hetu/android-app/app/src/test/java/io/github/xgl34222220/hetu/GlassDockFeedback93Test.kt:43:26 'fun <reified A : ComponentActivity> createAndroidComposeRule(effectContext: CoroutineContext = ...): AndroidComposeTestRule<ActivityScenarioRule<A>, A>' is deprecated. Use `androidx.compose.ui.test.junit4.v2.createAndroidComposeRule` instead. The v2 APIs use StandardTestDispatcher instead of UnconfinedTestDispatcher, which aligns with standard coroutine behavior by queuing tasks rather than executing them immediately. Tests relying on immediate execution may require explicit synchronization. Please refer to the migration guide for more details.
2026-10-08T20:02:52.0952012Z w: file:///home/runner/work/hetu/hetu/android-app/app/src/test/java/io/github/xgl34222220/hetu/GlassMaterial90Test.kt:37:26 'fun <reified A : ComponentActivity> createAndroidComposeRule(effectContext: CoroutineContext = ...): AndroidComposeTestRule<ActivityScenarioRule<A>, A>' is deprecated. Use `androidx.compose.ui.test.junit4.v2.createAndroidComposeRule` instead. The v2 APIs use StandardTestDispatcher instead of UnconfinedTestDispatcher, which aligns with standard coroutine behavior by queuing tasks rather than executing them immediately. Tests relying on immediate execution may require explicit synchronization. Please refer to the migration guide for more details.
2026-10-08T20:02:52.0972637Z w: file:///home/runner/work/hetu/hetu/android-app/app/src/test/java/io/github/xgl34222220/hetu/HomeUi10GridTest.kt:39:24 'fun <reified A : ComponentActivity> createAndroidComposeRule(effectContext: CoroutineContext = ...): AndroidComposeTestRule<ActivityScenarioRule<A>, A>' is deprecated. Use `androidx.compose.ui.test.junit4.v2.createAndroidComposeRule` instead. The v2 APIs use StandardTestDispatcher instead of UnconfinedTestDispatcher, which aligns with standard coroutine behavior by queuing tasks rather than executing them immediately. Tests relying on immediate execution may require explicit synchronization. Please refer to the migration guide for more details.
2026-10-08T20:02:52.0992406Z w: file:///home/runner/work/hetu/hetu/android-app/app/src/test/java/io/github/xgl34222220/hetu/HomeUi11Test.kt:32:26 'fun <reified A : ComponentActivity> createAndroidComposeRule(effectContext: CoroutineContext = ...): AndroidComposeTestRule<ActivityScenarioRule<A>, A>' is deprecated. Use `androidx.compose.ui.test.junit4.v2.createAndroidComposeRule` instead. The v2 APIs use StandardTestDispatcher instead of UnconfinedTestDispatcher, which aligns with standard coroutine behavior by queuing tasks rather than executing them immediately. Tests relying on immediate execution may require explicit synchronization. Please refer to the migration guide for more details.
2026-10-08T20:02:52.1002494Z w: file:///home/runner/work/hetu/hetu/android-app/app/src/test/java/io/github/xgl34222220/hetu/HomeUi5RegressionTest.kt:34:26 'fun <reified A : ComponentActivity> createAndroidComposeRule(effectContext: CoroutineContext = ...): AndroidComposeTestRule<ActivityScenarioRule<A>, A>' is deprecated. Use `androidx.compose.ui.test.junit4.v2.createAndroidComposeRule` instead. The v2 APIs use StandardTestDispatcher instead of UnconfinedTestDispatcher, which aligns with standard coroutine behavior by queuing tasks rather than executing them immediately. Tests relying on immediate execution may require explicit synchronization. Please refer to the migration guide for more details.
2026-10-08T20:02:52.1011031Z w: file:///home/runner/work/hetu/hetu/android-app/app/src/test/java/io/github/xgl34222220/hetu/HomeUi6RegressionTest.kt:39:24 'fun <reified A : ComponentActivity> createAndroidComposeRule(effectContext: CoroutineContext = ...): AndroidComposeTestRule<ActivityScenarioRule<A>, A>' is deprecated. Use `androidx.compose.ui.test.junit4.v2.createAndroidComposeRule` instead. The v2 APIs use StandardTestDispatcher instead of UnconfinedTestDispatcher, which aligns with standard coroutine behavior by queuing tasks rather than executing them immediately. Tests relying on immediate execution may require explicit synchronization. Please refer to the migration guide for more details.
2026-10-08T20:02:52.1019870Z w: file:///home/runner/work/hetu/hetu/android-app/app/src/test/java/io/github/xgl34222220/hetu/HomeUi7InteractionTest.kt:36:26 'fun <reified A : ComponentActivity> createAndroidComposeRule(effectContext: CoroutineContext = ...): AndroidComposeTestRule<ActivityScenarioRule<A>, A>' is deprecated. Use `androidx.compose.ui.test.junit4.v2.createAndroidComposeRule` instead. The v2 APIs use StandardTestDispatcher instead of UnconfinedTestDispatcher, which aligns with standard coroutine behavior by queuing tasks rather than executing them immediately. Tests relying on immediate execution may require explicit synchronization. Please refer to the migration guide for more details.
2026-10-08T20:02:52.1028189Z w: file:///home/runner/work/hetu/hetu/android-app/app/src/test/java/io/github/xgl34222220/hetu/HomeUi8ExperienceTest.kt:30:26 'fun <reified A : ComponentActivity> createAndroidComposeRule(effectContext: CoroutineContext = ...): AndroidComposeTestRule<ActivityScenarioRule<A>, A>' is deprecated. Use `androidx.compose.ui.test.junit4.v2.createAndroidComposeRule` instead. The v2 APIs use StandardTestDispatcher instead of UnconfinedTestDispatcher, which aligns with standard coroutine behavior by queuing tasks rather than executing them immediately. Tests relying on immediate execution may require explicit synchronization. Please refer to the migration guide for more details.
2026-10-08T20:02:52.1037315Z w: file:///home/runner/work/hetu/hetu/android-app/app/src/test/java/io/github/xgl34222220/hetu/HomeUi9BentoTest.kt:32:26 'fun <reified A : ComponentActivity> createAndroidComposeRule(effectContext: CoroutineContext = ...): AndroidComposeTestRule<ActivityScenarioRule<A>, A>' is deprecated. Use `androidx.compose.ui.test.junit4.v2.createAndroidComposeRule` instead. The v2 APIs use StandardTestDispatcher instead of UnconfinedTestDispatcher, which aligns with standard coroutine behavior by queuing tasks rather than executing them immediately. Tests relying on immediate execution may require explicit synchronization. Please refer to the migration guide for more details.
2026-10-08T20:02:52.1045640Z w: file:///home/runner/work/hetu/hetu/android-app/app/src/test/java/io/github/xgl34222220/hetu/MainLanguageBindingTest.kt:39:26 'fun <reified A : ComponentActivity> createAndroidComposeRule(effectContext: CoroutineContext = ...): AndroidComposeTestRule<ActivityScenarioRule<A>, A>' is deprecated. Use `androidx.compose.ui.test.junit4.v2.createAndroidComposeRule` instead. The v2 APIs use StandardTestDispatcher instead of UnconfinedTestDispatcher, which aligns with standard coroutine behavior by queuing tasks rather than executing them immediately. Tests relying on immediate execution may require explicit synchronization. Please refer to the migration guide for more details.
2026-10-08T20:02:52.1054546Z w: file:///home/runner/work/hetu/hetu/android-app/app/src/test/java/io/github/xgl34222220/hetu/MotionUi12Test.kt:35:26 'fun <reified A : ComponentActivity> createAndroidComposeRule(effectContext: CoroutineContext = ...): AndroidComposeTestRule<ActivityScenarioRule<A>, A>' is deprecated. Use `androidx.compose.ui.test.junit4.v2.createAndroidComposeRule` instead. The v2 APIs use StandardTestDispatcher instead of UnconfinedTestDispatcher, which aligns with standard coroutine behavior by queuing tasks rather than executing them immediately. Tests relying on immediate execution may require explicit synchronization. Please refer to the migration guide for more details.
2026-10-08T20:02:52.1063052Z w: file:///home/runner/work/hetu/hetu/android-app/app/src/test/java/io/github/xgl34222220/hetu/NativeConceptScreenshotTest.kt:46:26 'fun <reified A : ComponentActivity> createAndroidComposeRule(effectContext: CoroutineContext = ...): AndroidComposeTestRule<ActivityScenarioRule<A>, A>' is deprecated. Use `androidx.compose.ui.test.junit4.v2.createAndroidComposeRule` instead. The v2 APIs use StandardTestDispatcher instead of UnconfinedTestDispatcher, which aligns with standard coroutine behavior by queuing tasks rather than executing them immediately. Tests relying on immediate execution may require explicit synchronization. Please refer to the migration guide for more details.
2026-10-08T20:02:52.1071922Z w: file:///home/runner/work/hetu/hetu/android-app/app/src/test/java/io/github/xgl34222220/hetu/NativeDockUi4Test.kt:38:26 'fun <reified A : ComponentActivity> createAndroidComposeRule(effectContext: CoroutineContext = ...): AndroidComposeTestRule<ActivityScenarioRule<A>, A>' is deprecated. Use `androidx.compose.ui.test.junit4.v2.createAndroidComposeRule` instead. The v2 APIs use StandardTestDispatcher instead of UnconfinedTestDispatcher, which aligns with standard coroutine behavior by queuing tasks rather than executing them immediately. Tests relying on immediate execution may require explicit synchronization. Please refer to the migration guide for more details.
2026-10-08T20:02:52.1080777Z w: file:///home/runner/work/hetu/hetu/android-app/app/src/test/java/io/github/xgl34222220/hetu/NewHomePanelInteractionTest.kt:42:26 'fun <reified A : ComponentActivity> createAndroidComposeRule(effectContext: CoroutineContext = ...): AndroidComposeTestRule<ActivityScenarioRule<A>, A>' is deprecated. Use `androidx.compose.ui.test.junit4.v2.createAndroidComposeRule` instead. The v2 APIs use StandardTestDispatcher instead of UnconfinedTestDispatcher, which aligns with standard coroutine behavior by queuing tasks rather than executing them immediately. Tests relying on immediate execution may require explicit synchronization. Please refer to the migration guide for more details.
2026-10-08T20:02:52.1089339Z w: file:///home/runner/work/hetu/hetu/android-app/app/src/test/java/io/github/xgl34222220/hetu/NewUiIntegrationTest.kt:24:26 'fun <reified A : ComponentActivity> createAndroidComposeRule(effectContext: CoroutineContext = ...): AndroidComposeTestRule<ActivityScenarioRule<A>, A>' is deprecated. Use `androidx.compose.ui.test.junit4.v2.createAndroidComposeRule` instead. The v2 APIs use StandardTestDispatcher instead of UnconfinedTestDispatcher, which aligns with standard coroutine behavior by queuing tasks rather than executing them immediately. Tests relying on immediate execution may require explicit synchronization. Please refer to the migration guide for more details.
2026-10-08T20:02:52.1097816Z w: file:///home/runner/work/hetu/hetu/android-app/app/src/test/java/io/github/xgl34222220/hetu/NewUiShell83Test.kt:25:26 'fun <reified A : ComponentActivity> createAndroidComposeRule(effectContext: CoroutineContext = ...): AndroidComposeTestRule<ActivityScenarioRule<A>, A>' is deprecated. Use `androidx.compose.ui.test.junit4.v2.createAndroidComposeRule` instead. The v2 APIs use StandardTestDispatcher instead of UnconfinedTestDispatcher, which aligns with standard coroutine behavior by queuing tasks rather than executing them immediately. Tests relying on immediate execution may require explicit synchronization. Please refer to the migration guide for more details.
2026-10-08T20:02:52.1102853Z w: file:///home/runner/work/hetu/hetu/android-app/app/src/test/java/io/github/xgl34222220/hetu/NewUiShell83Test.kt:48:9 Only safe (?.) or non-null asserted (!!.) calls are allowed on a nullable receiver of type 'File?'.
2026-10-08T20:02:52.1108440Z w: file:///home/runner/work/hetu/hetu/android-app/app/src/test/java/io/github/xgl34222220/hetu/PanelControllerErrorTest.kt:33:26 'fun <reified A : ComponentActivity> createAndroidComposeRule(effectContext: CoroutineContext = ...): AndroidComposeTestRule<ActivityScenarioRule<A>, A>' is deprecated. Use `androidx.compose.ui.test.junit4.v2.createAndroidComposeRule` instead. The v2 APIs use StandardTestDispatcher instead of UnconfinedTestDispatcher, which aligns with standard coroutine behavior by queuing tasks rather than executing them immediately. Tests relying on immediate execution may require explicit synchronization. Please refer to the migration guide for more details.
2026-10-08T20:02:52.1117621Z w: file:///home/runner/work/hetu/hetu/android-app/app/src/test/java/io/github/xgl34222220/hetu/PanelExpansionAnchorTest.kt:36:26 'fun <reified A : ComponentActivity> createAndroidComposeRule(effectContext: CoroutineContext = ...): AndroidComposeTestRule<ActivityScenarioRule<A>, A>' is deprecated. Use `androidx.compose.ui.test.junit4.v2.createAndroidComposeRule` instead. The v2 APIs use StandardTestDispatcher instead of UnconfinedTestDispatcher, which aligns with standard coroutine behavior by queuing tasks rather than executing them immediately. Tests relying on immediate execution may require explicit synchronization. Please refer to the migration guide for more details.
2026-10-08T20:02:52.1125325Z w: file:///home/runner/work/hetu/hetu/android-app/app/src/test/java/io/github/xgl34222220/hetu/PanelNavigation13Test.kt:36:26 'fun <reified A : ComponentActivity> createAndroidComposeRule(effectContext: CoroutineContext = ...): AndroidComposeTestRule<ActivityScenarioRule<A>, A>' is deprecated. Use `androidx.compose.ui.test.junit4.v2.createAndroidComposeRule` instead. The v2 APIs use StandardTestDispatcher instead of UnconfinedTestDispatcher, which aligns with standard coroutine behavior by queuing tasks rather than executing them immediately. Tests relying on immediate execution may require explicit synchronization. Please refer to the migration guide for more details.
2026-10-08T20:02:52.1134335Z w: file:///home/runner/work/hetu/hetu/android-app/app/src/test/java/io/github/xgl34222220/hetu/PanelPolish14Test.kt:37:24 'fun <reified A : ComponentActivity> createAndroidComposeRule(effectContext: CoroutineContext = ...): AndroidComposeTestRule<ActivityScenarioRule<A>, A>' is deprecated. Use `androidx.compose.ui.test.junit4.v2.createAndroidComposeRule` instead. The v2 APIs use StandardTestDispatcher instead of UnconfinedTestDispatcher, which aligns with standard coroutine behavior by queuing tasks rather than executing them immediately. Tests relying on immediate execution may require explicit synchronization. Please refer to the migration guide for more details.
2026-10-08T20:02:52.1143146Z w: file:///home/runner/work/hetu/hetu/android-app/app/src/test/java/io/github/xgl34222220/hetu/PanelTouchFeedback93Test.kt:36:26 'fun <reified A : ComponentActivity> createAndroidComposeRule(effectContext: CoroutineContext = ...): AndroidComposeTestRule<ActivityScenarioRule<A>, A>' is deprecated. Use `androidx.compose.ui.test.junit4.v2.createAndroidComposeRule` instead. The v2 APIs use StandardTestDispatcher instead of UnconfinedTestDispatcher, which aligns with standard coroutine behavior by queuing tasks rather than executing them immediately. Tests relying on immediate execution may require explicit synchronization. Please refer to the migration guide for more details.
2026-10-08T20:02:52.1151959Z w: file:///home/runner/work/hetu/hetu/android-app/app/src/test/java/io/github/xgl34222220/hetu/PanelUi11Test.kt:35:26 'fun <reified A : ComponentActivity> createAndroidComposeRule(effectContext: CoroutineContext = ...): AndroidComposeTestRule<ActivityScenarioRule<A>, A>' is deprecated. Use `androidx.compose.ui.test.junit4.v2.createAndroidComposeRule` instead. The v2 APIs use StandardTestDispatcher instead of UnconfinedTestDispatcher, which aligns with standard coroutine behavior by queuing tasks rather than executing them immediately. Tests relying on immediate execution may require explicit synchronization. Please refer to the migration guide for more details.
2026-10-08T20:02:52.1157217Z w: file:///home/runner/work/hetu/hetu/android-app/app/src/test/java/io/github/xgl34222220/hetu/RuleRequestOwnership90Test.kt:424:70 Unnecessary non-null assertion (!!) on a non-null receiver of type 'Intent'.
2026-10-08T20:02:52.1160044Z w: file:///home/runner/work/hetu/hetu/android-app/app/src/test/java/io/github/xgl34222220/hetu/RuleRequestOwnership90Test.kt:433:69 Unnecessary non-null assertion (!!) on a non-null receiver of type 'Intent'.
2026-10-08T20:02:52.1166018Z w: file:///home/runner/work/hetu/hetu/android-app/app/src/test/java/io/github/xgl34222220/hetu/SettingsConceptParityTest.kt:32:26 'fun <reified A : ComponentActivity> createAndroidComposeRule(effectContext: CoroutineContext = ...): AndroidComposeTestRule<ActivityScenarioRule<A>, A>' is deprecated. Use `androidx.compose.ui.test.junit4.v2.createAndroidComposeRule` instead. The v2 APIs use StandardTestDispatcher instead of UnconfinedTestDispatcher, which aligns with standard coroutine behavior by queuing tasks rather than executing them immediately. Tests relying on immediate execution may require explicit synchronization. Please refer to the migration guide for more details.
2026-10-08T20:02:52.1174775Z w: file:///home/runner/work/hetu/hetu/android-app/app/src/test/java/io/github/xgl34222220/hetu/SettingsGlassContinuationTest.kt:38:26 'fun <reified A : ComponentActivity> createAndroidComposeRule(effectContext: CoroutineContext = ...): AndroidComposeTestRule<ActivityScenarioRule<A>, A>' is deprecated. Use `androidx.compose.ui.test.junit4.v2.createAndroidComposeRule` instead. The v2 APIs use StandardTestDispatcher instead of UnconfinedTestDispatcher, which aligns with standard coroutine behavior by queuing tasks rather than executing them immediately. Tests relying on immediate execution may require explicit synchronization. Please refer to the migration guide for more details.
2026-10-08T20:02:52.1183802Z w: file:///home/runner/work/hetu/hetu/android-app/app/src/test/java/io/github/xgl34222220/hetu/StartupConfigViewerFeedbackTest.kt:74:26 'fun <reified A : ComponentActivity> createAndroidComposeRule(effectContext: CoroutineContext = ...): AndroidComposeTestRule<ActivityScenarioRule<A>, A>' is deprecated. Use `androidx.compose.ui.test.junit4.v2.createAndroidComposeRule` instead. The v2 APIs use StandardTestDispatcher instead of UnconfinedTestDispatcher, which aligns with standard coroutine behavior by queuing tasks rather than executing them immediately. Tests relying on immediate execution may require explicit synchronization. Please refer to the migration guide for more details.
2026-10-08T20:02:52.1192190Z w: file:///home/runner/work/hetu/hetu/android-app/app/src/test/java/io/github/xgl34222220/hetu/ToastFeedbackTest.kt:30:26 'fun <reified A : ComponentActivity> createAndroidComposeRule(effectContext: CoroutineContext = ...): AndroidComposeTestRule<ActivityScenarioRule<A>, A>' is deprecated. Use `androidx.compose.ui.test.junit4.v2.createAndroidComposeRule` instead. The v2 APIs use StandardTestDispatcher instead of UnconfinedTestDispatcher, which aligns with standard coroutine behavior by queuing tasks rather than executing them immediately. Tests relying on immediate execution may require explicit synchronization. Please refer to the migration guide for more details.
2026-10-08T20:02:52.1200533Z w: file:///home/runner/work/hetu/hetu/android-app/app/src/test/java/io/github/xgl34222220/hetu/Ui92IntegrationTest.kt:20:26 'fun createComposeRule(effectContext: CoroutineContext = ...): ComposeContentTestRule' is deprecated. Use `androidx.compose.ui.test.junit4.v2.createComposeRule` instead. The v2 APIs use StandardTestDispatcher instead of UnconfinedTestDispatcher, which aligns with standard coroutine behavior by queuing tasks rather than executing them immediately. Tests relying on immediate execution may require explicit synchronization. Please refer to the migration guide for more details.
2026-10-08T20:02:52.1209012Z w: file:///home/runner/work/hetu/hetu/android-app/app/src/test/java/io/github/xgl34222220/hetu/tools/ToolsDiagIntakeTest.kt:34:26 'fun <reified A : ComponentActivity> createAndroidComposeRule(effectContext: CoroutineContext = ...): AndroidComposeTestRule<ActivityScenarioRule<A>, A>' is deprecated. Use `androidx.compose.ui.test.junit4.v2.createAndroidComposeRule` instead. The v2 APIs use StandardTestDispatcher instead of UnconfinedTestDispatcher, which aligns with standard coroutine behavior by queuing tasks rather than executing them immediately. Tests relying on immediate execution may require explicit synchronization. Please refer to the migration guide for more details.
2026-10-08T20:02:52.1217969Z w: file:///home/runner/work/hetu/hetu/android-app/app/src/test/java/io/github/xgl34222220/hetu/tools/ToolsDnsConsentIntakeTest.kt:39:26 'fun <reified A : ComponentActivity> createAndroidComposeRule(effectContext: CoroutineContext = ...): AndroidComposeTestRule<ActivityScenarioRule<A>, A>' is deprecated. Use `androidx.compose.ui.test.junit4.v2.createAndroidComposeRule` instead. The v2 APIs use StandardTestDispatcher instead of UnconfinedTestDispatcher, which aligns with standard coroutine behavior by queuing tasks rather than executing them immediately. Tests relying on immediate execution may require explicit synchronization. Please refer to the migration guide for more details.
2026-10-08T20:02:52.1226352Z w: file:///home/runner/work/hetu/hetu/android-app/app/src/test/java/io/github/xgl34222220/hetu/tools/ToolsPdf85Test.kt:49:26 'fun <reified A : ComponentActivity> createAndroidComposeRule(effectContext: CoroutineContext = ...): AndroidComposeTestRule<ActivityScenarioRule<A>, A>' is deprecated. Use `androidx.compose.ui.test.junit4.v2.createAndroidComposeRule` instead. The v2 APIs use StandardTestDispatcher instead of UnconfinedTestDispatcher, which aligns with standard coroutine behavior by queuing tasks rather than executing them immediately. Tests relying on immediate execution may require explicit synchronization. Please refer to the migration guide for more details.
2026-10-08T20:02:55.6763253Z 
2026-10-08T20:02:55.6781011Z > Task :app:compileDebugUnitTestJavaWithJavac
2026-10-08T20:02:55.6782255Z > Task :app:processDebugUnitTestJavaRes
2026-10-08T20:03:25.6765258Z > Task :app:testDebugUnitTest
2026-10-08T20:05:11.2796337Z 
2026-10-08T20:05:11.2829324Z StartupConfigViewerFeedbackTest > boundedViewerMeasuresOnlySmallUnicodeParagraphsAndShowsLongLineEnd FAILED
2026-10-08T20:05:11.2830666Z     java.lang.AssertionError at StartupConfigViewerFeedbackTest.kt:358
2026-10-08T20:05:28.8848142Z 
2026-10-08T20:05:28.8873731Z 707 tests completed, 1 failed
2026-10-08T20:05:29.1764588Z 
2026-10-08T20:05:29.1772169Z > Task :app:testDebugUnitTest FAILED
2026-10-08T20:05:29.1773568Z gradle/actions: Writing build results to /home/runner/work/_temp/.gradle-actions/build-results/__run_28-1791489723421.json
2026-10-08T20:05:29.2766416Z 
2026-10-08T20:05:29.2766474Z 
2026-10-08T20:05:29.2767657Z FAILURE: Build failed with an exception.
2026-10-08T20:05:29.2768093Z 
2026-10-08T20:05:29.2768307Z * What went wrong:
2026-10-08T20:05:29.2768888Z Execution failed for task ':app:testDebugUnitTest'.
2026-10-08T20:05:29.2770216Z > There were failing tests. See the report at: file:///home/runner/work/hetu/hetu/android-app/app/build/reports/tests/testDebugUnitTest/index.html
2026-10-08T20:05:29.2771079Z 
2026-10-08T20:05:29.2771242Z * Try:
2026-10-08T20:05:29.2771957Z > Run with --scan to get full insights from a Build Scan (powered by Develocity).
2026-10-08T20:05:29.2809420Z 
2026-10-08T20:05:29.2845686Z * Exception is:
2026-10-08T20:05:29.2846990Z [Incubating] Problems report is available at: file:///home/runner/work/hetu/hetu/android-app/build/reports/problems/problems-report.html
2026-10-08T20:05:29.2900530Z org.gradle.api.tasks.TaskExecutionException: Execution failed for task ':app:testDebugUnitTest'.
2026-10-08T20:05:29.2912623Z 33 actionable tasks: 11 executed, 22 up-to-date
2026-10-08T20:05:29.2919504Z 	at org.gradle.api.internal.tasks.execution.ExecuteActionsTaskExecuter.lambda$executeIfValid$1(ExecuteActionsTaskExecuter.java:135)
2026-10-08T20:05:29.2938573Z 	at org.gradle.internal.Try$Failure.ifSuccessfulOrElse(Try.java:288)
2026-10-08T20:05:29.2939924Z 	at org.gradle.api.internal.tasks.execution.ExecuteActionsTaskExecuter.executeIfValid(ExecuteActionsTaskExecuter.java:133)
2026-10-08T20:05:29.2941613Z 	at org.gradle.api.internal.tasks.execution.ExecuteActionsTaskExecuter.execute(ExecuteActionsTaskExecuter.java:121)
2026-10-08T20:05:29.2943285Z 	at org.gradle.api.internal.tasks.execution.ProblemsTaskPathTrackingTaskExecuter.execute(ProblemsTaskPathTrackingTaskExecuter.java:41)
2026-10-08T20:05:29.2944943Z 	at org.gradle.api.internal.tasks.execution.ResolveTaskExecutionModeExecuter.execute(ResolveTaskExecutionModeExecuter.java:51)
2026-10-08T20:05:29.2947202Z 	at org.gradle.api.internal.tasks.execution.FinalizePropertiesTaskExecuter.execute(FinalizePropertiesTaskExecuter.java:46)
2026-10-08T20:05:29.2948835Z 	at org.gradle.api.internal.tasks.execution.SkipTaskWithNoActionsExecuter.execute(SkipTaskWithNoActionsExecuter.java:57)
2026-10-08T20:05:29.2950509Z 	at org.gradle.api.internal.tasks.execution.SkipOnlyIfTaskExecuter.execute(SkipOnlyIfTaskExecuter.java:74)
2026-10-08T20:05:29.2951808Z 	at org.gradle.api.internal.tasks.execution.CatchExceptionTaskExecuter.execute(CatchExceptionTaskExecuter.java:36)
2026-10-08T20:05:29.2953101Z 	at org.gradle.api.internal.tasks.execution.EventFiringTaskExecuter$1.executeTask(EventFiringTaskExecuter.java:77)
2026-10-08T20:05:29.2954340Z 	at org.gradle.api.internal.tasks.execution.EventFiringTaskExecuter$1.call(EventFiringTaskExecuter.java:55)
2026-10-08T20:05:29.2955609Z 	at org.gradle.api.internal.tasks.execution.EventFiringTaskExecuter$1.call(EventFiringTaskExecuter.java:52)
2026-10-08T20:05:29.2956975Z 	at org.gradle.internal.operations.DefaultBuildOperationRunner$CallableBuildOperationWorker.execute(DefaultBuildOperationRunner.java:210)
2026-10-08T20:05:29.2958839Z 	at org.gradle.internal.operations.DefaultBuildOperationRunner$CallableBuildOperationWorker.execute(DefaultBuildOperationRunner.java:205)
2026-10-08T20:05:29.2959839Z 	at org.gradle.internal.operations.DefaultBuildOperationRunner$2.execute(DefaultBuildOperationRunner.java:67)
2026-10-08T20:05:29.2960868Z 	at org.gradle.internal.operations.DefaultBuildOperationRunner$2.execute(DefaultBuildOperationRunner.java:60)
2026-10-08T20:05:29.2961726Z 	at org.gradle.internal.operations.DefaultBuildOperationRunner.execute(DefaultBuildOperationRunner.java:167)
2026-10-08T20:05:29.2962574Z 	at org.gradle.internal.operations.DefaultBuildOperationRunner.execute(DefaultBuildOperationRunner.java:60)
2026-10-08T20:05:29.2963421Z 	at org.gradle.internal.operations.DefaultBuildOperationRunner.call(DefaultBuildOperationRunner.java:54)
2026-10-08T20:05:29.2964263Z 	at org.gradle.api.internal.tasks.execution.EventFiringTaskExecuter.execute(EventFiringTaskExecuter.java:52)
2026-10-08T20:05:29.2965076Z 	at org.gradle.execution.plan.DefaultNodeExecutor.executeLocalTaskNode(DefaultNodeExecutor.java:55)
2026-10-08T20:05:29.2965820Z 	at org.gradle.execution.plan.DefaultNodeExecutor.execute(DefaultNodeExecutor.java:34)
2026-10-08T20:05:29.2966682Z 	at org.gradle.execution.taskgraph.DefaultTaskExecutionGraph$InvokeNodeExecutorsAction.execute(DefaultTaskExecutionGraph.java:355)
2026-10-08T20:05:29.2967832Z 	at org.gradle.execution.taskgraph.DefaultTaskExecutionGraph$InvokeNodeExecutorsAction.execute(DefaultTaskExecutionGraph.java:343)
2026-10-08T20:05:29.2968916Z 	at org.gradle.execution.taskgraph.DefaultTaskExecutionGraph$BuildOperationAwareExecutionAction.lambda$execute$0(DefaultTaskExecutionGraph.java:339)
2026-10-08T20:05:29.2969856Z 	at org.gradle.internal.operations.CurrentBuildOperationRef.with(CurrentBuildOperationRef.java:84)
2026-10-08T20:05:29.2970766Z 	at org.gradle.execution.taskgraph.DefaultTaskExecutionGraph$BuildOperationAwareExecutionAction.execute(DefaultTaskExecutionGraph.java:339)
2026-10-08T20:05:29.2971835Z 	at org.gradle.execution.taskgraph.DefaultTaskExecutionGraph$BuildOperationAwareExecutionAction.execute(DefaultTaskExecutionGraph.java:328)
2026-10-08T20:05:29.2972743Z 	at org.gradle.execution.plan.DefaultPlanExecutor$ExecutorWorker.execute(DefaultPlanExecutor.java:459)
2026-10-08T20:05:29.2973502Z 	at org.gradle.execution.plan.DefaultPlanExecutor$ExecutorWorker.run(DefaultPlanExecutor.java:376)
2026-10-08T20:05:29.2974230Z 	at org.gradle.execution.plan.DefaultPlanExecutor.process(DefaultPlanExecutor.java:111)
2026-10-08T20:05:29.2975062Z 	at org.gradle.execution.taskgraph.DefaultTaskExecutionGraph.executeWithServices(DefaultTaskExecutionGraph.java:146)
2026-10-08T20:05:29.2975935Z 	at org.gradle.execution.taskgraph.DefaultTaskExecutionGraph.execute(DefaultTaskExecutionGraph.java:131)
2026-10-08T20:05:29.2976828Z 	at org.gradle.execution.SelectedTaskExecutionAction.execute(SelectedTaskExecutionAction.java:35)
2026-10-08T20:05:29.2977943Z 	at org.gradle.execution.BuildOperationFiringBuildWorkerExecutor$ExecuteTasks.call(BuildOperationFiringBuildWorkerExecutor.java:54)
2026-10-08T20:05:29.2978948Z 	at org.gradle.execution.BuildOperationFiringBuildWorkerExecutor$ExecuteTasks.call(BuildOperationFiringBuildWorkerExecutor.java:43)
2026-10-08T20:05:29.2979976Z 	at org.gradle.internal.operations.DefaultBuildOperationRunner$CallableBuildOperationWorker.execute(DefaultBuildOperationRunner.java:210)
2026-10-08T20:05:29.2981013Z 	at org.gradle.internal.operations.DefaultBuildOperationRunner$CallableBuildOperationWorker.execute(DefaultBuildOperationRunner.java:205)
2026-10-08T20:05:29.2981947Z 	at org.gradle.internal.operations.DefaultBuildOperationRunner$2.execute(DefaultBuildOperationRunner.java:67)
2026-10-08T20:05:29.2982792Z 	at org.gradle.internal.operations.DefaultBuildOperationRunner$2.execute(DefaultBuildOperationRunner.java:60)
2026-10-08T20:05:29.2983648Z 	at org.gradle.internal.operations.DefaultBuildOperationRunner.execute(DefaultBuildOperationRunner.java:167)
2026-10-08T20:05:29.2984502Z 	at org.gradle.internal.operations.DefaultBuildOperationRunner.execute(DefaultBuildOperationRunner.java:60)
2026-10-08T20:05:29.2985335Z 	at org.gradle.internal.operations.DefaultBuildOperationRunner.call(DefaultBuildOperationRunner.java:54)
2026-10-08T20:05:29.2986322Z 	at org.gradle.execution.BuildOperationFiringBuildWorkerExecutor.execute(BuildOperationFiringBuildWorkerExecutor.java:40)
2026-10-08T20:05:29.2987485Z 	at org.gradle.internal.build.DefaultBuildLifecycleController.lambda$executeTasks$11(DefaultBuildLifecycleController.java:323)
2026-10-08T20:05:29.2988395Z 	at org.gradle.internal.model.StateTransitionController.doTransition(StateTransitionController.java:304)
2026-10-08T20:05:29.2989241Z 	at org.gradle.internal.model.StateTransitionController.lambda$tryTransition$9(StateTransitionController.java:215)
2026-10-08T20:05:29.2990003Z 	at org.gradle.internal.work.DefaultSynchronizer.withLock(DefaultSynchronizer.java:45)
2026-10-08T20:05:29.2990771Z 	at org.gradle.internal.model.StateTransitionController.tryTransition(StateTransitionController.java:215)
2026-10-08T20:05:29.2991640Z 	at org.gradle.internal.build.DefaultBuildLifecycleController.executeTasks(DefaultBuildLifecycleController.java:314)
2026-10-08T20:05:29.2992592Z 	at org.gradle.internal.build.DefaultBuildWorkGraphController$DefaultBuildWorkGraph.runWork(DefaultBuildWorkGraphController.java:220)
2026-10-08T20:05:29.2993522Z 	at org.gradle.internal.work.DefaultWorkerLeaseService.lambda$withLocksAcquired$0(DefaultWorkerLeaseService.java:280)
2026-10-08T20:05:29.2994335Z 	at org.gradle.internal.work.ResourceLockStatistics$1.measure(ResourceLockStatistics.java:43)
2026-10-08T20:05:29.2995124Z 	at org.gradle.internal.work.DefaultWorkerLeaseService.withLocksAcquired(DefaultWorkerLeaseService.java:278)
2026-10-08T20:05:29.2995935Z 	at org.gradle.internal.work.DefaultWorkerLeaseService.withLocks(DefaultWorkerLeaseService.java:270)
2026-10-08T20:05:29.2996755Z 	at org.gradle.internal.work.DefaultWorkerLeaseService.runAsWorkerThread(DefaultWorkerLeaseService.java:129)
2026-10-08T20:05:29.2997691Z 	at org.gradle.composite.internal.DefaultBuildController.doRun(DefaultBuildController.java:182)
2026-10-08T20:05:29.2998537Z 	at org.gradle.composite.internal.DefaultBuildController$BuildOpRunnable.lambda$run$0(DefaultBuildController.java:199)
2026-10-08T20:05:29.2999372Z 	at org.gradle.internal.operations.CurrentBuildOperationRef.with(CurrentBuildOperationRef.java:84)
2026-10-08T20:05:29.3000189Z 	at org.gradle.composite.internal.DefaultBuildController$BuildOpRunnable.run(DefaultBuildController.java:199)
2026-10-08T20:05:29.3001002Z 	at org.gradle.internal.concurrent.ExecutorPolicy$CatchAndRecordFailures.onExecute(ExecutorPolicy.java:64)
2026-10-08T20:05:29.3001768Z 	at org.gradle.internal.concurrent.AbstractManagedExecutor$1.run(AbstractManagedExecutor.java:47)
2026-10-08T20:05:29.3003143Z Caused by: org.gradle.api.internal.exceptions.MarkedVerificationException: There were failing tests. See the report at: file:///home/runner/work/hetu/hetu/android-app/app/build/reports/tests/testDebugUnitTest/index.html
2026-10-08T20:05:29.3004214Z 	at org.gradle.api.tasks.testing.AbstractTestTask.executeTests(AbstractTestTask.java:615)
2026-10-08T20:05:29.3004847Z 	at org.gradle.api.tasks.testing.Test.executeTests(Test.java:759)
2026-10-08T20:05:29.3005530Z 	at com.android.build.gradle.tasks.factory.AndroidUnitTest.executeTests(AndroidUnitTest.java:203)
2026-10-08T20:05:29.3006225Z 	at org.gradle.internal.reflect.JavaMethod.invoke(JavaMethod.java:125)
2026-10-08T20:05:29.3006945Z 	at org.gradle.api.internal.project.taskfactory.StandardTaskAction.doExecute(StandardTaskAction.java:58)
2026-10-08T20:05:29.3007992Z 	at org.gradle.api.internal.project.taskfactory.StandardTaskAction.execute(StandardTaskAction.java:51)
2026-10-08T20:05:29.3008838Z 	at org.gradle.api.internal.project.taskfactory.StandardTaskAction.execute(StandardTaskAction.java:29)
2026-10-08T20:05:29.3009607Z 	at org.gradle.api.internal.tasks.execution.TaskExecution$3.run(TaskExecution.java:259)
2026-10-08T20:05:29.3010424Z 	at org.gradle.internal.operations.DefaultBuildOperationRunner$1.execute(DefaultBuildOperationRunner.java:30)
2026-10-08T20:05:29.3011300Z 	at org.gradle.internal.operations.DefaultBuildOperationRunner$1.execute(DefaultBuildOperationRunner.java:27)
2026-10-08T20:05:29.3012254Z 	at org.gradle.internal.operations.DefaultBuildOperationRunner$2.execute(DefaultBuildOperationRunner.java:67)
2026-10-08T20:05:29.3013527Z 	at org.gradle.internal.operations.DefaultBuildOperationRunner$2.execute(DefaultBuildOperationRunner.java:60)
2026-10-08T20:05:29.3014885Z 	at org.gradle.internal.operations.DefaultBuildOperationRunner.execute(DefaultBuildOperationRunner.java:167)
2026-10-08T20:05:29.3016142Z 	at org.gradle.internal.operations.DefaultBuildOperationRunner.execute(DefaultBuildOperationRunner.java:60)
2026-10-08T20:05:29.3017631Z 	at org.gradle.internal.operations.DefaultBuildOperationRunner.run(DefaultBuildOperationRunner.java:48)
2026-10-08T20:05:29.3018870Z 	at org.gradle.api.internal.tasks.execution.TaskExecution.executeAction(TaskExecution.java:244)
2026-10-08T20:05:29.3019963Z 	at org.gradle.api.internal.tasks.execution.TaskExecution.executeActions(TaskExecution.java:227)
2026-10-08T20:05:29.3021462Z 	at org.gradle.api.internal.tasks.execution.TaskExecution.executeWithPreviousOutputFiles(TaskExecution.java:210)
2026-10-08T20:05:29.3022896Z 	at org.gradle.api.internal.tasks.execution.TaskExecution.execute(TaskExecution.java:176)
2026-10-08T20:05:29.3048877Z 	at org.gradle.internal.execution.steps.ExecuteStep.executeInternal(ExecuteStep.java:167)
2026-10-08T20:05:29.3050118Z 	at org.gradle.internal.execution.steps.ExecuteStep.access$000(ExecuteStep.java:47)
2026-10-08T20:05:29.3051198Z 	at org.gradle.internal.execution.steps.ExecuteStep$1.call(ExecuteStep.java:137)
2026-10-08T20:05:29.3052305Z 	at org.gradle.internal.execution.steps.ExecuteStep$1.call(ExecuteStep.java:134)
2026-10-08T20:05:29.3053803Z 	at org.gradle.internal.operations.DefaultBuildOperationRunner$CallableBuildOperationWorker.execute(DefaultBuildOperationRunner.java:210)
2026-10-08T20:05:29.3055725Z 	at org.gradle.internal.operations.DefaultBuildOperationRunner$CallableBuildOperationWorker.execute(DefaultBuildOperationRunner.java:205)
2026-10-08T20:05:29.3057632Z 	at org.gradle.internal.operations.DefaultBuildOperationRunner$2.execute(DefaultBuildOperationRunner.java:67)
2026-10-08T20:05:29.3059242Z 	at org.gradle.internal.operations.DefaultBuildOperationRunner$2.execute(DefaultBuildOperationRunner.java:60)
2026-10-08T20:05:29.3060739Z 	at org.gradle.internal.operations.DefaultBuildOperationRunner.execute(DefaultBuildOperationRunner.java:167)
2026-10-08T20:05:29.3062260Z 	at org.gradle.internal.operations.DefaultBuildOperationRunner.execute(DefaultBuildOperationRunner.java:60)
2026-10-08T20:05:29.3063714Z 	at org.gradle.internal.operations.DefaultBuildOperationRunner.call(DefaultBuildOperationRunner.java:54)
2026-10-08T20:05:29.3065370Z 	at org.gradle.internal.execution.steps.ExecuteStep.execute(ExecuteStep.java:134)
2026-10-08T20:05:29.3066539Z 	at org.gradle.internal.execution.steps.ExecuteStep$Mutable.execute(ExecuteStep.java:80)
2026-10-08T20:05:29.3067881Z 	at org.gradle.internal.execution.steps.CancelExecutionStep.execute(CancelExecutionStep.java:42)
2026-10-08T20:05:29.3069192Z 	at org.gradle.internal.execution.steps.TimeoutStep.executeWithoutTimeout(TimeoutStep.java:75)
2026-10-08T20:05:29.3070250Z 	at org.gradle.internal.execution.steps.TimeoutStep.execute(TimeoutStep.java:55)
2026-10-08T20:05:29.3071410Z 	at org.gradle.internal.execution.steps.PreCreateOutputParentsStep.execute(PreCreateOutputParentsStep.java:51)
2026-10-08T20:05:29.3072876Z 	at org.gradle.internal.execution.steps.PreCreateOutputParentsStep.execute(PreCreateOutputParentsStep.java:29)
2026-10-08T20:05:29.3074437Z 	at org.gradle.internal.execution.steps.RemovePreviousOutputsStep.executeMutable(RemovePreviousOutputsStep.java:67)
2026-10-08T20:05:29.3076055Z 	at org.gradle.internal.execution.steps.RemovePreviousOutputsStep.executeMutable(RemovePreviousOutputsStep.java:39)
2026-10-08T20:05:29.3077557Z 	at org.gradle.internal.execution.steps.MutableStep.execute(MutableStep.java:26)
2026-10-08T20:05:29.3078921Z 	at org.gradle.internal.execution.steps.BroadcastChangingOutputsStep.execute(BroadcastChangingOutputsStep.java:42)
2026-10-08T20:05:29.3080840Z 	at org.gradle.internal.execution.steps.BroadcastChangingOutputsStep.execute(BroadcastChangingOutputsStep.java:24)
2026-10-08T20:05:29.3082401Z 	at org.gradle.internal.execution.steps.CaptureOutputsAfterExecutionStep.execute(CaptureOutputsAfterExecutionStep.java:69)
2026-10-08T20:05:29.3084147Z 	at org.gradle.internal.execution.steps.CaptureOutputsAfterExecutionStep.execute(CaptureOutputsAfterExecutionStep.java:46)
2026-10-08T20:05:29.3085721Z 	at org.gradle.internal.execution.steps.ResolveInputChangesStep.executeMutable(ResolveInputChangesStep.java:39)
2026-10-08T20:05:29.3087455Z 	at org.gradle.internal.execution.steps.ResolveInputChangesStep.executeMutable(ResolveInputChangesStep.java:28)
2026-10-08T20:05:29.3088820Z 	at org.gradle.internal.execution.steps.MutableStep.execute(MutableStep.java:26)
2026-10-08T20:05:29.3090068Z 	at org.gradle.internal.execution.steps.BuildCacheStep.executeWithoutCache(BuildCacheStep.java:189)
2026-10-08T20:05:29.3091355Z 	at org.gradle.internal.execution.steps.BuildCacheStep.lambda$execute$1(BuildCacheStep.java:76)
2026-10-08T20:05:29.3092261Z 	at org.gradle.internal.Either$Right.fold(Either.java:176)
2026-10-08T20:05:29.3093075Z 	at org.gradle.internal.execution.caching.CachingState.fold(CachingState.java:62)
2026-10-08T20:05:29.3094171Z 	at org.gradle.internal.execution.steps.BuildCacheStep.execute(BuildCacheStep.java:74)
2026-10-08T20:05:29.3095254Z 	at org.gradle.internal.execution.steps.BuildCacheStep.execute(BuildCacheStep.java:49)
2026-10-08T20:05:29.3096491Z 	at org.gradle.internal.execution.steps.StoreExecutionStateStep.executeMutable(StoreExecutionStateStep.java:46)
2026-10-08T20:05:29.3098198Z 	at org.gradle.internal.execution.steps.StoreExecutionStateStep.executeMutable(StoreExecutionStateStep.java:35)
2026-10-08T20:05:29.3099511Z 	at org.gradle.internal.execution.steps.MutableStep.execute(MutableStep.java:26)
2026-10-08T20:05:29.3100736Z 	at org.gradle.internal.execution.steps.SkipUpToDateStep.executeBecause(SkipUpToDateStep.java:75)
2026-10-08T20:05:29.3102078Z 	at org.gradle.internal.execution.steps.SkipUpToDateStep.lambda$execute$2(SkipUpToDateStep.java:53)
2026-10-08T20:05:29.3103396Z 	at org.gradle.internal.execution.steps.SkipUpToDateStep.execute(SkipUpToDateStep.java:53)
2026-10-08T20:05:29.3104627Z 	at org.gradle.internal.execution.steps.SkipUpToDateStep.execute(SkipUpToDateStep.java:35)
2026-10-08T20:05:29.3106241Z 	at org.gradle.internal.execution.steps.legacy.MarkSnapshottingInputsFinishedStep.execute(MarkSnapshottingInputsFinishedStep.java:37)
2026-10-08T20:05:29.3108762Z 	at org.gradle.internal.execution.steps.legacy.MarkSnapshottingInputsFinishedStep.execute(MarkSnapshottingInputsFinishedStep.java:27)
2026-10-08T20:05:29.3110579Z 	at org.gradle.internal.execution.steps.ResolveMutableCachingStateStep.executeDelegate(ResolveMutableCachingStateStep.java:70)
2026-10-08T20:05:29.3112369Z 	at org.gradle.internal.execution.steps.ResolveMutableCachingStateStep.executeDelegate(ResolveMutableCachingStateStep.java:32)
2026-10-08T20:05:29.3114181Z 	at org.gradle.internal.execution.steps.AbstractResolveCachingStateStep.execute(AbstractResolveCachingStateStep.java:69)
2026-10-08T20:05:29.3115891Z 	at org.gradle.internal.execution.steps.AbstractResolveCachingStateStep.execute(AbstractResolveCachingStateStep.java:37)
2026-10-08T20:05:29.3117641Z 	at org.gradle.internal.execution.steps.ResolveChangesStep.executeMutable(ResolveChangesStep.java:63)
2026-10-08T20:05:29.3119047Z 	at org.gradle.internal.execution.steps.ResolveChangesStep.executeMutable(ResolveChangesStep.java:34)
2026-10-08T20:05:29.3120725Z 	at org.gradle.internal.execution.steps.MutableStep.execute(MutableStep.java:26)
2026-10-08T20:05:29.3121952Z 	at org.gradle.internal.execution.steps.ValidateStep$Mutable.executeDelegate(ValidateStep.java:79)
2026-10-08T20:05:29.3123246Z 	at org.gradle.internal.execution.steps.ValidateStep$Mutable.executeDelegate(ValidateStep.java:65)
2026-10-08T20:05:29.3124447Z 	at org.gradle.internal.execution.steps.ValidateStep.execute(ValidateStep.java:99)
2026-10-08T20:05:29.3125895Z 	at org.gradle.internal.execution.steps.ValidateStep$Mutable.execute(ValidateStep.java:65)
2026-10-08T20:05:29.3127690Z 	at org.gradle.internal.execution.steps.CaptureMutableStateBeforeExecutionStep.executeMutable(CaptureMutableStateBeforeExecutionStep.java:86)
2026-10-08T20:05:29.3130832Z 	at org.gradle.internal.execution.steps.CaptureMutableStateBeforeExecutionStep.execute(CaptureMutableStateBeforeExecutionStep.java:65)
2026-10-08T20:05:29.3132800Z 	at org.gradle.internal.execution.steps.CaptureMutableStateBeforeExecutionStep.execute(CaptureMutableStateBeforeExecutionStep.java:45)
2026-10-08T20:05:29.3134730Z 	at org.gradle.internal.execution.steps.SkipEmptyMutableWorkStep.executeWithNonEmptySources(SkipEmptyMutableWorkStep.java:210)
2026-10-08T20:05:29.3136428Z 	at org.gradle.internal.execution.steps.SkipEmptyMutableWorkStep.executeMutable(SkipEmptyMutableWorkStep.java:90)
2026-10-08T20:05:29.3138212Z 	at org.gradle.internal.execution.steps.SkipEmptyMutableWorkStep.executeMutable(SkipEmptyMutableWorkStep.java:53)
2026-10-08T20:05:29.3139534Z 	at org.gradle.internal.execution.steps.MutableStep.execute(MutableStep.java:26)
2026-10-08T20:05:29.3141179Z 	at org.gradle.internal.execution.steps.legacy.MarkSnapshottingInputsStartedStep.execute(MarkSnapshottingInputsStartedStep.java:38)
2026-10-08T20:05:29.3143075Z 	at org.gradle.internal.execution.steps.LoadPreviousExecutionStateStep.executeMutable(LoadPreviousExecutionStateStep.java:36)
2026-10-08T20:05:29.3144833Z 	at org.gradle.internal.execution.steps.LoadPreviousExecutionStateStep.executeMutable(LoadPreviousExecutionStateStep.java:23)
2026-10-08T20:05:29.3146228Z 	at org.gradle.internal.execution.steps.MutableStep.execute(MutableStep.java:26)
2026-10-08T20:05:29.3147955Z 	at org.gradle.internal.execution.steps.HandleStaleOutputsStep.executeMutable(HandleStaleOutputsStep.java:77)
2026-10-08T20:05:29.3149458Z 	at org.gradle.internal.execution.steps.HandleStaleOutputsStep.executeMutable(HandleStaleOutputsStep.java:43)
2026-10-08T20:05:29.3150765Z 	at org.gradle.internal.execution.steps.MutableStep.execute(MutableStep.java:26)
2026-10-08T20:05:29.3152139Z 	at org.gradle.internal.execution.steps.AssignMutableWorkspaceStep.lambda$executeMutable$0(AssignMutableWorkspaceStep.java:34)
2026-10-08T20:05:29.3153531Z 	at org.gradle.api.internal.tasks.execution.TaskExecution$4.withWorkspace(TaskExecution.java:305)
2026-10-08T20:05:29.3154966Z 	at org.gradle.internal.execution.steps.AssignMutableWorkspaceStep.executeMutable(AssignMutableWorkspaceStep.java:30)
2026-10-08T20:05:29.3156822Z 	at org.gradle.internal.execution.steps.AssignMutableWorkspaceStep.executeMutable(AssignMutableWorkspaceStep.java:21)
2026-10-08T20:05:29.3158150Z 	at org.gradle.internal.execution.steps.MutableStep.execute(MutableStep.java:26)
2026-10-08T20:05:29.3159270Z 	at org.gradle.internal.execution.steps.ChoosePipelineStep.execute(ChoosePipelineStep.java:40)
2026-10-08T20:05:29.3160439Z 	at org.gradle.internal.execution.steps.ChoosePipelineStep.execute(ChoosePipelineStep.java:23)
2026-10-08T20:05:29.3161947Z 	at org.gradle.internal.execution.steps.ExecuteWorkBuildOperationFiringStep.lambda$execute$2(ExecuteWorkBuildOperationFiringStep.java:67)
2026-10-08T20:05:29.3163761Z 	at org.gradle.internal.execution.steps.ExecuteWorkBuildOperationFiringStep.execute(ExecuteWorkBuildOperationFiringStep.java:67)
2026-10-08T20:05:29.3165491Z 	at org.gradle.internal.execution.steps.ExecuteWorkBuildOperationFiringStep.execute(ExecuteWorkBuildOperationFiringStep.java:39)
2026-10-08T20:05:29.3166985Z 	at org.gradle.internal.execution.steps.IdentityCacheStep.execute(IdentityCacheStep.java:46)
2026-10-08T20:05:29.3168416Z 	at org.gradle.internal.execution.steps.IdentityCacheStep.execute(IdentityCacheStep.java:34)
2026-10-08T20:05:29.3169558Z 	at org.gradle.internal.execution.steps.IdentifyStep.execute(IdentifyStep.java:56)
2026-10-08T20:05:29.3170667Z 	at org.gradle.internal.execution.steps.IdentifyStep.execute(IdentifyStep.java:38)
2026-10-08T20:05:29.3171887Z 	at org.gradle.internal.execution.impl.DefaultExecutionEngine$1.execute(DefaultExecutionEngine.java:68)
2026-10-08T20:05:29.3173564Z 	at org.gradle.api.internal.tasks.execution.ExecuteActionsTaskExecuter.executeIfValid(ExecuteActionsTaskExecuter.java:132)
2026-10-08T20:05:29.3174578Z 	... 60 more
2026-10-08T20:05:29.3174802Z 
2026-10-08T20:05:29.3174814Z 
2026-10-08T20:05:29.3175035Z BUILD FAILED in 3m 29s
2026-10-08T20:05:29.6843178Z ##[error]Process completed with exit code 1.
2026-10-08T20:05:29.6891313Z ##[group]Run python3 .github/scripts/verify_stability90_supplemental.py --results out/supplemental36/test-results
2026-10-08T20:05:29.6892155Z [36;1mpython3 .github/scripts/verify_stability90_supplemental.py --results out/supplemental36/test-results[0m
2026-10-08T20:05:29.7017594Z shell: /usr/bin/bash -e {0}
2026-10-08T20:05:29.7017974Z env:
2026-10-08T20:05:29.7018342Z   HETU_TEST_KEYSTORE: /home/runner/.android/hetu-ui10-debug.jks
2026-10-08T20:05:29.7018772Z   HETU_EXPECTED_TESTS: 707
2026-10-08T20:05:29.7019093Z   HETU_EXPECTED_TEST_XML_FILES: 77
2026-10-08T20:05:29.7019435Z   HETU_EXPECTED_VERSION: 2093
2026-10-08T20:05:29.7019779Z   HETU_EXPECTED_VERSION_NAME: 0.12.20-v20-glass
2026-10-08T20:05:29.7020241Z   JAVA_HOME: /opt/hostedtoolcache/Java_Temurin-Hotspot_jdk/21.0.12-1/x64
2026-10-08T20:05:29.7020761Z   JAVA_HOME_21_X64: /opt/hostedtoolcache/Java_Temurin-Hotspot_jdk/21.0.12-1/x64
2026-10-08T20:05:29.7021224Z   GRADLE_ACTION_ID: gradle/actions/setup-gradle
2026-10-08T20:05:29.7021650Z   GRADLE_USER_HOME: /home/runner/.gradle
2026-10-08T20:05:29.7022004Z   GRADLE_BUILD_ACTION_SETUP_COMPLETED: true
2026-10-08T20:05:29.7022386Z   GRADLE_BUILD_ACTION_CACHE_RESTORED: true
2026-10-08T20:05:29.7022877Z   DEVELOCITY_INJECTION_INIT_SCRIPT_NAME: gradle-actions.inject-develocity.init.gradle
2026-10-08T20:05:29.7023402Z   DEVELOCITY_INJECTION_CUSTOM_VALUE: gradle-actions
2026-10-08T20:05:29.7023782Z   GITHUB_DEPENDENCY_GRAPH_ENABLED: false
2026-10-08T20:05:29.7024120Z ##[endgroup]
2026-10-08T20:05:29.9143351Z Traceback (most recent call last):
2026-10-08T20:05:29.9144968Z   File "/home/runner/work/hetu/hetu/.github/scripts/verify_stability90_supplemental.py", line 56, in <module>
2026-10-08T20:05:29.9146323Z     report = verify(args.results)
2026-10-08T20:05:29.9147307Z              ^^^^^^^^^^^^^^^^^^^^
2026-10-08T20:05:29.9148622Z   File "/home/runner/work/hetu/hetu/.github/scripts/verify_stability90_supplemental.py", line 43, in verify
2026-10-08T20:05:29.9150499Z     assert set(suites) == set(expected), ('Missing supplemental suites', sorted(set(expected) - set(suites)))
2026-10-08T20:05:29.9152178Z            ^^^^^^^^^^^^^^^^^^^^^^^^^^^^
2026-10-08T20:05:29.9154129Z AssertionError: ('Missing supplemental suites', ['io.github.xgl34222220.hetu.CompactHomeDashboardTest', 'io.github.xgl34222220.hetu.NodeSelectionContinuityTest', 'io.github.xgl34222220.hetu.Ui92IntegrationTest'])
2026-10-08T20:05:29.9305514Z ##[error]Process completed with exit code 1.
2026-10-08T20:05:29.9353347Z ##[group]Run actions/upload-artifact@v4
2026-10-08T20:05:29.9353712Z with:
2026-10-08T20:05:29.9354019Z   name: Hetu-V20.93-supplemental-36-tests
2026-10-08T20:05:29.9354382Z   path: out/supplemental36/
2026-10-08T20:05:29.9354713Z   if-no-files-found: error
2026-10-08T20:05:29.9355021Z   compression-level: 6
2026-10-08T20:05:29.9355312Z   overwrite: false
2026-10-08T20:05:29.9355595Z   include-hidden-files: false
2026-10-08T20:05:29.9355903Z env:
2026-10-08T20:05:29.9356241Z   HETU_TEST_KEYSTORE: /home/runner/.android/hetu-ui10-debug.jks
2026-10-08T20:05:29.9356653Z   HETU_EXPECTED_TESTS: 707
2026-10-08T20:05:29.9356982Z   HETU_EXPECTED_TEST_XML_FILES: 77
2026-10-08T20:05:29.9357599Z   HETU_EXPECTED_VERSION: 2093
2026-10-08T20:05:29.9357948Z   HETU_EXPECTED_VERSION_NAME: 0.12.20-v20-glass
2026-10-08T20:05:29.9358420Z   JAVA_HOME: /opt/hostedtoolcache/Java_Temurin-Hotspot_jdk/21.0.12-1/x64
2026-10-08T20:05:29.9358985Z   JAVA_HOME_21_X64: /opt/hostedtoolcache/Java_Temurin-Hotspot_jdk/21.0.12-1/x64
2026-10-08T20:05:29.9359449Z   GRADLE_ACTION_ID: gradle/actions/setup-gradle
2026-10-08T20:05:29.9359821Z   GRADLE_USER_HOME: /home/runner/.gradle
2026-10-08T20:05:29.9360175Z   GRADLE_BUILD_ACTION_SETUP_COMPLETED: true
2026-10-08T20:05:29.9360547Z   GRADLE_BUILD_ACTION_CACHE_RESTORED: true
2026-10-08T20:05:29.9361039Z   DEVELOCITY_INJECTION_INIT_SCRIPT_NAME: gradle-actions.inject-develocity.init.gradle
2026-10-08T20:05:29.9361561Z   DEVELOCITY_INJECTION_CUSTOM_VALUE: gradle-actions
2026-10-08T20:05:29.9361940Z   GITHUB_DEPENDENCY_GRAPH_ENABLED: false
2026-10-08T20:05:29.9362271Z ##[endgroup]
2026-10-08T20:05:30.1204707Z (node:272019) [DEP0040] DeprecationWarning: The `punycode` module is deprecated. Please use a userland alternative instead.
2026-10-08T20:05:30.1205552Z (Use `node --trace-deprecation ...` to show where the warning was created)
2026-10-08T20:05:30.1263988Z With the provided path, there will be 1 file uploaded
2026-10-08T20:05:30.1267879Z Artifact name is valid!
2026-10-08T20:05:30.1271263Z Root directory input is valid!
2026-10-08T20:05:30.4345848Z Beginning upload of artifact content to blob storage
2026-10-08T20:05:30.4526514Z (node:272019) [DEP0169] DeprecationWarning: `url.parse()` behavior is not standardized and prone to errors that have security implications. Use the WHATWG URL API instead. CVEs are not issued for `url.parse()` vulnerabilities.
2026-10-08T20:05:30.5714756Z Uploaded bytes 379
2026-10-08T20:05:30.6099636Z Finished uploading artifact content to blob storage!
2026-10-08T20:05:30.6100891Z SHA256 digest of uploaded artifact zip is df5c3cb42f452cb2660401c046a0349649fac98d392710eb8441df7e083a0eb7
2026-10-08T20:05:30.6101827Z Finalizing artifact upload
2026-10-08T20:05:30.8511305Z Artifact Hetu-V20.93-supplemental-36-tests.zip successfully finalized. Artifact ID 11575877584
2026-10-08T20:05:30.8512989Z Artifact Hetu-V20.93-supplemental-36-tests has been successfully uploaded! Final size is 379 bytes. Artifact ID is 11575877584
2026-10-08T20:05:30.8519144Z Artifact download URL: https://github.com/xgl34222220-ops/hetu/actions/runs/37833700380/artifacts/11575877584
2026-10-08T20:05:30.8629984Z ##[group]Run python3 .github/scripts/transport_continuity93_failures.py
2026-10-08T20:05:30.8630793Z [36;1mpython3 .github/scripts/transport_continuity93_failures.py[0m
2026-10-08T20:05:30.8680390Z shell: /usr/bin/bash -e {0}
2026-10-08T20:05:30.8680748Z env:
2026-10-08T20:05:30.8681126Z   HETU_TEST_KEYSTORE: /home/runner/.android/hetu-ui10-debug.jks
2026-10-08T20:05:30.8681554Z   HETU_EXPECTED_TESTS: 707
2026-10-08T20:05:30.8681879Z   HETU_EXPECTED_TEST_XML_FILES: 77
2026-10-08T20:05:30.8682223Z   HETU_EXPECTED_VERSION: 2093
2026-10-08T20:05:30.8682777Z   HETU_EXPECTED_VERSION_NAME: 0.12.20-v20-glass
2026-10-08T20:05:30.8683231Z   JAVA_HOME: /opt/hostedtoolcache/Java_Temurin-Hotspot_jdk/21.0.12-1/x64
2026-10-08T20:05:30.8683752Z   JAVA_HOME_21_X64: /opt/hostedtoolcache/Java_Temurin-Hotspot_jdk/21.0.12-1/x64
2026-10-08T20:05:30.8684220Z   GRADLE_ACTION_ID: gradle/actions/setup-gradle
2026-10-08T20:05:30.8684578Z   GRADLE_USER_HOME: /home/runner/.gradle
2026-10-08T20:05:30.8684977Z   GRADLE_BUILD_ACTION_SETUP_COMPLETED: true
2026-10-08T20:05:30.8685335Z   GRADLE_BUILD_ACTION_CACHE_RESTORED: true
2026-10-08T20:05:30.8685824Z   DEVELOCITY_INJECTION_INIT_SCRIPT_NAME: gradle-actions.inject-develocity.init.gradle
2026-10-08T20:05:30.8686351Z   DEVELOCITY_INJECTION_CUSTOM_VALUE: gradle-actions
2026-10-08T20:05:30.8686725Z   GITHUB_DEPENDENCY_GRAPH_ENABLED: false
2026-10-08T20:05:30.8687254Z ##[endgroup]
2026-10-08T20:05:30.9161713Z HETU_JUNIT93_FAILURE {"commit":"868785ae5cacddcbf4fa2d3cd463ffe131868f29","record":"limits","maxXmlBytes":8388608,"maxTotalXmlBytes":67108864,"maxLogBytes":524288,"maxStackBytesPerFailure":32768,"maxMessageBytes":4096,"allowlistedFiles":80,"scope":"failure/error elements only; no system-out/system-err; diagnostics do not replace XML gates"}
2026-10-08T20:05:30.9166813Z HETU_JUNIT93_FAILURE {"commit":"868785ae5cacddcbf4fa2d3cd463ffe131868f29","record":"file","group":"current","path":"android-app/app/build/test-results/testDebugUnitTest/TEST-io.github.xgl34222220.hetu.AdblockSnifferTest.xml","suite":"io.github.xgl34222220.hetu.AdblockSnifferTest","bytes":819,"xmlSha256":"27c63afb74a37015bd040a059a4791dbf3d6cc103688d0cad50b2855f58e1de2","status":"parsed","testcaseElements":4,"failureOrErrorElements":0,"skippedElements":0}
2026-10-08T20:05:30.9172657Z HETU_JUNIT93_FAILURE {"commit":"868785ae5cacddcbf4fa2d3cd463ffe131868f29","record":"file","group":"current","path":"android-app/app/build/test-results/testDebugUnitTest/TEST-io.github.xgl34222220.hetu.AppCrashReportTest.xml","suite":"io.github.xgl34222220.hetu.AppCrashReportTest","bytes":757,"xmlSha256":"9fe818909bfea14f47584911e30397cf8a3671e8f87f9866e046b27d547f563f","status":"parsed","testcaseElements":3,"failureOrErrorElements":0,"skippedElements":0}
2026-10-08T20:05:30.9178568Z HETU_JUNIT93_FAILURE {"commit":"868785ae5cacddcbf4fa2d3cd463ffe131868f29","record":"file","group":"current","path":"android-app/app/build/test-results/testDebugUnitTest/TEST-io.github.xgl34222220.hetu.AutomationConceptParity57Test.xml","suite":"io.github.xgl34222220.hetu.AutomationConceptParity57Test","bytes":921,"xmlSha256":"ade937613b6fdfe8cead159ff0417c41d93f350f0ead38fdb12526ef3f830c47","status":"parsed","testcaseElements":4,"failureOrErrorElements":0,"skippedElements":0}
2026-10-08T20:05:30.9184648Z HETU_JUNIT93_FAILURE {"commit":"868785ae5cacddcbf4fa2d3cd463ffe131868f29","record":"file","group":"current","path":"android-app/app/build/test-results/testDebugUnitTest/TEST-io.github.xgl34222220.hetu.AutomationSettingsConceptParityTest.xml","suite":"io.github.xgl34222220.hetu.AutomationSettingsConceptParityTest","bytes":1237,"xmlSha256":"55bdbb61a814f71763c5bb3a9bad2df31418e2b4b62d737442e8e668e08df999","status":"parsed","testcaseElements":6,"failureOrErrorElements":0,"skippedElements":0}
2026-10-08T20:05:30.9191330Z HETU_JUNIT93_FAILURE {"commit":"868785ae5cacddcbf4fa2d3cd463ffe131868f29","record":"file","group":"current","path":"android-app/app/build/test-results/testDebugUnitTest/TEST-io.github.xgl34222220.hetu.AutomationToolsConceptParityTest.xml","suite":"io.github.xgl34222220.hetu.AutomationToolsConceptParityTest","bytes":1259,"xmlSha256":"c297852194e62f223a81e3ff282fefdadff441c92fe8af3139162a6ab01580f9","status":"parsed","testcaseElements":6,"failureOrErrorElements":0,"skippedElements":0}
2026-10-08T20:05:30.9197416Z HETU_JUNIT93_FAILURE {"commit":"868785ae5cacddcbf4fa2d3cd463ffe131868f29","record":"file","group":"current","path":"android-app/app/build/test-results/testDebugUnitTest/TEST-io.github.xgl34222220.hetu.BootRecoverySafety93Test.xml","suite":"io.github.xgl34222220.hetu.BootRecoverySafety93Test","bytes":1300,"xmlSha256":"44f55c03f786a3d8f7b475e708561702c94c9e372356627b4f7a18b9e406fb38","status":"parsed","testcaseElements":6,"failureOrErrorElements":0,"skippedElements":0}
2026-10-08T20:05:30.9203344Z HETU_JUNIT93_FAILURE {"commit":"868785ae5cacddcbf4fa2d3cd463ffe131868f29","record":"file","group":"current","path":"android-app/app/build/test-results/testDebugUnitTest/TEST-io.github.xgl34222220.hetu.BootStartup60Test.xml","suite":"io.github.xgl34222220.hetu.BootStartup60Test","bytes":1135,"xmlSha256":"1eef8977eb9927236389cf89924c3399be1d21fb560168dd4f66ca890da83bf7","status":"parsed","testcaseElements":6,"failureOrErrorElements":0,"skippedElements":0}
2026-10-08T20:05:30.9209016Z HETU_JUNIT93_FAILURE {"commit":"868785ae5cacddcbf4fa2d3cd463ffe131868f29","record":"file","group":"current","path":"android-app/app/build/test-results/testDebugUnitTest/TEST-io.github.xgl34222220.hetu.ConceptParity57Test.xml","suite":"io.github.xgl34222220.hetu.ConceptParity57Test","bytes":1177,"xmlSha256":"1b9a1212c9007e15caeeb6e10b68417f0a36d1c1d8c92637a2b586ed82252908","status":"parsed","testcaseElements":6,"failureOrErrorElements":0,"skippedElements":0}
2026-10-08T20:05:30.9214870Z HETU_JUNIT93_FAILURE {"commit":"868785ae5cacddcbf4fa2d3cd463ffe131868f29","record":"file","group":"current","path":"android-app/app/build/test-results/testDebugUnitTest/TEST-io.github.xgl34222220.hetu.ConceptRemainingCoverageTest.xml","suite":"io.github.xgl34222220.hetu.ConceptRemainingCoverageTest","bytes":4281,"xmlSha256":"b07d8747e2710bf79866bf40c32079a091b189dca061e5f76107310106aa7433","status":"parsed","testcaseElements":26,"failureOrErrorElements":0,"skippedElements":0}
2026-10-08T20:05:30.9220907Z HETU_JUNIT93_FAILURE {"commit":"868785ae5cacddcbf4fa2d3cd463ffe131868f29","record":"file","group":"current","path":"android-app/app/build/test-results/testDebugUnitTest/TEST-io.github.xgl34222220.hetu.ConceptStateCoverageTest.xml","suite":"io.github.xgl34222220.hetu.ConceptStateCoverageTest","bytes":3697,"xmlSha256":"e8fdacfb775ae5ebd3c67ef4eb593d0e403f0fad84c0ce8b6d25f99e4bde5e9f","status":"parsed","testcaseElements":25,"failureOrErrorElements":0,"skippedElements":0}
2026-10-08T20:05:30.9226740Z HETU_JUNIT93_FAILURE {"commit":"868785ae5cacddcbf4fa2d3cd463ffe131868f29","record":"file","group":"current","path":"android-app/app/build/test-results/testDebugUnitTest/TEST-io.github.xgl34222220.hetu.ContinuityForeground90Test.xml","suite":"io.github.xgl34222220.hetu.ContinuityForeground90Test","bytes":2311,"xmlSha256":"3c15d5ee743e346f763009de9e519e79896d8f0a9b92ac2afac1158ef2b4fc79","status":"parsed","testcaseElements":12,"failureOrErrorElements":0,"skippedElements":0}
2026-10-08T20:05:30.9232882Z HETU_JUNIT93_FAILURE {"commit":"868785ae5cacddcbf4fa2d3cd463ffe131868f29","record":"file","group":"current","path":"android-app/app/build/test-results/testDebugUnitTest/TEST-io.github.xgl34222220.hetu.ControllerAuthenticationTest.xml","suite":"io.github.xgl34222220.hetu.ControllerAuthenticationTest","bytes":2064,"xmlSha256":"03083d77bd7fc1df59e36419f139dc3699e16acde364fde55d04e2c99f827bbd","status":"parsed","testcaseElements":11,"failureOrErrorElements":0,"skippedElements":0}
2026-10-08T20:05:30.9239061Z HETU_JUNIT93_FAILURE {"commit":"868785ae5cacddcbf4fa2d3cd463ffe131868f29","record":"file","group":"current","path":"android-app/app/build/test-results/testDebugUnitTest/TEST-io.github.xgl34222220.hetu.ControllerReadStateTest.xml","suite":"io.github.xgl34222220.hetu.ControllerReadStateTest","bytes":1280,"xmlSha256":"ae068eca78587017d563c5727d826a01ba49a06a3b226a87bf0c9c8945094215","status":"parsed","testcaseElements":6,"failureOrErrorElements":0,"skippedElements":0}
2026-10-08T20:05:30.9244829Z HETU_JUNIT93_FAILURE {"commit":"868785ae5cacddcbf4fa2d3cd463ffe131868f29","record":"file","group":"current","path":"android-app/app/build/test-results/testDebugUnitTest/TEST-io.github.xgl34222220.hetu.ControllerRunState90Test.xml","suite":"io.github.xgl34222220.hetu.ControllerRunState90Test","bytes":2440,"xmlSha256":"2db8ca8a32a768d567d3caab1091a905fa0fba1c69a88076f4e8943e8abe8cd0","status":"parsed","testcaseElements":13,"failureOrErrorElements":0,"skippedElements":0}
2026-10-08T20:05:30.9250944Z HETU_JUNIT93_FAILURE {"commit":"868785ae5cacddcbf4fa2d3cd463ffe131868f29","record":"file","group":"current","path":"android-app/app/build/test-results/testDebugUnitTest/TEST-io.github.xgl34222220.hetu.CoreManagerConcept57Test.xml","suite":"io.github.xgl34222220.hetu.CoreManagerConcept57Test","bytes":970,"xmlSha256":"e34ef387a3b7d0850cdeaef0b4b5822a23001654c051112c878335e5df947728","status":"parsed","testcaseElements":4,"failureOrErrorElements":0,"skippedElements":0}
2026-10-08T20:05:30.9256689Z HETU_JUNIT93_FAILURE {"commit":"868785ae5cacddcbf4fa2d3cd463ffe131868f29","record":"file","group":"current","path":"android-app/app/build/test-results/testDebugUnitTest/TEST-io.github.xgl34222220.hetu.CrossRepositoryMutation91Test.xml","suite":"io.github.xgl34222220.hetu.CrossRepositoryMutation91Test","bytes":1101,"xmlSha256":"550336360f260aa12b49d1ed75046af86f8f440de8ec5c31d61087dc3074bb19","status":"parsed","testcaseElements":4,"failureOrErrorElements":0,"skippedElements":0}
2026-10-08T20:05:30.9262900Z HETU_JUNIT93_FAILURE {"commit":"868785ae5cacddcbf4fa2d3cd463ffe131868f29","record":"file","group":"current","path":"android-app/app/build/test-results/testDebugUnitTest/TEST-io.github.xgl34222220.hetu.CustomPaletteCompatibilityTest.xml","suite":"io.github.xgl34222220.hetu.CustomPaletteCompatibilityTest","bytes":1154,"xmlSha256":"ee9a6713d2bf9f7f945b4eb423ca24da92ff87f858b052fa6b21a8f71bced087","status":"parsed","testcaseElements":5,"failureOrErrorElements":0,"skippedElements":0}
2026-10-08T20:05:30.9268865Z HETU_JUNIT93_FAILURE {"commit":"868785ae5cacddcbf4fa2d3cd463ffe131868f29","record":"file","group":"current","path":"android-app/app/build/test-results/testDebugUnitTest/TEST-io.github.xgl34222220.hetu.DnsTakeoverProbe90Test.xml","suite":"io.github.xgl34222220.hetu.DnsTakeoverProbe90Test","bytes":1786,"xmlSha256":"b4c132280ca096491681f834e8bebb60378cb4e9081c04497e0815542cef7a02","status":"parsed","testcaseElements":10,"failureOrErrorElements":0,"skippedElements":0}
2026-10-08T20:05:30.9275166Z HETU_JUNIT93_FAILURE {"commit":"868785ae5cacddcbf4fa2d3cd463ffe131868f29","record":"file","group":"current","path":"android-app/app/build/test-results/testDebugUnitTest/TEST-io.github.xgl34222220.hetu.DocumentPickerSafetyTest.xml","suite":"io.github.xgl34222220.hetu.DocumentPickerSafetyTest","bytes":883,"xmlSha256":"a00390cb450536d5897705bbb621dc99d370d9c4eee208cc2360f366e9f49201","status":"parsed","testcaseElements":4,"failureOrErrorElements":0,"skippedElements":0}
2026-10-08T20:05:30.9281082Z HETU_JUNIT93_FAILURE {"commit":"868785ae5cacddcbf4fa2d3cd463ffe131868f29","record":"file","group":"current","path":"android-app/app/build/test-results/testDebugUnitTest/TEST-io.github.xgl34222220.hetu.GlassDockFeedback93Test.xml","suite":"io.github.xgl34222220.hetu.GlassDockFeedback93Test","bytes":1767,"xmlSha256":"ae1112f176cd6aa72fb7fd8b9514b4d3cc317bac3d3f1d7c9fc2ce7ca6141d3c","status":"parsed","testcaseElements":5,"failureOrErrorElements":0,"skippedElements":0}
2026-10-08T20:05:30.9286648Z HETU_JUNIT93_FAILURE {"commit":"868785ae5cacddcbf4fa2d3cd463ffe131868f29","record":"file","group":"current","path":"android-app/app/build/test-results/testDebugUnitTest/TEST-io.github.xgl34222220.hetu.GlassMaterial90Test.xml","suite":"io.github.xgl34222220.hetu.GlassMaterial90Test","bytes":1536,"xmlSha256":"44b8d7c86274f99f33c31c32b752a55d5711811d3fb07225d878da7145a49439","status":"parsed","testcaseElements":8,"failureOrErrorElements":0,"skippedElements":0}
2026-10-08T20:05:30.9293217Z HETU_JUNIT93_FAILURE {"commit":"868785ae5cacddcbf4fa2d3cd463ffe131868f29","record":"file","group":"current","path":"android-app/app/build/test-results/testDebugUnitTest/TEST-io.github.xgl34222220.hetu.GoogleConnectionEvidenceTest.xml","suite":"io.github.xgl34222220.hetu.GoogleConnectionEvidenceTest","bytes":1489,"xmlSha256":"cede0c5f58f5a73c693dcde3d018211de3fb4a528149b379be637a3175b3b946","status":"parsed","testcaseElements":8,"failureOrErrorElements":0,"skippedElements":0}
2026-10-08T20:05:30.9299909Z HETU_JUNIT93_FAILURE {"commit":"868785ae5cacddcbf4fa2d3cd463ffe131868f29","record":"file","group":"current","path":"android-app/app/build/test-results/testDebugUnitTest/TEST-io.github.xgl34222220.hetu.HomeFirstSnapshot93Test.xml","suite":"io.github.xgl34222220.hetu.HomeFirstSnapshot93Test","bytes":1112,"xmlSha256":"4454d04aa1f821b49b72fe471822ca68348984e08a583d2acf63895fe537df99","status":"parsed","testcaseElements":5,"failureOrErrorElements":0,"skippedElements":0}
2026-10-08T20:05:30.9306124Z HETU_JUNIT93_FAILURE {"commit":"868785ae5cacddcbf4fa2d3cd463ffe131868f29","record":"file","group":"current","path":"android-app/app/build/test-results/testDebugUnitTest/TEST-io.github.xgl34222220.hetu.JournalReliabilityTest.xml","suite":"io.github.xgl34222220.hetu.JournalReliabilityTest","bytes":3672,"xmlSha256":"e9020d1c7faf04c79cf8ba7d216b12e740803cabcc185b6d52b17e2d5bee97cd","status":"parsed","testcaseElements":21,"failureOrErrorElements":0,"skippedElements":0}
2026-10-08T20:05:30.9312065Z HETU_JUNIT93_FAILURE {"commit":"868785ae5cacddcbf4fa2d3cd463ffe131868f29","record":"file","group":"current","path":"android-app/app/build/test-results/testDebugUnitTest/TEST-io.github.xgl34222220.hetu.LargeTitleParity59Test.xml","suite":"io.github.xgl34222220.hetu.LargeTitleParity59Test","bytes":477,"xmlSha256":"5c3271a2a7aff7fb5340cbf26bac7078ee8bd55b30826f68ea2441f72e609f53","status":"parsed","testcaseElements":1,"failureOrErrorElements":0,"skippedElements":0}
2026-10-08T20:05:30.9318111Z HETU_JUNIT93_FAILURE {"commit":"868785ae5cacddcbf4fa2d3cd463ffe131868f29","record":"file","group":"current","path":"android-app/app/build/test-results/testDebugUnitTest/TEST-io.github.xgl34222220.hetu.LatencyFeedbackRecovery93Test.xml","suite":"io.github.xgl34222220.hetu.LatencyFeedbackRecovery93Test","bytes":1671,"xmlSha256":"63385a556c5b9af926543be720cc1573904507bf5edd6cd3850ff01c959d6948","status":"parsed","testcaseElements":8,"failureOrErrorElements":0,"skippedElements":0}
2026-10-08T20:05:30.9324411Z HETU_JUNIT93_FAILURE {"commit":"868785ae5cacddcbf4fa2d3cd463ffe131868f29","record":"file","group":"current","path":"android-app/app/build/test-results/testDebugUnitTest/TEST-io.github.xgl34222220.hetu.LatencyPresentationRecovery93Test.xml","suite":"io.github.xgl34222220.hetu.LatencyPresentationRecovery93Test","bytes":1002,"xmlSha256":"91626a46aeb0bbb9e7559bb8c3cb642d1cc13a7a4ad2ab587465ed6a77469923","status":"parsed","testcaseElements":4,"failureOrErrorElements":0,"skippedElements":0}
2026-10-08T20:05:30.9330829Z HETU_JUNIT93_FAILURE {"commit":"868785ae5cacddcbf4fa2d3cd463ffe131868f29","record":"file","group":"current","path":"android-app/app/build/test-results/testDebugUnitTest/TEST-io.github.xgl34222220.hetu.LegacyControllerCredentialTest.xml","suite":"io.github.xgl34222220.hetu.LegacyControllerCredentialTest","bytes":842,"xmlSha256":"0c9634f30b1c48a9ed9c33a6560efb584709d649ed8a029cac85892320f17878","status":"parsed","testcaseElements":3,"failureOrErrorElements":0,"skippedElements":0}
2026-10-08T20:05:30.9336880Z HETU_JUNIT93_FAILURE {"commit":"868785ae5cacddcbf4fa2d3cd463ffe131868f29","record":"file","group":"current","path":"android-app/app/build/test-results/testDebugUnitTest/TEST-io.github.xgl34222220.hetu.MainLanguageBindingTest.xml","suite":"io.github.xgl34222220.hetu.MainLanguageBindingTest","bytes":978,"xmlSha256":"826c4db22b67bc9a32f9f1079ec84f59c5a03ec977b82d9b792febb9ebfb71d0","status":"parsed","testcaseElements":4,"failureOrErrorElements":0,"skippedElements":0}
2026-10-08T20:05:30.9341028Z HETU_JUNIT93_FAILURE {"commit":"868785ae5cacddcbf4fa2d3cd463ffe131868f29","record":"file","group":"current","path":"android-app/app/build/test-results/testDebugUnitTest/TEST-io.github.xgl34222220.hetu.NativeConceptScreenshotTest.xml","suite":"io.github.xgl34222220.hetu.NativeConceptScreenshotTest","bytes":3926,"xmlSha256":"9df8c24b585a5fdc89b4c647bd4970a8c2f8124178e2e70d0289d87d8ed081fc","status":"parsed","testcaseElements":30,"failureOrErrorElements":0,"skippedElements":0}
2026-10-08T20:05:30.9344653Z HETU_JUNIT93_FAILURE {"commit":"868785ae5cacddcbf4fa2d3cd463ffe131868f29","record":"file","group":"current","path":"android-app/app/build/test-results/testDebugUnitTest/TEST-io.github.xgl34222220.hetu.NetworkDiagnosticsTest.xml","suite":"io.github.xgl34222220.hetu.NetworkDiagnosticsTest","bytes":2101,"xmlSha256":"d2da684e3451d8760c0d6e79ad82e3bdd40e7ec0dc600048af12d82e4689ac83","status":"parsed","testcaseElements":11,"failureOrErrorElements":0,"skippedElements":0}
2026-10-08T20:05:30.9348063Z HETU_JUNIT93_FAILURE {"commit":"868785ae5cacddcbf4fa2d3cd463ffe131868f29","record":"file","group":"current","path":"android-app/app/build/test-results/testDebugUnitTest/TEST-io.github.xgl34222220.hetu.NetworkRecoveryStressTest.xml","suite":"io.github.xgl34222220.hetu.NetworkRecoveryStressTest","bytes":2461,"xmlSha256":"a1bd8d6f42314dea4457d148f83423a0cd7dfedbe5e035db77dd80b18fc8c29c","status":"parsed","testcaseElements":13,"failureOrErrorElements":0,"skippedElements":0}
2026-10-08T20:05:30.9351775Z HETU_JUNIT93_FAILURE {"commit":"868785ae5cacddcbf4fa2d3cd463ffe131868f29","record":"file","group":"current","path":"android-app/app/build/test-results/testDebugUnitTest/TEST-io.github.xgl34222220.hetu.NewHomePanelInteractionTest.xml","suite":"io.github.xgl34222220.hetu.NewHomePanelInteractionTest","bytes":1701,"xmlSha256":"59981f7290ab4b91c0932f254d623c44c6bdcd74243f8cff6613c39783e8caa8","status":"parsed","testcaseElements":9,"failureOrErrorElements":0,"skippedElements":0}
2026-10-08T20:05:30.9356260Z HETU_JUNIT93_FAILURE {"commit":"868785ae5cacddcbf4fa2d3cd463ffe131868f29","record":"file","group":"current","path":"android-app/app/build/test-results/testDebugUnitTest/TEST-io.github.xgl34222220.hetu.NewUiIntegrationTest.xml","suite":"io.github.xgl34222220.hetu.NewUiIntegrationTest","bytes":1100,"xmlSha256":"210f9abd5f6318e19459986fd97057d305d66a45e0b1b245b84ff210b5277a96","status":"parsed","testcaseElements":6,"failureOrErrorElements":0,"skippedElements":0}
2026-10-08T20:05:30.9359556Z HETU_JUNIT93_FAILURE {"commit":"868785ae5cacddcbf4fa2d3cd463ffe131868f29","record":"file","group":"current","path":"android-app/app/build/test-results/testDebugUnitTest/TEST-io.github.xgl34222220.hetu.NewUiShell83Test.xml","suite":"io.github.xgl34222220.hetu.NewUiShell83Test","bytes":892,"xmlSha256":"105bde0dadfd70c405eca1acdcaa29b40e2cbabe6a9391eaf5db5b176b845fbd","status":"parsed","testcaseElements":4,"failureOrErrorElements":0,"skippedElements":0}
2026-10-08T20:05:30.9362702Z HETU_JUNIT93_FAILURE {"commit":"868785ae5cacddcbf4fa2d3cd463ffe131868f29","record":"file","group":"current","path":"android-app/app/build/test-results/testDebugUnitTest/TEST-io.github.xgl34222220.hetu.PanelActionSafetyTest.xml","suite":"io.github.xgl34222220.hetu.PanelActionSafetyTest","bytes":5214,"xmlSha256":"6c33130efebe4b5af0f58e95e7dbb4cdc510d5420e028ffe8262340d1911940a","status":"parsed","testcaseElements":30,"failureOrErrorElements":0,"skippedElements":0}
2026-10-08T20:05:30.9365848Z HETU_JUNIT93_FAILURE {"commit":"868785ae5cacddcbf4fa2d3cd463ffe131868f29","record":"file","group":"current","path":"android-app/app/build/test-results/testDebugUnitTest/TEST-io.github.xgl34222220.hetu.PanelConceptModelTest.xml","suite":"io.github.xgl34222220.hetu.PanelConceptModelTest","bytes":1148,"xmlSha256":"3d9610f70c111cd0e0b155acab31898aa41a54233a814cd68811386ad8f68555","status":"parsed","testcaseElements":6,"failureOrErrorElements":0,"skippedElements":0}
2026-10-08T20:05:30.9369440Z HETU_JUNIT93_FAILURE {"commit":"868785ae5cacddcbf4fa2d3cd463ffe131868f29","record":"file","group":"current","path":"android-app/app/build/test-results/testDebugUnitTest/TEST-io.github.xgl34222220.hetu.PanelControllerErrorTest.xml","suite":"io.github.xgl34222220.hetu.PanelControllerErrorTest","bytes":961,"xmlSha256":"8298e2d901d3846fcf136723c85826e37c7c9d40159277852e2c57c4371ce16c","status":"parsed","testcaseElements":4,"failureOrErrorElements":0,"skippedElements":0}
2026-10-08T20:05:30.9372588Z HETU_JUNIT93_FAILURE {"commit":"868785ae5cacddcbf4fa2d3cd463ffe131868f29","record":"file","group":"current","path":"android-app/app/build/test-results/testDebugUnitTest/TEST-io.github.xgl34222220.hetu.PanelExpansionAnchorTest.xml","suite":"io.github.xgl34222220.hetu.PanelExpansionAnchorTest","bytes":974,"xmlSha256":"9344fd149870f91ef47b171719d7cfc8ca0387cd3ead27d929ac303656170c0e","status":"parsed","testcaseElements":4,"failureOrErrorElements":0,"skippedElements":0}
2026-10-08T20:05:30.9375851Z HETU_JUNIT93_FAILURE {"commit":"868785ae5cacddcbf4fa2d3cd463ffe131868f29","record":"file","group":"current","path":"android-app/app/build/test-results/testDebugUnitTest/TEST-io.github.xgl34222220.hetu.PanelLayoutDefaultsTest.xml","suite":"io.github.xgl34222220.hetu.PanelLayoutDefaultsTest","bytes":649,"xmlSha256":"52e5af38eb965132c79b90ab32fe736a6311c4b8963eb5d42ea767dd06117dbc","status":"parsed","testcaseElements":2,"failureOrErrorElements":0,"skippedElements":0}
2026-10-08T20:05:30.9379094Z HETU_JUNIT93_FAILURE {"commit":"868785ae5cacddcbf4fa2d3cd463ffe131868f29","record":"file","group":"current","path":"android-app/app/build/test-results/testDebugUnitTest/TEST-io.github.xgl34222220.hetu.PanelModel11Test.xml","suite":"io.github.xgl34222220.hetu.PanelModel11Test","bytes":2014,"xmlSha256":"37b5a2e5c91434bcba4991bfba5236a5ad0ab257b4c3ba9fe7cea1aa5afaf995","status":"parsed","testcaseElements":12,"failureOrErrorElements":0,"skippedElements":0}
2026-10-08T20:05:30.9382228Z HETU_JUNIT93_FAILURE {"commit":"868785ae5cacddcbf4fa2d3cd463ffe131868f29","record":"file","group":"current","path":"android-app/app/build/test-results/testDebugUnitTest/TEST-io.github.xgl34222220.hetu.PanelRequestOwnershipTest.xml","suite":"io.github.xgl34222220.hetu.PanelRequestOwnershipTest","bytes":2797,"xmlSha256":"8fa2e969cb8012e3df2b6254a738c648816f006561354f75e6843b41511f20e7","status":"parsed","testcaseElements":16,"failureOrErrorElements":0,"skippedElements":0}
2026-10-08T20:05:30.9385422Z HETU_JUNIT93_FAILURE {"commit":"868785ae5cacddcbf4fa2d3cd463ffe131868f29","record":"file","group":"current","path":"android-app/app/build/test-results/testDebugUnitTest/TEST-io.github.xgl34222220.hetu.PanelTouchFeedback93Test.xml","suite":"io.github.xgl34222220.hetu.PanelTouchFeedback93Test","bytes":1259,"xmlSha256":"af10eef253f0245ea6d9e47eb338038e2f02efd250c9541c71a0192adb309eb2","status":"parsed","testcaseElements":6,"failureOrErrorElements":0,"skippedElements":0}
2026-10-08T20:05:30.9388786Z HETU_JUNIT93_FAILURE {"commit":"868785ae5cacddcbf4fa2d3cd463ffe131868f29","record":"file","group":"current","path":"android-app/app/build/test-results/testDebugUnitTest/TEST-io.github.xgl34222220.hetu.ProxyAdblockExportTest.xml","suite":"io.github.xgl34222220.hetu.ProxyAdblockExportTest","bytes":1504,"xmlSha256":"c5e1f6b62c65e567a0c466c1a5042104eec69492b0cf6d312dd067bdb99eb36a","status":"parsed","testcaseElements":8,"failureOrErrorElements":0,"skippedElements":0}
2026-10-08T20:05:30.9391952Z HETU_JUNIT93_FAILURE {"commit":"868785ae5cacddcbf4fa2d3cd463ffe131868f29","record":"file","group":"current","path":"android-app/app/build/test-results/testDebugUnitTest/TEST-io.github.xgl34222220.hetu.ProxyDashboardProbeSafetyTest.xml","suite":"io.github.xgl34222220.hetu.ProxyDashboardProbeSafetyTest","bytes":3247,"xmlSha256":"0469a09bb9f70f2ab50811dd6c15a04d16a56d24990c2cc714b1448f18036f97","status":"parsed","testcaseElements":17,"failureOrErrorElements":0,"skippedElements":0}
2026-10-08T20:05:30.9395257Z HETU_JUNIT93_FAILURE {"commit":"868785ae5cacddcbf4fa2d3cd463ffe131868f29","record":"file","group":"current","path":"android-app/app/build/test-results/testDebugUnitTest/TEST-io.github.xgl34222220.hetu.ProxyLatencyRegressionTest.xml","suite":"io.github.xgl34222220.hetu.ProxyLatencyRegressionTest","bytes":2890,"xmlSha256":"1eed97fe14d1ff2a2699daee3b54d3b63044423cff0c9493bfa933d26d0d6668","status":"parsed","testcaseElements":16,"failureOrErrorElements":0,"skippedElements":0}
2026-10-08T20:05:30.9398566Z HETU_JUNIT93_FAILURE {"commit":"868785ae5cacddcbf4fa2d3cd463ffe131868f29","record":"file","group":"current","path":"android-app/app/build/test-results/testDebugUnitTest/TEST-io.github.xgl34222220.hetu.ProxyNetworkJournalTest.xml","suite":"io.github.xgl34222220.hetu.ProxyNetworkJournalTest","bytes":1963,"xmlSha256":"51ebb0261bc4f5b1b8f6a26bb2018574404ba58ccfde66ff397a940f0ee2588e","status":"parsed","testcaseElements":11,"failureOrErrorElements":0,"skippedElements":0}
2026-10-08T20:05:30.9401816Z HETU_JUNIT93_FAILURE {"commit":"868785ae5cacddcbf4fa2d3cd463ffe131868f29","record":"file","group":"current","path":"android-app/app/build/test-results/testDebugUnitTest/TEST-io.github.xgl34222220.hetu.ProxyScriptSafetyTest.xml","suite":"io.github.xgl34222220.hetu.ProxyScriptSafetyTest","bytes":1825,"xmlSha256":"311228422242484da6766d0a656ccfbc0f3ae2c47352a1cc11d098f1182a8e2d","status":"parsed","testcaseElements":11,"failureOrErrorElements":0,"skippedElements":0}
2026-10-08T20:05:30.9405041Z HETU_JUNIT93_FAILURE {"commit":"868785ae5cacddcbf4fa2d3cd463ffe131868f29","record":"file","group":"current","path":"android-app/app/build/test-results/testDebugUnitTest/TEST-io.github.xgl34222220.hetu.ProxySubscriptionIntegrityTest.xml","suite":"io.github.xgl34222220.hetu.ProxySubscriptionIntegrityTest","bytes":2330,"xmlSha256":"c8034e4938f9789aadd7d4601ea673b418ad7e809e83e7928811c99cc13962d2","status":"parsed","testcaseElements":12,"failureOrErrorElements":0,"skippedElements":0}
2026-10-08T20:05:30.9408349Z HETU_JUNIT93_FAILURE {"commit":"868785ae5cacddcbf4fa2d3cd463ffe131868f29","record":"file","group":"current","path":"android-app/app/build/test-results/testDebugUnitTest/TEST-io.github.xgl34222220.hetu.RecoveryThrottle90Test.xml","suite":"io.github.xgl34222220.hetu.RecoveryThrottle90Test","bytes":1249,"xmlSha256":"2374ec7b590d95fa5dd6866ff475f6076257ac97bf0f253ac449d473a408ad74","status":"parsed","testcaseElements":6,"failureOrErrorElements":0,"skippedElements":0}
2026-10-08T20:05:30.9411424Z HETU_JUNIT93_FAILURE {"commit":"868785ae5cacddcbf4fa2d3cd463ffe131868f29","record":"file","group":"current","path":"android-app/app/build/test-results/testDebugUnitTest/TEST-io.github.xgl34222220.hetu.RootAutostartTest.xml","suite":"io.github.xgl34222220.hetu.RootAutostartTest","bytes":1007,"xmlSha256":"567d1f630f94b11368904c8d10ce8f67b76d1042bea618e0cfdab028bff5a88c","status":"parsed","testcaseElements":5,"failureOrErrorElements":0,"skippedElements":0}
2026-10-08T20:05:30.9414470Z HETU_JUNIT93_FAILURE {"commit":"868785ae5cacddcbf4fa2d3cd463ffe131868f29","record":"file","group":"current","path":"android-app/app/build/test-results/testDebugUnitTest/TEST-io.github.xgl34222220.hetu.RootFakeIpRangesTest.xml","suite":"io.github.xgl34222220.hetu.RootFakeIpRangesTest","bytes":2349,"xmlSha256":"6519ebd1f5b7d5c3b94583725b51ec447fa2a7cd634c76d815f021294b0db0ad","status":"parsed","testcaseElements":13,"failureOrErrorElements":0,"skippedElements":0}
2026-10-08T20:05:30.9417745Z HETU_JUNIT93_FAILURE {"commit":"868785ae5cacddcbf4fa2d3cd463ffe131868f29","record":"file","group":"current","path":"android-app/app/build/test-results/testDebugUnitTest/TEST-io.github.xgl34222220.hetu.RootHealthUpgradeTest.xml","suite":"io.github.xgl34222220.hetu.RootHealthUpgradeTest","bytes":1412,"xmlSha256":"7fe26c7281158f6c2e55f18382c523354c447cbb1b9156f4e2c066186f613297","status":"parsed","testcaseElements":7,"failureOrErrorElements":0,"skippedElements":0}
2026-10-08T20:05:30.9420941Z HETU_JUNIT93_FAILURE {"commit":"868785ae5cacddcbf4fa2d3cd463ffe131868f29","record":"file","group":"current","path":"android-app/app/build/test-results/testDebugUnitTest/TEST-io.github.xgl34222220.hetu.RootNetworkRecoveryTest.xml","suite":"io.github.xgl34222220.hetu.RootNetworkRecoveryTest","bytes":2276,"xmlSha256":"622be694d1c8074dbd1e1cd814b26ed6612df6d44d7c12338eadbbe371d9e592","status":"parsed","testcaseElements":13,"failureOrErrorElements":0,"skippedElements":0}
2026-10-08T20:05:30.9424169Z HETU_JUNIT93_FAILURE {"commit":"868785ae5cacddcbf4fa2d3cd463ffe131868f29","record":"file","group":"current","path":"android-app/app/build/test-results/testDebugUnitTest/TEST-io.github.xgl34222220.hetu.RootObservationOwnership90Test.xml","suite":"io.github.xgl34222220.hetu.RootObservationOwnership90Test","bytes":1008,"xmlSha256":"e1eeec74a643ca950c63d5f8dd221f3f51ba54f0d2f67416bcbb5cb35aed677b","status":"parsed","testcaseElements":4,"failureOrErrorElements":0,"skippedElements":0}
2026-10-08T20:05:30.9427598Z HETU_JUNIT93_FAILURE {"commit":"868785ae5cacddcbf4fa2d3cd463ffe131868f29","record":"file","group":"current","path":"android-app/app/build/test-results/testDebugUnitTest/TEST-io.github.xgl34222220.hetu.RootRecoveryDeadline93Test.xml","suite":"io.github.xgl34222220.hetu.RootRecoveryDeadline93Test","bytes":944,"xmlSha256":"9a5db8343fb486ee981c5d440501fefbef225dbb42da4c2ef0bef9aafb0c31e0","status":"parsed","testcaseElements":4,"failureOrErrorElements":0,"skippedElements":0}
2026-10-08T20:05:30.9430912Z HETU_JUNIT93_FAILURE {"commit":"868785ae5cacddcbf4fa2d3cd463ffe131868f29","record":"file","group":"current","path":"android-app/app/build/test-results/testDebugUnitTest/TEST-io.github.xgl34222220.hetu.RootStartIntentSafety93Test.xml","suite":"io.github.xgl34222220.hetu.RootStartIntentSafety93Test","bytes":1656,"xmlSha256":"2cc8b03e1c350e8d117c32389fefb843869709831976b072c0986f0d493df1bd","status":"parsed","testcaseElements":8,"failureOrErrorElements":0,"skippedElements":0}
2026-10-08T20:05:30.9434083Z HETU_JUNIT93_FAILURE {"commit":"868785ae5cacddcbf4fa2d3cd463ffe131868f29","record":"file","group":"current","path":"android-app/app/build/test-results/testDebugUnitTest/TEST-io.github.xgl34222220.hetu.RootStartTransaction93Test.xml","suite":"io.github.xgl34222220.hetu.RootStartTransaction93Test","bytes":1500,"xmlSha256":"c4acefc9815243aaf30acb782aacac002a34eb2793beb3978425733cb61446a9","status":"parsed","testcaseElements":7,"failureOrErrorElements":0,"skippedElements":0}
2026-10-08T20:05:30.9437404Z HETU_JUNIT93_FAILURE {"commit":"868785ae5cacddcbf4fa2d3cd463ffe131868f29","record":"file","group":"current","path":"android-app/app/build/test-results/testDebugUnitTest/TEST-io.github.xgl34222220.hetu.RuleModeMutation92Test.xml","suite":"io.github.xgl34222220.hetu.RuleModeMutation92Test","bytes":1170,"xmlSha256":"11b0a749e399b5d55a6e0947b594c4f85d298d641925dbdcb8a80b5c5ada66ac","status":"parsed","testcaseElements":5,"failureOrErrorElements":0,"skippedElements":0}
2026-10-08T20:05:30.9440583Z HETU_JUNIT93_FAILURE {"commit":"868785ae5cacddcbf4fa2d3cd463ffe131868f29","record":"file","group":"current","path":"android-app/app/build/test-results/testDebugUnitTest/TEST-io.github.xgl34222220.hetu.RuleRequestOwnership90Test.xml","suite":"io.github.xgl34222220.hetu.RuleRequestOwnership90Test","bytes":4331,"xmlSha256":"b6dacf95b4499b445fb4ad2458dc32a96587d661b3d0780ff954c263635177ce","status":"parsed","testcaseElements":24,"failureOrErrorElements":0,"skippedElements":0}
2026-10-08T20:05:30.9443769Z HETU_JUNIT93_FAILURE {"commit":"868785ae5cacddcbf4fa2d3cd463ffe131868f29","record":"file","group":"current","path":"android-app/app/build/test-results/testDebugUnitTest/TEST-io.github.xgl34222220.hetu.Runtime146ContractTest.xml","suite":"io.github.xgl34222220.hetu.Runtime146ContractTest","bytes":1196,"xmlSha256":"5de5130912335668645e45ce1afc5ab6434bd143a31574326af0fbe433749ec3","status":"parsed","testcaseElements":6,"failureOrErrorElements":0,"skippedElements":0}
2026-10-08T20:05:30.9446937Z HETU_JUNIT93_FAILURE {"commit":"868785ae5cacddcbf4fa2d3cd463ffe131868f29","record":"file","group":"current","path":"android-app/app/build/test-results/testDebugUnitTest/TEST-io.github.xgl34222220.hetu.RuntimeStartup15Test.xml","suite":"io.github.xgl34222220.hetu.RuntimeStartup15Test","bytes":2227,"xmlSha256":"f8f5e91da698fb95d0181db84b2bb9650d6dc79a399cbeb97aa646637ee5c8e2","status":"parsed","testcaseElements":13,"failureOrErrorElements":0,"skippedElements":0}
2026-10-08T20:05:30.9450307Z HETU_JUNIT93_FAILURE {"commit":"868785ae5cacddcbf4fa2d3cd463ffe131868f29","record":"file","group":"current","path":"android-app/app/build/test-results/testDebugUnitTest/TEST-io.github.xgl34222220.hetu.RuntimeYaml15Test.xml","suite":"io.github.xgl34222220.hetu.RuntimeYaml15Test","bytes":2174,"xmlSha256":"f1e52b5573b0bdd074016f212c416da905c0e7a3c1c449e9f248a6da137a4247","status":"parsed","testcaseElements":14,"failureOrErrorElements":0,"skippedElements":0}
2026-10-08T20:05:30.9453635Z HETU_JUNIT93_FAILURE {"commit":"868785ae5cacddcbf4fa2d3cd463ffe131868f29","record":"file","group":"current","path":"android-app/app/build/test-results/testDebugUnitTest/TEST-io.github.xgl34222220.hetu.SelectionMutation90Test.xml","suite":"io.github.xgl34222220.hetu.SelectionMutation90Test","bytes":1206,"xmlSha256":"225cc4c47df29c5efd19459c33be11d8a828e18303d89ea6017aedb31b3c3213","status":"parsed","testcaseElements":5,"failureOrErrorElements":0,"skippedElements":0}
2026-10-08T20:05:30.9456778Z HETU_JUNIT93_FAILURE {"commit":"868785ae5cacddcbf4fa2d3cd463ffe131868f29","record":"file","group":"current","path":"android-app/app/build/test-results/testDebugUnitTest/TEST-io.github.xgl34222220.hetu.SettingsBackupParity57Test.xml","suite":"io.github.xgl34222220.hetu.SettingsBackupParity57Test","bytes":770,"xmlSha256":"97b61a01eca0d87d635df4d81a9e1de513513b466ef4258004181fe7d0d04f23","status":"parsed","testcaseElements":3,"failureOrErrorElements":0,"skippedElements":0}
2026-10-08T20:05:30.9460093Z HETU_JUNIT93_FAILURE {"commit":"868785ae5cacddcbf4fa2d3cd463ffe131868f29","record":"file","group":"current","path":"android-app/app/build/test-results/testDebugUnitTest/TEST-io.github.xgl34222220.hetu.SettingsConceptParityTest.xml","suite":"io.github.xgl34222220.hetu.SettingsConceptParityTest","bytes":1548,"xmlSha256":"c5e713b807100201f65f9339547b16064154ec66717fe8a073ca805eda3a2e22","status":"parsed","testcaseElements":8,"failureOrErrorElements":0,"skippedElements":0}
2026-10-08T20:05:30.9463272Z HETU_JUNIT93_FAILURE {"commit":"868785ae5cacddcbf4fa2d3cd463ffe131868f29","record":"file","group":"current","path":"android-app/app/build/test-results/testDebugUnitTest/TEST-io.github.xgl34222220.hetu.SettingsGlassContinuationTest.xml","suite":"io.github.xgl34222220.hetu.SettingsGlassContinuationTest","bytes":979,"xmlSha256":"4b098dd1ba8060d1e4993759eb916098ee89c10048d83f07b8d951ce3e2e50e3","status":"parsed","testcaseElements":4,"failureOrErrorElements":0,"skippedElements":0}
2026-10-08T20:05:30.9466459Z HETU_JUNIT93_FAILURE {"commit":"868785ae5cacddcbf4fa2d3cd463ffe131868f29","record":"file","group":"current","path":"android-app/app/build/test-results/testDebugUnitTest/TEST-io.github.xgl34222220.hetu.SettingsPickerParity58Test.xml","suite":"io.github.xgl34222220.hetu.SettingsPickerParity58Test","bytes":616,"xmlSha256":"ba023a8d2500099e7bfb102d7a5e676f8d7596548b8d8630b958d3dc33b4a275","status":"parsed","testcaseElements":2,"failureOrErrorElements":0,"skippedElements":0}
2026-10-08T20:05:30.9469848Z HETU_JUNIT93_FAILURE {"commit":"868785ae5cacddcbf4fa2d3cd463ffe131868f29","record":"file","group":"current","path":"android-app/app/build/test-results/testDebugUnitTest/TEST-io.github.xgl34222220.hetu.StartupConfigViewerFeedbackTest.xml","suite":"io.github.xgl34222220.hetu.StartupConfigViewerFeedbackTest","bytes":9059,"xmlSha256":"e81381e61a8c6b1e1754c84a93be84b1cbba810d539ae254d8eb842822d0c062","status":"parsed","testcaseElements":10,"failureOrErrorElements":1,"skippedElements":0}
2026-10-08T20:05:30.9475516Z HETU_JUNIT93_FAILURE {"commit":"868785ae5cacddcbf4fa2d3cd463ffe131868f29","record":"case","group":"current","path":"android-app/app/build/test-results/testDebugUnitTest/TEST-io.github.xgl34222220.hetu.StartupConfigViewerFeedbackTest.xml","suite":"io.github.xgl34222220.hetu.StartupConfigViewerFeedbackTest","bytes":9059,"xmlSha256":"e81381e61a8c6b1e1754c84a93be84b1cbba810d539ae254d8eb842822d0c062","testcase":"boundedViewerMeasuresOnlySmallUnicodeParagraphsAndShowsLongLineEnd","element":"failure","type":{"text":"java.lang.AssertionError","originalUtf8Bytes":24,"sha256":"236d51b61b189ceec0ac4f169fec07728086016022478eae12685425934eafbd","truncated":false},"message":{"text":"java.lang.AssertionError: EOF glyph must be visible horizontally: Rect.fromLTRB(1389.9, 628.0, 1397.9, 647.0) within Rect.fromLTRB(32.0, 628.0, 361.0, 647.0)","originalUtf8Bytes":157,"sha256":"be40b12bec231b63972a27cd4dd64c7691a9831c64eb91f6e1ecbfd58216ce09","truncated":false},"stack":{"originalUtf8Bytes":6623,"sha256":"1c82545c3e5e0ca40e617a0ca58cbafa8922be6fd9aa7b9a5057d10c53d595e1","truncated":false},"stackChunks":4}
2026-10-08T20:05:30.9489448Z HETU_JUNIT93_FAILURE {"commit":"868785ae5cacddcbf4fa2d3cd463ffe131868f29","record":"stack-chunk","group":"current","path":"android-app/app/build/test-results/testDebugUnitTest/TEST-io.github.xgl34222220.hetu.StartupConfigViewerFeedbackTest.xml","suite":"io.github.xgl34222220.hetu.StartupConfigViewerFeedbackTest","testcase":"boundedViewerMeasuresOnlySmallUnicodeParagraphsAndShowsLongLineEnd","sequence":1,"totalChunks":4,"text":"java.lang.AssertionError: EOF glyph must be visible horizontally: Rect.fromLTRB(1389.9, 628.0, 1397.9, 647.0) within Rect.fromLTRB(32.0, 628.0, 361.0, 647.0)\n\tat org.junit.Assert.fail(Assert.java:89)\n\tat org.junit.Assert.assertTrue(Assert.java:42)\n\tat io.github.xgl34222220.hetu.StartupConfigViewerFeedbackTest.expectGlyphVisible$lambda$0(StartupConfigViewerFeedbackTest.kt:358)\n\tat androidx.compose.ui.test.AndroidSynchronization_androidKt.runOnUiThread(AndroidSynchronization.android.kt:35)\n\tat androidx.compose.ui.test.AndroidComposeUiTestEnvironment$AndroidComposeUiTestImpl.runOnUiThread(ComposeUiTest.android.kt:844)\n\tat androidx.compose.ui.test.junit4.AndroidComposeTestRule.runOnUiThread(AndroidComposeTestRule.android.kt:487)\n\tat io.github.xgl34222220.hetu.StartupConfigViewerFeedbackTest.expectGlyphVisible(StartupConfigViewerFeedbackTest.kt:343)\n\tat io.github.xgl34222220.hetu.StartupConfigViewerFeedbackTest.boundedViewerMeasuresOnlySmallUnicodeParagraphsAndShowsLongLineEnd(StartupConfigViewerFeedbackTest.kt:395)\n\tat java.base/jdk.internal.reflect.DirectMethodHandleAccessor.invoke(DirectMethodHandleAccessor.java:103)\n\tat java.base/java.lang.reflect.Method.invoke(Method.java:580)\n\tat org.junit.runners.model.FrameworkMethod$1.runReflectiveCall(FrameworkMethod.java:59)\n\tat org.junit.internal.runners.model.ReflectiveCallable.run(ReflectiveCallable.java:12)\n\tat org.junit.runners.model.FrameworkMethod.invokeExplosively(FrameworkMethod.java:56)\n\tat org.junit.internal.runners.statements.InvokeMethod.evaluate(InvokeMethod.java:17)\n\tat org.junit.internal.runners.statements.RunBefores.evaluate(RunBefores.java:26)\n\tat org.junit.internal.runners.statements.RunAfters.evaluate(RunAfters.java:27)\n\tat androidx.compose.ui.test.junit4.AndroidComposeTestRule$apply$testWithDisposal$1.evaluate(AndroidComposeTestRule.android.kt:426)\n\tat org.junit.rules.ExternalResource$1.evaluate(ExternalResource.java:54)\n\tat androidx.compose.ui.test.junit4.AndroidComposeTestRule$apply$1$evaluate$1.invokeSuspend(AndroidComposeTestRule.android.kt:448)\n\tat"}
2026-10-08T20:05:30.9507954Z HETU_JUNIT93_FAILURE {"commit":"868785ae5cacddcbf4fa2d3cd463ffe131868f29","record":"stack-chunk","group":"current","path":"android-app/app/build/test-results/testDebugUnitTest/TEST-io.github.xgl34222220.hetu.StartupConfigViewerFeedbackTest.xml","suite":"io.github.xgl34222220.hetu.StartupConfigViewerFeedbackTest","testcase":"boundedViewerMeasuresOnlySmallUnicodeParagraphsAndShowsLongLineEnd","sequence":2,"totalChunks":4,"text":" androidx.compose.ui.test.junit4.AndroidComposeTestRule$apply$1$evaluate$1.invoke(AndroidComposeTestRule.android.kt)\n\tat androidx.compose.ui.test.junit4.AndroidComposeTestRule$apply$1$evaluate$1.invoke(AndroidComposeTestRule.android.kt)\n\tat androidx.compose.ui.test.AndroidComposeUiTestEnvironment$runTest$1$1$1$1$1.invokeSuspend(ComposeUiTest.android.kt:689)\n\tat androidx.compose.ui.test.AndroidComposeUiTestEnvironment$runTest$1$1$1$1$1.invoke(ComposeUiTest.android.kt)\n\tat androidx.compose.ui.test.AndroidComposeUiTestEnvironment$runTest$1$1$1$1$1.invoke(ComposeUiTest.android.kt)\n\tat androidx.compose.ui.test.IdlingStrategy.withStrategy$suspendImpl(IdlingStrategy.android.kt:55)\n\tat androidx.compose.ui.test.IdlingStrategy.withStrategy(IdlingStrategy.android.kt)\n\tat androidx.compose.ui.test.AndroidComposeUiTestEnvironment$runTest$1$1.invokeSuspend(ComposeUiTest.android.kt:686)\n\tat androidx.compose.ui.test.AndroidComposeUiTestEnvironment$runTest$1$1.invoke(ComposeUiTest.android.kt)\n\tat androidx.compose.ui.test.AndroidComposeUiTestEnvironment$runTest$1$1.invoke(ComposeUiTest.android.kt)\n\tat kotlinx.coroutines.test.TestBuildersKt__TestBuildersKt$runTest$2$1$1.invokeSuspend(TestBuilders.kt:317)\n\tat kotlin.coroutines.jvm.internal.BaseContinuationImpl.resumeWith(ContinuationImpl.kt:34)\n\tat kotlinx.coroutines.DispatchedTask.run(DispatchedTask.kt:100)\n\tat kotlinx.coroutines.test.TestDispatcher.processEvent$kotlinx_coroutines_test(TestDispatcher.kt:24)\n\tat kotlinx.coroutines.test.TestCoroutineScheduler.tryRunNextTaskUnless$kotlinx_coroutines_test(TestCoroutineScheduler.kt:98)\n\tat kotlinx.coroutines.test.TestBuildersKt__TestBuildersKt$runTest$2$1$workRunner$1.invokeSuspend(TestBuilders.kt:326)\n\tat kotlin.coroutines.jvm.internal.BaseContinuationImpl.resumeWith(ContinuationImpl.kt:34)\n\tat kotlinx.coroutines.DispatchedTask.run(DispatchedTask.kt:100)\n\tat kotlinx.coroutines.EventLoopImplBase.processNextEvent(EventLoop.common.kt:256)\n\tat kotlinx.coroutines.BlockingCoroutine.joinBlocking(Builders.kt:54)\n\tat kotlinx.coroutines.BuildersK"}
2026-10-08T20:05:30.9526427Z HETU_JUNIT93_FAILURE {"commit":"868785ae5cacddcbf4fa2d3cd463ffe131868f29","record":"stack-chunk","group":"current","path":"android-app/app/build/test-results/testDebugUnitTest/TEST-io.github.xgl34222220.hetu.StartupConfigViewerFeedbackTest.xml","suite":"io.github.xgl34222220.hetu.StartupConfigViewerFeedbackTest","testcase":"boundedViewerMeasuresOnlySmallUnicodeParagraphsAndShowsLongLineEnd","sequence":3,"totalChunks":4,"text":"t__BuildersKt.runBlockingImpl(Builders.kt:30)\n\tat kotlinx.coroutines.BuildersKt.runBlockingImpl(Unknown Source)\n\tat kotlinx.coroutines.BuildersKt__Builders_concurrentKt.runBlockingK(Builders.concurrent.kt:172)\n\tat kotlinx.coroutines.BuildersKt.runBlockingK(Unknown Source)\n\tat kotlinx.coroutines.BuildersKt__Builders_concurrentKt.runBlockingK$default(Builders.concurrent.kt:157)\n\tat kotlinx.coroutines.BuildersKt.runBlockingK$default(Unknown Source)\n\tat kotlinx.coroutines.test.TestBuildersJvmKt.createTestResult(TestBuildersJvm.kt:10)\n\tat kotlinx.coroutines.test.TestBuildersKt__TestBuildersKt.runTest-8Mi8wO0(TestBuilders.kt:309)\n\tat kotlinx.coroutines.test.TestBuildersKt.runTest-8Mi8wO0(TestBuilders.kt:1)\n\tat kotlinx.coroutines.test.TestBuildersKt__TestBuildersKt.runTest-8Mi8wO0(TestBuilders.kt:167)\n\tat kotlinx.coroutines.test.TestBuildersKt.runTest-8Mi8wO0(TestBuilders.kt:1)\n\tat androidx.compose.ui.test.AndroidComposeUiTestEnvironment.runTest(ComposeUiTest.android.kt:665)\n\tat androidx.compose.ui.test.junit4.AndroidComposeTestRule$apply$1.evaluate(AndroidComposeTestRule.android.kt:447)\n\tat org.junit.runners.ParentRunner$3.evaluate(ParentRunner.java:306)\n\tat org.robolectric.RobolectricTestRunner$HelperTestRunner$1.evaluate(RobolectricTestRunner.java:524)\n\tat org.robolectric.internal.SandboxTestRunner.executeInSandbox(SandboxTestRunner.java:494)\n\tat org.robolectric.internal.SandboxTestRunner.access$900(SandboxTestRunner.java:67)\n\tat org.robolectric.internal.SandboxTestRunner$7.evaluate(SandboxTestRunner.java:442)\n\tat org.junit.runners.BlockJUnit4ClassRunner$1.evaluate(BlockJUnit4ClassRunner.java:100)\n\tat org.junit.runners.ParentRunner.runLeaf(ParentRunner.java:366)\n\tat org.junit.runners.BlockJUnit4ClassRunner.runChild(BlockJUnit4ClassRunner.java:103)\n\tat org.robolectric.internal.SandboxTestRunner.access$600(SandboxTestRunner.java:67)\n\tat org.robolectric.internal.SandboxTestRunner$6.evaluate(SandboxTestRunner.java:333)\n\tat org.robolectric.internal.SandboxTestRunner$3.evaluate(SandboxTestRunner.java:233)\n\tat org.robolectr"}
2026-10-08T20:05:30.9538775Z HETU_JUNIT93_FAILURE {"commit":"868785ae5cacddcbf4fa2d3cd463ffe131868f29","record":"stack-chunk","group":"current","path":"android-app/app/build/test-results/testDebugUnitTest/TEST-io.github.xgl34222220.hetu.StartupConfigViewerFeedbackTest.xml","suite":"io.github.xgl34222220.hetu.StartupConfigViewerFeedbackTest","testcase":"boundedViewerMeasuresOnlySmallUnicodeParagraphsAndShowsLongLineEnd","sequence":4,"totalChunks":4,"text":"ic.internal.SandboxTestRunner$5.lambda$evaluate$0(SandboxTestRunner.java:317)\n\tat org.robolectric.internal.bytecode.Sandbox.lambda$runOnMainThread$0(Sandbox.java:101)\n\tat java.base/java.util.concurrent.FutureTask.run(FutureTask.java:317)\n\tat java.base/java.util.concurrent.ThreadPoolExecutor.runWorker(ThreadPoolExecutor.java:1144)\n\tat java.base/java.util.concurrent.ThreadPoolExecutor$Worker.run(ThreadPoolExecutor.java:642)\n\tat java.base/java.lang.Thread.run(Thread.java:1583)\n"}
2026-10-08T20:05:30.9543582Z HETU_JUNIT93_FAILURE {"commit":"868785ae5cacddcbf4fa2d3cd463ffe131868f29","record":"file","group":"current","path":"android-app/app/build/test-results/testDebugUnitTest/TEST-io.github.xgl34222220.hetu.ToastFeedbackTest.xml","suite":"io.github.xgl34222220.hetu.ToastFeedbackTest","bytes":1266,"xmlSha256":"cb616ef849fa553c34e2e235a9a12f5b938922e1d2199c73ce902682e9c211c2","status":"parsed","testcaseElements":6,"failureOrErrorElements":0,"skippedElements":0}
2026-10-08T20:05:30.9546794Z HETU_JUNIT93_FAILURE {"commit":"868785ae5cacddcbf4fa2d3cd463ffe131868f29","record":"file","group":"current","path":"android-app/app/build/test-results/testDebugUnitTest/TEST-io.github.xgl34222220.hetu.ToolsConceptParityTest.xml","suite":"io.github.xgl34222220.hetu.ToolsConceptParityTest","bytes":776,"xmlSha256":"bb7e4e0d120ac5ac497f0d97ff07683862c6bfda323a3faeab28d4b9619ff09b","status":"parsed","testcaseElements":3,"failureOrErrorElements":0,"skippedElements":0}
2026-10-08T20:05:30.9550259Z HETU_JUNIT93_FAILURE {"commit":"868785ae5cacddcbf4fa2d3cd463ffe131868f29","record":"file","group":"current","path":"android-app/app/build/test-results/testDebugUnitTest/TEST-io.github.xgl34222220.hetu.UI83EditorHistoryTest.xml","suite":"io.github.xgl34222220.hetu.UI83EditorHistoryTest","bytes":2129,"xmlSha256":"41b32b744a5e0e8098222964562fbdbd75e4f688955fe77107fe2bf9ab637deb","status":"parsed","testcaseElements":12,"failureOrErrorElements":0,"skippedElements":0}
2026-10-08T20:05:30.9553413Z HETU_JUNIT93_FAILURE {"commit":"868785ae5cacddcbf4fa2d3cd463ffe131868f29","record":"file","group":"current","path":"android-app/app/build/test-results/testDebugUnitTest/TEST-io.github.xgl34222220.hetu.UI83ToolsTest.xml","suite":"io.github.xgl34222220.hetu.UI83ToolsTest","bytes":1428,"xmlSha256":"844947973ca64352bb39d32c662afb0fe1242b0deeb4d9febed480cb497e6efd","status":"parsed","testcaseElements":8,"failureOrErrorElements":0,"skippedElements":0}
2026-10-08T20:05:30.9556482Z HETU_JUNIT93_FAILURE {"commit":"868785ae5cacddcbf4fa2d3cd463ffe131868f29","record":"file","group":"current","path":"android-app/app/build/test-results/testDebugUnitTest/TEST-io.github.xgl34222220.hetu.WanDetails61Test.xml","suite":"io.github.xgl34222220.hetu.WanDetails61Test","bytes":862,"xmlSha256":"73a00f354f2e398f38f5a6f03428245f4fd1a436add0dab395fde588b773b9d7","status":"parsed","testcaseElements":4,"failureOrErrorElements":0,"skippedElements":0}
2026-10-08T20:05:30.9559979Z HETU_JUNIT93_FAILURE {"commit":"868785ae5cacddcbf4fa2d3cd463ffe131868f29","record":"file","group":"current","path":"android-app/app/build/test-results/testDebugUnitTest/TEST-io.github.xgl34222220.hetu.tools.ToolsDiagIntakeTest.xml","suite":"io.github.xgl34222220.hetu.tools.ToolsDiagIntakeTest","bytes":801,"xmlSha256":"8ce7fdb45e426c26b9dc6a786701f39a1146fe12ad11400db2bcaae75e4e8e23","status":"parsed","testcaseElements":3,"failureOrErrorElements":0,"skippedElements":0}
2026-10-08T20:05:30.9563412Z HETU_JUNIT93_FAILURE {"commit":"868785ae5cacddcbf4fa2d3cd463ffe131868f29","record":"file","group":"current","path":"android-app/app/build/test-results/testDebugUnitTest/TEST-io.github.xgl34222220.hetu.tools.ToolsDnsConsentIntakeTest.xml","suite":"io.github.xgl34222220.hetu.tools.ToolsDnsConsentIntakeTest","bytes":1161,"xmlSha256":"a7cda17f9583c5c204065dd37fd22ab4b3fa7ada754ae7a03a7c5fb077c3d237","status":"parsed","testcaseElements":5,"failureOrErrorElements":0,"skippedElements":0}
2026-10-08T20:05:30.9566715Z HETU_JUNIT93_FAILURE {"commit":"868785ae5cacddcbf4fa2d3cd463ffe131868f29","record":"file","group":"current","path":"android-app/app/build/test-results/testDebugUnitTest/TEST-io.github.xgl34222220.hetu.tools.ToolsPdf85Test.xml","suite":"io.github.xgl34222220.hetu.tools.ToolsPdf85Test","bytes":5276,"xmlSha256":"0c3afc6e879eed30a99cc2ffd5dbd8ce1cc430795affaa408e167a106afdb183","status":"parsed","testcaseElements":49,"failureOrErrorElements":0,"skippedElements":0}
2026-10-08T20:05:30.9569511Z HETU_JUNIT93_FAILURE {"commit":"868785ae5cacddcbf4fa2d3cd463ffe131868f29","record":"file","group":"supplemental","path":"out/supplemental36/test-results/TEST-io.github.xgl34222220.hetu.CompactHomeDashboardTest.xml","suite":"io.github.xgl34222220.hetu.CompactHomeDashboardTest","status":"missing"}
2026-10-08T20:05:30.9571509Z HETU_JUNIT93_FAILURE {"commit":"868785ae5cacddcbf4fa2d3cd463ffe131868f29","record":"file","group":"supplemental","path":"out/supplemental36/test-results/TEST-io.github.xgl34222220.hetu.Ui92IntegrationTest.xml","suite":"io.github.xgl34222220.hetu.Ui92IntegrationTest","status":"missing"}
2026-10-08T20:05:30.9573572Z HETU_JUNIT93_FAILURE {"commit":"868785ae5cacddcbf4fa2d3cd463ffe131868f29","record":"file","group":"supplemental","path":"out/supplemental36/test-results/TEST-io.github.xgl34222220.hetu.NodeSelectionContinuityTest.xml","suite":"io.github.xgl34222220.hetu.NodeSelectionContinuityTest","status":"missing"}
2026-10-08T20:05:30.9575745Z HETU_JUNIT93_FAILURE {"commit":"868785ae5cacddcbf4fa2d3cd463ffe131868f29","record":"summary","parsedFiles":77,"missingFiles":3,"failureOrErrorElements":1,"readXmlBytes":138450,"logBytesBeforeSummary":47157,"truncated":false,"omittedRecords":0,"acceptance":"not evaluated; unchanged original XML gates remain authoritative"}
2026-10-08T20:05:30.9611120Z ##[group]Run python3 .github/scripts/transport_ui93_pngs.py --group host
2026-10-08T20:05:30.9611683Z [36;1mpython3 .github/scripts/transport_ui93_pngs.py --group host[0m
2026-10-08T20:05:30.9657558Z shell: /usr/bin/bash -e {0}
2026-10-08T20:05:30.9657914Z env:
2026-10-08T20:05:30.9658282Z   HETU_TEST_KEYSTORE: /home/runner/.android/hetu-ui10-debug.jks
2026-10-08T20:05:30.9658707Z   HETU_EXPECTED_TESTS: 707
2026-10-08T20:05:30.9659027Z   HETU_EXPECTED_TEST_XML_FILES: 77
2026-10-08T20:05:30.9659366Z   HETU_EXPECTED_VERSION: 2093
2026-10-08T20:05:30.9659718Z   HETU_EXPECTED_VERSION_NAME: 0.12.20-v20-glass
2026-10-08T20:05:30.9660172Z   JAVA_HOME: /opt/hostedtoolcache/Java_Temurin-Hotspot_jdk/21.0.12-1/x64
2026-10-08T20:05:30.9660694Z   JAVA_HOME_21_X64: /opt/hostedtoolcache/Java_Temurin-Hotspot_jdk/21.0.12-1/x64
2026-10-08T20:05:30.9661167Z   GRADLE_ACTION_ID: gradle/actions/setup-gradle
2026-10-08T20:05:30.9661533Z   GRADLE_USER_HOME: /home/runner/.gradle
2026-10-08T20:05:30.9661936Z   GRADLE_BUILD_ACTION_SETUP_COMPLETED: true
2026-10-08T20:05:30.9662293Z   GRADLE_BUILD_ACTION_CACHE_RESTORED: true
2026-10-08T20:05:30.9662783Z   DEVELOCITY_INJECTION_INIT_SCRIPT_NAME: gradle-actions.inject-develocity.init.gradle
2026-10-08T20:05:30.9663299Z   DEVELOCITY_INJECTION_CUSTOM_VALUE: gradle-actions
2026-10-08T20:05:30.9663680Z   GITHUB_DEPENDENCY_GRAPH_ENABLED: false
2026-10-08T20:05:30.9664013Z ##[endgroup]
2026-10-08T20:05:31.0058728Z HETU_UI93_PNG {"version":1,"commit":"868785ae5cacddcbf4fa2d3cd463ffe131868f29","kind":"limits","group":"host","allowedFiles":23,"maxFileBytes":524288,"maxGroupBytes":4194304,"chunkBytes":3072}
2026-10-08T20:05:31.0061830Z HETU_UI93_PNG {"version":1,"commit":"868785ae5cacddcbf4fa2d3cd463ffe131868f29","kind":"file","path":"android-app/app/build/outputs/glass90/light-home.png","optional":false,"bytes":180780,"status":"ready","sha256":"492a48a28252f0311af3ae698dc54ade39cfd0e36dd643d737d40c36c312e592","width":393,"height":852,"chunks":59}
2026-10-08T20:05:31.2622105Z HETU_UI93_PNG {"version":1,"commit":"868785ae5cacddcbf4fa2d3cd463ffe131868f29","kind":"end","path":"android-app/app/build/outputs/glass90/light-home.png","chunks":59,"bytes":180780,"sha256":"492a48a28252f0311af3ae698dc54ade39cfd0e36dd643d737d40c36c312e592"}
2026-10-08T20:05:31.2624277Z HETU_UI93_PNG {"version":1,"commit":"868785ae5cacddcbf4fa2d3cd463ffe131868f29","kind":"file","path":"android-app/app/build/outputs/glass90/light-panel.png","optional":false,"bytes":197998,"status":"ready","sha256":"4b75d721de1356476b6019153edcd3466fc207ff283751224483e108ebb917f9","width":393,"height":852,"chunks":65}
2026-10-08T20:05:31.5125905Z HETU_UI93_PNG {"version":1,"commit":"868785ae5cacddcbf4fa2d3cd463ffe131868f29","kind":"end","path":"android-app/app/build/outputs/glass90/light-panel.png","chunks":65,"bytes":197998,"sha256":"4b75d721de1356476b6019153edcd3466fc207ff283751224483e108ebb917f9"}
2026-10-08T20:05:31.5128048Z HETU_UI93_PNG {"version":1,"commit":"868785ae5cacddcbf4fa2d3cd463ffe131868f29","kind":"file","path":"android-app/app/build/outputs/glass90/light-tools.png","optional":false,"bytes":160865,"status":"ready","sha256":"f21239b47ac2e13bc7517f922dd23136dca2a18f5ec16bcd7734badb892b1812","width":393,"height":852,"chunks":53}
2026-10-08T20:05:31.7008169Z HETU_UI93_PNG {"version":1,"commit":"868785ae5cacddcbf4fa2d3cd463ffe131868f29","kind":"end","path":"android-app/app/build/outputs/glass90/light-tools.png","chunks":53,"bytes":160865,"sha256":"f21239b47ac2e13bc7517f922dd23136dca2a18f5ec16bcd7734badb892b1812"}
2026-10-08T20:05:31.7010344Z HETU_UI93_PNG {"version":1,"commit":"868785ae5cacddcbf4fa2d3cd463ffe131868f29","kind":"file","path":"android-app/app/build/outputs/glass90/light-settings.png","optional":false,"bytes":158057,"status":"ready","sha256":"b91417cd6bdcb59bd114919f89f09dbf569a94605418f8ff9eb60d401c0166fb","width":393,"height":852,"chunks":52}
2026-10-08T20:05:31.8868259Z HETU_UI93_PNG {"version":1,"commit":"868785ae5cacddcbf4fa2d3cd463ffe131868f29","kind":"end","path":"android-app/app/build/outputs/glass90/light-settings.png","chunks":52,"bytes":158057,"sha256":"b91417cd6bdcb59bd114919f89f09dbf569a94605418f8ff9eb60d401c0166fb"}
2026-10-08T20:05:31.8870468Z HETU_UI93_PNG {"version":1,"commit":"868785ae5cacddcbf4fa2d3cd463ffe131868f29","kind":"file","path":"android-app/app/build/outputs/glass90/dark-home.png","optional":false,"bytes":189257,"status":"ready","sha256":"f3bce820822c0a95cc48244ad5202ef32dd9440360a76ce411b5201abcaa2b45","width":393,"height":852,"chunks":62}
2026-10-08T20:05:32.1105973Z HETU_UI93_PNG {"version":1,"commit":"868785ae5cacddcbf4fa2d3cd463ffe131868f29","kind":"end","path":"android-app/app/build/outputs/glass90/dark-home.png","chunks":62,"bytes":189257,"sha256":"f3bce820822c0a95cc48244ad5202ef32dd9440360a76ce411b5201abcaa2b45"}
2026-10-08T20:05:32.1108159Z HETU_UI93_PNG {"version":1,"commit":"868785ae5cacddcbf4fa2d3cd463ffe131868f29","kind":"file","path":"android-app/app/build/outputs/glass90/dark-panel.png","optional":false,"bytes":221096,"status":"ready","sha256":"318e30ba0ec8c3a0c1eab771711c2bf4a376e889a3fda83f4781eac3208bb516","width":393,"height":852,"chunks":72}
2026-10-08T20:05:32.3881253Z HETU_UI93_PNG {"version":1,"commit":"868785ae5cacddcbf4fa2d3cd463ffe131868f29","kind":"end","path":"android-app/app/build/outputs/glass90/dark-panel.png","chunks":72,"bytes":221096,"sha256":"318e30ba0ec8c3a0c1eab771711c2bf4a376e889a3fda83f4781eac3208bb516"}
2026-10-08T20:05:32.3883347Z HETU_UI93_PNG {"version":1,"commit":"868785ae5cacddcbf4fa2d3cd463ffe131868f29","kind":"file","path":"android-app/app/build/outputs/glass90/dark-tools.png","optional":false,"bytes":165459,"status":"ready","sha256":"b5bf3a7b1b3bfdd498e573a245ca3104dbf1f606e34a6540a8616a0c3af35d11","width":393,"height":852,"chunks":54}
2026-10-08T20:05:32.5857414Z HETU_UI93_PNG {"version":1,"commit":"868785ae5cacddcbf4fa2d3cd463ffe131868f29","kind":"end","path":"android-app/app/build/outputs/glass90/dark-tools.png","chunks":54,"bytes":165459,"sha256":"b5bf3a7b1b3bfdd498e573a245ca3104dbf1f606e34a6540a8616a0c3af35d11"}
2026-10-08T20:05:32.5859559Z HETU_UI93_PNG {"version":1,"commit":"868785ae5cacddcbf4fa2d3cd463ffe131868f29","kind":"file","path":"android-app/app/build/outputs/glass90/dark-settings.png","optional":false,"bytes":162324,"status":"ready","sha256":"38c133a08bed03494b812ac6c4ddb8cd8f6b435af3996be6b1729d77cd888521","width":393,"height":852,"chunks":53}
2026-10-08T20:05:32.7804350Z HETU_UI93_PNG {"version":1,"commit":"868785ae5cacddcbf4fa2d3cd463ffe131868f29","kind":"end","path":"android-app/app/build/outputs/glass90/dark-settings.png","chunks":53,"bytes":162324,"sha256":"38c133a08bed03494b812ac6c4ddb8cd8f6b435af3996be6b1729d77cd888521"}
2026-10-08T20:05:32.7806498Z HETU_UI93_PNG {"version":1,"commit":"868785ae5cacddcbf4fa2d3cd463ffe131868f29","kind":"file","path":"android-app/app/build/outputs/ui93/group-collapsed-measuring.png","optional":false,"bytes":195114,"status":"ready","sha256":"ab9241487ce4611186545f64456e4c554cdf447208915506620e5e7d111df9b2","width":393,"height":852,"chunks":64}
2026-10-08T20:05:33.0184438Z HETU_UI93_PNG {"version":1,"commit":"868785ae5cacddcbf4fa2d3cd463ffe131868f29","kind":"end","path":"android-app/app/build/outputs/ui93/group-collapsed-measuring.png","chunks":64,"bytes":195114,"sha256":"ab9241487ce4611186545f64456e4c554cdf447208915506620e5e7d111df9b2"}
2026-10-08T20:05:33.0186596Z HETU_UI93_PNG {"version":1,"commit":"868785ae5cacddcbf4fa2d3cd463ffe131868f29","kind":"file","path":"android-app/app/build/outputs/ui93/node-measurement-failed.png","optional":false,"bytes":178340,"status":"ready","sha256":"8763d92493f483888ff3c4be2fd542d04f127a1b0d63c21aeaa477013183f2ad","width":393,"height":852,"chunks":59}
2026-10-08T20:05:33.2455749Z HETU_UI93_PNG {"version":1,"commit":"868785ae5cacddcbf4fa2d3cd463ffe131868f29","kind":"end","path":"android-app/app/build/outputs/ui93/node-measurement-failed.png","chunks":59,"bytes":178340,"sha256":"8763d92493f483888ff3c4be2fd542d04f127a1b0d63c21aeaa477013183f2ad"}
2026-10-08T20:05:33.2457959Z HETU_UI93_PNG {"version":1,"commit":"868785ae5cacddcbf4fa2d3cd463ffe131868f29","kind":"file","path":"android-app/app/build/outputs/ui93/compact-large-font-node.png","optional":false,"bytes":174397,"status":"ready","sha256":"d733be5983e848db85179cbfc55e54c852d71dadbb269d182f2d9a1ec137a711","width":393,"height":852,"chunks":57}
2026-10-08T20:05:33.4673207Z HETU_UI93_PNG {"version":1,"commit":"868785ae5cacddcbf4fa2d3cd463ffe131868f29","kind":"end","path":"android-app/app/build/outputs/ui93/compact-large-font-node.png","chunks":57,"bytes":174397,"sha256":"d733be5983e848db85179cbfc55e54c852d71dadbb269d182f2d9a1ec137a711"}
2026-10-08T20:05:33.4675380Z HETU_UI93_PNG {"version":1,"commit":"868785ae5cacddcbf4fa2d3cd463ffe131868f29","kind":"file","path":"android-app/app/build/outputs/ui93/delay-result-settled.png","optional":false,"bytes":4614,"status":"ready","sha256":"c760a46d7e9a535053d8f0954586840583ac4a1c93c6eb3abe27702f85004eb9","width":393,"height":852,"chunks":2}
2026-10-08T20:05:33.4859763Z HETU_UI93_PNG {"version":1,"commit":"868785ae5cacddcbf4fa2d3cd463ffe131868f29","kind":"end","path":"android-app/app/build/outputs/ui93/delay-result-settled.png","chunks":2,"bytes":4614,"sha256":"c760a46d7e9a535053d8f0954586840583ac4a1c93c6eb3abe27702f85004eb9"}
2026-10-08T20:05:33.4861954Z HETU_UI93_PNG {"version":1,"commit":"868785ae5cacddcbf4fa2d3cd463ffe131868f29","kind":"file","path":"android-app/app/build/outputs/ui93/dock-large-font-2x.png","optional":false,"bytes":172275,"status":"ready","sha256":"65b3bf71913349815d26c803e2b0510cd2cb12620017416065c3cd4bd78bef7f","width":393,"height":852,"chunks":57}
2026-10-08T20:05:33.6989279Z HETU_UI93_PNG {"version":1,"commit":"868785ae5cacddcbf4fa2d3cd463ffe131868f29","kind":"end","path":"android-app/app/build/outputs/ui93/dock-large-font-2x.png","chunks":57,"bytes":172275,"sha256":"65b3bf71913349815d26c803e2b0510cd2cb12620017416065c3cd4bd78bef7f"}
2026-10-08T20:05:33.6991243Z HETU_UI93_PNG {"version":1,"commit":"868785ae5cacddcbf4fa2d3cd463ffe131868f29","kind":"file","path":"android-app/app/build/outputs/ui93/dock-attached.png","optional":false,"bytes":167863,"status":"ready","sha256":"62979a0033b2b018f50fd0c7290c16f9fe07dfbf452f170b9d0a7839a377bfa7","width":393,"height":852,"chunks":55}
2026-10-08T20:05:33.9070294Z HETU_UI93_PNG {"version":1,"commit":"868785ae5cacddcbf4fa2d3cd463ffe131868f29","kind":"end","path":"android-app/app/build/outputs/ui93/dock-attached.png","chunks":55,"bytes":167863,"sha256":"62979a0033b2b018f50fd0c7290c16f9fe07dfbf452f170b9d0a7839a377bfa7"}
2026-10-08T20:05:33.9072364Z HETU_UI93_PNG {"version":1,"commit":"868785ae5cacddcbf4fa2d3cd463ffe131868f29","kind":"file","path":"android-app/app/build/outputs/ui93/dock-repeated-taps-settled.png","optional":false,"bytes":169828,"status":"ready","sha256":"59da7722dc2d9abbd53a2d956501f765c782bbd07d1ec7b6c5f0df0a072e39de","width":393,"height":852,"chunks":56}
2026-10-08T20:05:34.1150618Z HETU_UI93_PNG {"version":1,"commit":"868785ae5cacddcbf4fa2d3cd463ffe131868f29","kind":"end","path":"android-app/app/build/outputs/ui93/dock-repeated-taps-settled.png","chunks":56,"bytes":169828,"sha256":"59da7722dc2d9abbd53a2d956501f765c782bbd07d1ec7b6c5f0df0a072e39de"}
2026-10-08T20:05:34.1152875Z HETU_UI93_PNG {"version":1,"commit":"868785ae5cacddcbf4fa2d3cd463ffe131868f29","kind":"file","path":"android-app/app/build/outputs/ui93/dock-motion-off-after-2s.png","optional":false,"bytes":169828,"status":"ready","sha256":"59da7722dc2d9abbd53a2d956501f765c782bbd07d1ec7b6c5f0df0a072e39de","width":393,"height":852,"chunks":56}
2026-10-08T20:05:34.3244374Z HETU_UI93_PNG {"version":1,"commit":"868785ae5cacddcbf4fa2d3cd463ffe131868f29","kind":"end","path":"android-app/app/build/outputs/ui93/dock-motion-off-after-2s.png","chunks":56,"bytes":169828,"sha256":"59da7722dc2d9abbd53a2d956501f765c782bbd07d1ec7b6c5f0df0a072e39de"}
2026-10-08T20:05:34.3246656Z HETU_UI93_PNG {"version":1,"commit":"868785ae5cacddcbf4fa2d3cd463ffe131868f29","kind":"file","path":"android-app/app/build/outputs/startup-config-feedback/settings-actual-large-entry.png","optional":false,"bytes":169146,"status":"ready","sha256":"5a05f264561ad231cad2a28cc22ce30ad0e42468949eb43df17e2b32388edcdf","width":393,"height":852,"chunks":56}
2026-10-08T20:05:34.5274537Z HETU_UI93_PNG {"version":1,"commit":"868785ae5cacddcbf4fa2d3cd463ffe131868f29","kind":"end","path":"android-app/app/build/outputs/startup-config-feedback/settings-actual-large-entry.png","chunks":56,"bytes":169146,"sha256":"5a05f264561ad231cad2a28cc22ce30ad0e42468949eb43df17e2b32388edcdf"}
2026-10-08T20:05:34.5276853Z HETU_UI93_PNG {"version":1,"commit":"868785ae5cacddcbf4fa2d3cd463ffe131868f29","kind":"file","path":"android-app/app/build/outputs/startup-config-feedback/settings-visible-eof.png","optional":false,"bytes":136047,"status":"ready","sha256":"4d55f8b372cec5a522761278ec438074c0e3c3abba61bfaf63f2ac006be7c2f1","width":393,"height":852,"chunks":45}
2026-10-08T20:05:34.6952594Z HETU_UI93_PNG {"version":1,"commit":"868785ae5cacddcbf4fa2d3cd463ffe131868f29","kind":"end","path":"android-app/app/build/outputs/startup-config-feedback/settings-visible-eof.png","chunks":45,"bytes":136047,"sha256":"4d55f8b372cec5a522761278ec438074c0e3c3abba61bfaf63f2ac006be7c2f1"}
2026-10-08T20:05:34.6955005Z HETU_UI93_PNG {"version":1,"commit":"868785ae5cacddcbf4fa2d3cd463ffe131868f29","kind":"file","path":"android-app/app/build/outputs/startup-config-feedback/settings-actual-read-error.png","optional":false,"bytes":133441,"status":"ready","sha256":"e5f37e3f730581b3e20d881e7ab7ec26af0aeb0a6bbea553dd8c27f9a8f43ce7","width":393,"height":852,"chunks":44}
2026-10-08T20:05:34.8620927Z HETU_UI93_PNG {"version":1,"commit":"868785ae5cacddcbf4fa2d3cd463ffe131868f29","kind":"end","path":"android-app/app/build/outputs/startup-config-feedback/settings-actual-read-error.png","chunks":44,"bytes":133441,"sha256":"e5f37e3f730581b3e20d881e7ab7ec26af0aeb0a6bbea553dd8c27f9a8f43ce7"}
2026-10-08T20:05:34.8623409Z HETU_UI93_PNG {"version":1,"commit":"868785ae5cacddcbf4fa2d3cd463ffe131868f29","kind":"file","path":"android-app/app/build/outputs/startup-config-feedback/tools-actual-large-entry.png","optional":false,"bytes":146006,"status":"ready","sha256":"61a225373fce2fd3b940bd80ed8c8f78c527f1419464f27f8c6544b585d5450c","width":393,"height":852,"chunks":48}
2026-10-08T20:05:35.0567567Z HETU_UI93_PNG {"version":1,"commit":"868785ae5cacddcbf4fa2d3cd463ffe131868f29","kind":"end","path":"android-app/app/build/outputs/startup-config-feedback/tools-actual-large-entry.png","chunks":48,"bytes":146006,"sha256":"61a225373fce2fd3b940bd80ed8c8f78c527f1419464f27f8c6544b585d5450c"}
2026-10-08T20:05:35.0569839Z HETU_UI93_PNG {"version":1,"commit":"868785ae5cacddcbf4fa2d3cd463ffe131868f29","kind":"file","path":"android-app/app/build/outputs/glass91/dark-settings-group.png","optional":false,"bytes":181563,"status":"ready","sha256":"e2c09c3aba0a50be39a5dafa10fe89f4bbbcc94b9656d3a2e465a9ce2af45400","width":393,"height":852,"chunks":60}
2026-10-08T20:05:35.2807161Z HETU_UI93_PNG {"version":1,"commit":"868785ae5cacddcbf4fa2d3cd463ffe131868f29","kind":"end","path":"android-app/app/build/outputs/glass91/dark-settings-group.png","chunks":60,"bytes":181563,"sha256":"e2c09c3aba0a50be39a5dafa10fe89f4bbbcc94b9656d3a2e465a9ce2af45400"}
2026-10-08T20:05:35.2809511Z HETU_UI93_PNG {"version":1,"commit":"868785ae5cacddcbf4fa2d3cd463ffe131868f29","kind":"file","path":"android-app/app/build/outputs/concept-state-coverage/04-009-theme-motion.png","optional":false,"bytes":161143,"status":"ready","sha256":"184eee6585a2006f8213b20a62405b44f5a408f7f44c8cb3fff52914be320305","width":393,"height":852,"chunks":53}
2026-10-08T20:05:35.4711961Z HETU_UI93_PNG {"version":1,"commit":"868785ae5cacddcbf4fa2d3cd463ffe131868f29","kind":"end","path":"android-app/app/build/outputs/concept-state-coverage/04-009-theme-motion.png","chunks":53,"bytes":161143,"sha256":"184eee6585a2006f8213b20a62405b44f5a408f7f44c8cb3fff52914be320305"}
2026-10-08T20:05:35.4714191Z HETU_UI93_PNG {"version":1,"commit":"868785ae5cacddcbf4fa2d3cd463ffe131868f29","kind":"file","path":"android-app/app/build/outputs/concept-state-coverage/04-029-mirror-dialog.png","optional":false,"bytes":97246,"status":"ready","sha256":"0fc83b46b835e7cae44299b26051973722ae38a727e5ad48e93625084dae09a9","width":393,"height":852,"chunks":32}
2026-10-08T20:05:35.5884785Z HETU_UI93_PNG {"version":1,"commit":"868785ae5cacddcbf4fa2d3cd463ffe131868f29","kind":"end","path":"android-app/app/build/outputs/concept-state-coverage/04-029-mirror-dialog.png","chunks":32,"bytes":97246,"sha256":"0fc83b46b835e7cae44299b26051973722ae38a727e5ad48e93625084dae09a9"}
2026-10-08T20:05:35.5892886Z HETU_UI93_PNG {"version":1,"commit":"868785ae5cacddcbf4fa2d3cd463ffe131868f29","kind":"summary","group":"host","bytes":3692687,"transported":23,"states":{"android-app/app/build/outputs/glass90/light-home.png":"ready","android-app/app/build/outputs/glass90/light-panel.png":"ready","android-app/app/build/outputs/glass90/light-tools.png":"ready","android-app/app/build/outputs/glass90/light-settings.png":"ready","android-app/app/build/outputs/glass90/dark-home.png":"ready","android-app/app/build/outputs/glass90/dark-panel.png":"ready","android-app/app/build/outputs/glass90/dark-tools.png":"ready","android-app/app/build/outputs/glass90/dark-settings.png":"ready","android-app/app/build/outputs/ui93/group-collapsed-measuring.png":"ready","android-app/app/build/outputs/ui93/node-measurement-failed.png":"ready","android-app/app/build/outputs/ui93/compact-large-font-node.png":"ready","android-app/app/build/outputs/ui93/delay-result-settled.png":"ready","android-app/app/build/outputs/ui93/dock-large-font-2x.png":"ready","android-app/app/build/outputs/ui93/dock-attached.png":"ready","android-app/app/build/outputs/ui93/dock-repeated-taps-settled.png":"ready","android-app/app/build/outputs/ui93/dock-motion-off-after-2s.png":"ready","android-app/app/build/outputs/startup-config-feedback/settings-actual-large-entry.png":"ready","android-app/app/build/outputs/startup-config-feedback/settings-visible-eof.png":"ready","android-app/app/build/outputs/startup-config-feedback/settings-actual-read-error.png":"ready","android-app/app/build/outputs/startup-config-feedback/tools-actual-large-entry.png":"ready","android-app/app/build/outputs/glass91/dark-settings-group.png":"ready","android-app/app/build/outputs/concept-state-coverage/04-009-theme-motion.png":"ready","android-app/app/build/outputs/concept-state-coverage/04-029-mirror-dialog.png":"ready"},"isScreenshotOrTestAcceptance":false}
2026-10-08T20:05:35.5962998Z ##[group]Run actions/upload-artifact@v4
2026-10-08T20:05:35.5963383Z with:
2026-10-08T20:05:35.5963681Z   if-no-files-found: warn
2026-10-08T20:05:35.5964027Z   name: Hetu-V20.93-UI-verification
2026-10-08T20:05:35.5966360Z   path: android-app/app/build/test-results/testDebugUnitTest/
android-app/app/build/reports/tests/testDebugUnitTest/
android-app/app/build/reports/lint-results-debug.*
android-app/app/build/outputs/pdf85/
android-app/app/build/outputs/ui83/
android-app/app/build/outputs/concept59/
android-app/app/build/outputs/concept-state-coverage/
android-app/app/build/outputs/concept-remaining-coverage/
out/verification/
docs/qa/concept-173-current.json
docs/qa/concept-173-current.md

android-app/app/build/outputs/glass90/
android-app/app/build/outputs/startup-config-feedback/
android-app/app/build/outputs/ui93/
android-app/app/build/outputs/glass91/

2026-10-08T20:05:35.5968660Z   compression-level: 6
2026-10-08T20:05:35.5968975Z   overwrite: false
2026-10-08T20:05:35.5969321Z   include-hidden-files: false
2026-10-08T20:05:35.5969639Z env:
2026-10-08T20:05:35.5969999Z   HETU_TEST_KEYSTORE: /home/runner/.android/hetu-ui10-debug.jks
2026-10-08T20:05:35.5970427Z   HETU_EXPECTED_TESTS: 707
2026-10-08T20:05:35.5970756Z   HETU_EXPECTED_TEST_XML_FILES: 77
2026-10-08T20:05:35.5971104Z   HETU_EXPECTED_VERSION: 2093
2026-10-08T20:05:35.5971464Z   HETU_EXPECTED_VERSION_NAME: 0.12.20-v20-glass
2026-10-08T20:05:35.5971936Z   JAVA_HOME: /opt/hostedtoolcache/Java_Temurin-Hotspot_jdk/21.0.12-1/x64
2026-10-08T20:05:35.5972483Z   JAVA_HOME_21_X64: /opt/hostedtoolcache/Java_Temurin-Hotspot_jdk/21.0.12-1/x64
2026-10-08T20:05:35.5972967Z   GRADLE_ACTION_ID: gradle/actions/setup-gradle
2026-10-08T20:05:35.5973349Z   GRADLE_USER_HOME: /home/runner/.gradle
2026-10-08T20:05:35.5973729Z   GRADLE_BUILD_ACTION_SETUP_COMPLETED: true
2026-10-08T20:05:35.5974110Z   GRADLE_BUILD_ACTION_CACHE_RESTORED: true
2026-10-08T20:05:35.5974618Z   DEVELOCITY_INJECTION_INIT_SCRIPT_NAME: gradle-actions.inject-develocity.init.gradle
2026-10-08T20:05:35.5975165Z   DEVELOCITY_INJECTION_CUSTOM_VALUE: gradle-actions
2026-10-08T20:05:35.5975624Z   GITHUB_DEPENDENCY_GRAPH_ENABLED: false
2026-10-08T20:05:35.5975965Z ##[endgroup]
2026-10-08T20:05:35.7619750Z (node:272044) [DEP0040] DeprecationWarning: The `punycode` module is deprecated. Please use a userland alternative instead.
2026-10-08T20:05:35.7620873Z (Use `node --trace-deprecation ...` to show where the warning was created)
2026-10-08T20:05:35.9181186Z Multiple search paths detected. Calculating the least common ancestor of all paths
2026-10-08T20:05:35.9185751Z The least common ancestor is /home/runner/work/hetu/hetu. This will be the root directory of the artifact
2026-10-08T20:05:35.9186390Z With the provided path, there will be 719 files uploaded
2026-10-08T20:05:35.9190973Z Artifact name is valid!
2026-10-08T20:05:35.9191513Z Root directory input is valid!
2026-10-08T20:05:36.2092706Z Beginning upload of artifact content to blob storage
2026-10-08T20:05:36.6303707Z (node:272044) [DEP0169] DeprecationWarning: `url.parse()` behavior is not standardized and prone to errors that have security implications. Use the WHATWG URL API instead. CVEs are not issued for `url.parse()` vulnerabilities.
2026-10-08T20:05:37.1728594Z Uploaded bytes 8388608
2026-10-08T20:05:37.4414819Z Uploaded bytes 16777216
2026-10-08T20:05:37.4524988Z Uploaded bytes 25165824
2026-10-08T20:05:37.7917867Z Uploaded bytes 33554432
2026-10-08T20:05:38.1796469Z Uploaded bytes 41272638
2026-10-08T20:05:38.2260763Z Finished uploading artifact content to blob storage!
2026-10-08T20:05:38.2262067Z SHA256 digest of uploaded artifact zip is d9ece93854cea7532c5eb96d31ed6e1df57c44acf4edcf8a9a2bc893fbd69288
2026-10-08T20:05:38.2264419Z Finalizing artifact upload
2026-10-08T20:05:38.4688120Z Artifact Hetu-V20.93-UI-verification.zip successfully finalized. Artifact ID 11574759987
2026-10-08T20:05:38.4690252Z Artifact Hetu-V20.93-UI-verification has been successfully uploaded! Final size is 41272638 bytes. Artifact ID is 11574759987
2026-10-08T20:05:38.4697044Z Artifact download URL: https://github.com/xgl34222220-ops/hetu/actions/runs/37833700380/artifacts/11574759987
2026-10-08T20:05:38.4981739Z Post job cleanup.
2026-10-08T20:05:38.7681650Z In post-action step
2026-10-08T20:05:38.7692647Z Cache is read-only: will not save state for use in subsequent builds.
2026-10-08T20:05:38.7699022Z Generating Job Summary
2026-10-08T20:05:38.7718232Z Completed post-action step
2026-10-08T20:05:38.7992345Z Post job cleanup.
2026-10-08T20:05:38.9474375Z (node:272068) [DEP0040] DeprecationWarning: The `punycode` module is deprecated. Please use a userland alternative instead.
2026-10-08T20:05:38.9475546Z (Use `node --trace-deprecation ...` to show where the warning was created)
2026-10-08T20:05:38.9649332Z Post job cleanup.
2026-10-08T20:05:39.0598791Z [command]/usr/bin/git version
2026-10-08T20:05:39.0631417Z git version 2.55.0
2026-10-08T20:05:39.0672802Z Temporarily overriding HOME='/home/runner/work/_temp/e565e95f-3c3b-49fc-8880-3d95fc657279' before making global git config changes
2026-10-08T20:05:39.0674111Z Adding repository directory to the temporary git global config as a safe directory
2026-10-08T20:05:39.0679441Z [command]/usr/bin/git config --global --add safe.directory /home/runner/work/hetu/hetu
2026-10-08T20:05:39.0719548Z [command]/usr/bin/git config --local --name-only --get-regexp core\.sshCommand
2026-10-08T20:05:39.0754162Z [command]/usr/bin/git submodule foreach --recursive sh -c "git config --local --name-only --get-regexp 'core\.sshCommand' && git config --local --unset-all 'core.sshCommand' || :"
2026-10-08T20:05:39.0995826Z [command]/usr/bin/git config --local --name-only --get-regexp http\.https\:\/\/github\.com\/\.extraheader
2026-10-08T20:05:39.1022072Z http.https://github.com/.extraheader
2026-10-08T20:05:39.1033647Z [command]/usr/bin/git config --local --unset-all http.https://github.com/.extraheader
2026-10-08T20:05:39.1068812Z [command]/usr/bin/git submodule foreach --recursive sh -c "git config --local --name-only --get-regexp 'http\.https\:\/\/github\.com\/\.extraheader' && git config --local --unset-all 'http.https://github.com/.extraheader' || :"
2026-10-08T20:05:39.1294999Z [command]/usr/bin/git config --local --name-only --get-regexp ^includeIf\.gitdir:
2026-10-08T20:05:39.1331562Z [command]/usr/bin/git submodule foreach --recursive git config --local --show-origin --name-only --get-regexp remote.origin.url
2026-10-08T20:05:39.1710155Z Cleaning up orphan processes
2026-10-08T20:05:39.1929646Z ##[warning]Node.js 20 is deprecated. The following actions target Node.js 20 but are being forced to run on Node.js 24: actions/cache/restore@v4, actions/checkout@v4, actions/setup-java@v4, actions/setup-node@v4, actions/upload-artifact@v4, gradle/actions/setup-gradle@v4. For more information see: https://github.blog/changelog/2025-09-19-deprecation-of-node-20-on-github-actions-runners/

