2026-10-08T19:10:47.8535325Z Current runner version: '2.337.0'
2026-10-08T19:10:47.8552001Z ##[group]Runner Image Provisioner
2026-10-08T19:10:47.8552535Z Hosted Compute Agent
2026-10-08T19:10:47.8552992Z Version: 20261002.596
2026-10-08T19:10:47.8553373Z Commit: c3d12f3313a95f25162a1503be624f3b0617f8c0
2026-10-08T19:10:47.8553796Z Build Date: 2026-10-02T22:28:27Z
2026-10-08T19:10:47.8554283Z Worker ID: {60c71b11-e148-4882-9631-075075175100}
2026-10-08T19:10:47.8554701Z Region: centralus
2026-10-08T19:10:47.8555065Z Cloud: Azure
2026-10-08T19:10:47.8555440Z ##[endgroup]
2026-10-08T19:10:47.8556208Z ##[group]Operating System
2026-10-08T19:10:47.8556656Z Ubuntu
2026-10-08T19:10:47.8556983Z 24.04.5
2026-10-08T19:10:47.8557323Z LTS
2026-10-08T19:10:47.8557653Z ##[endgroup]
2026-10-08T19:10:47.8557984Z ##[group]Runner Image
2026-10-08T19:10:47.8558404Z Image: ubuntu-24.04
2026-10-08T19:10:47.8558757Z Version: 20261004.327.1
2026-10-08T19:10:47.8559549Z Included Software: https://github.com/actions/runner-images/blob/ubuntu24/20261004.327/images/ubuntu/Ubuntu2404-Readme.md
2026-10-08T19:10:47.8560443Z Image Release: https://github.com/actions/runner-images/releases/tag/ubuntu24%2F20261004.327
2026-10-08T19:10:47.8561077Z ##[endgroup]
2026-10-08T19:10:47.8562017Z ##[group]GITHUB_TOKEN Permissions
2026-10-08T19:10:47.8563481Z Actions: read
2026-10-08T19:10:47.8563860Z Contents: read
2026-10-08T19:10:47.8564279Z Metadata: read
2026-10-08T19:10:47.8564630Z ##[endgroup]
2026-10-08T19:10:47.8565905Z Secret source: Actions
2026-10-08T19:10:47.8566496Z Cache mode: write
2026-10-08T19:10:47.8567199Z Prepare workflow directory
2026-10-08T19:10:47.8804158Z Prepare all required actions
2026-10-08T19:10:47.8836495Z Getting action download info
2026-10-08T19:10:48.1513250Z Download action repository 'actions/checkout@v4' (SHA:11d5960a326750d5838078e36cf38b85af677262)
2026-10-08T19:10:48.2246153Z Download action repository 'actions/setup-node@v4' (SHA:49933ea5288caeca8642d1e84afbd3f7d6820020)
2026-10-08T19:10:48.3281223Z Download action repository 'actions/setup-java@v4' (SHA:cf277c60eb25467037889841efdb72551f06f6c3)
2026-10-08T19:10:48.9382711Z Download action repository 'actions/cache@v4' (SHA:0057852bfaa89a56745cba8c7296529d2fc39830)
2026-10-08T19:10:49.0530636Z Download action repository 'gradle/actions@v4' (SHA:ed408507eac070d1f99cc633dbcf757c94c7933a)
2026-10-08T19:10:50.5186479Z Download action repository 'actions/upload-artifact@v4' (SHA:ea165f8d65b6e75b540449e92b4886f43607fa02)
2026-10-08T19:10:50.7272141Z Complete job name: build
2026-10-08T19:10:50.7778945Z ##[group]Run actions/checkout@v4
2026-10-08T19:10:50.7779230Z with:
2026-10-08T19:10:50.7779357Z   repository: xgl34222220-ops/hetu
2026-10-08T19:10:50.7780902Z   token: ***
2026-10-08T19:10:50.7781021Z   ssh-strict: true
2026-10-08T19:10:50.7781139Z   ssh-user: git
2026-10-08T19:10:50.7781264Z   persist-credentials: true
2026-10-08T19:10:50.7781544Z   clean: true
2026-10-08T19:10:50.7781672Z   sparse-checkout-cone-mode: true
2026-10-08T19:10:50.7781824Z   fetch-depth: 1
2026-10-08T19:10:50.7781944Z   fetch-tags: false
2026-10-08T19:10:50.7782081Z   show-progress: true
2026-10-08T19:10:50.7782200Z   lfs: false
2026-10-08T19:10:50.7782307Z   submodules: false
2026-10-08T19:10:50.7782430Z   set-safe-directory: true
2026-10-08T19:10:50.7782572Z   allow-unsafe-pr-checkout: false
2026-10-08T19:10:50.7782794Z env:
2026-10-08T19:10:50.7782948Z   HETU_TEST_KEYSTORE: /home/runner/.android/hetu-ui10-debug.jks
2026-10-08T19:10:50.7783149Z ##[endgroup]
2026-10-08T19:10:50.8485421Z Syncing repository: xgl34222220-ops/hetu
2026-10-08T19:10:50.8486391Z ##[group]Getting Git version info
2026-10-08T19:10:50.8486585Z Working directory is '/home/runner/work/hetu/hetu'
2026-10-08T19:10:50.8486866Z [command]/usr/bin/git version
2026-10-08T19:10:50.8557514Z git version 2.55.0
2026-10-08T19:10:50.8571674Z ##[endgroup]
2026-10-08T19:10:50.8581840Z Temporarily overriding HOME='/home/runner/work/_temp/3cc54b47-4e7b-4e7b-becb-0f0c261a439a' before making global git config changes
2026-10-08T19:10:50.8582798Z Adding repository directory to the temporary git global config as a safe directory
2026-10-08T19:10:50.8585283Z [command]/usr/bin/git config --global --add safe.directory /home/runner/work/hetu/hetu
2026-10-08T19:10:50.8633045Z Deleting the contents of '/home/runner/work/hetu/hetu'
2026-10-08T19:10:50.8635869Z ##[group]Initializing the repository
2026-10-08T19:10:50.8638286Z [command]/usr/bin/git init /home/runner/work/hetu/hetu
2026-10-08T19:10:50.8746019Z hint: Using 'master' as the name for the initial branch. This default branch name
2026-10-08T19:10:50.8746649Z hint: will change to "main" in Git 3.0. To configure the initial branch name
2026-10-08T19:10:50.8747153Z hint: to use in all of your new repositories, which will suppress this warning,
2026-10-08T19:10:50.8747543Z hint: call:
2026-10-08T19:10:50.8747739Z hint:
2026-10-08T19:10:50.8748026Z hint: 	git config --global init.defaultBranch <name>
2026-10-08T19:10:50.8748364Z hint:
2026-10-08T19:10:50.8748665Z hint: Names commonly chosen instead of 'master' are 'main', 'trunk' and
2026-10-08T19:10:50.8749138Z hint: 'development'. The just-created branch can be renamed via this command:
2026-10-08T19:10:50.8749500Z hint:
2026-10-08T19:10:50.8749677Z hint: 	git branch -m <name>
2026-10-08T19:10:50.8749883Z hint:
2026-10-08T19:10:50.8750174Z hint: Disable this message with "git config set advice.defaultBranchName false"
2026-10-08T19:10:50.8751003Z Initialized empty Git repository in /home/runner/work/hetu/hetu/.git/
2026-10-08T19:10:50.8758361Z [command]/usr/bin/git remote add origin https://github.com/xgl34222220-ops/hetu
2026-10-08T19:10:50.8800889Z ##[endgroup]
2026-10-08T19:10:50.8801284Z ##[group]Disabling automatic garbage collection
2026-10-08T19:10:50.8804107Z [command]/usr/bin/git config --local gc.auto 0
2026-10-08T19:10:50.8830933Z ##[endgroup]
2026-10-08T19:10:50.8839079Z ##[group]Setting up auth
2026-10-08T19:10:50.8839399Z [command]/usr/bin/git config --local --name-only --get-regexp core\.sshCommand
2026-10-08T19:10:50.8865889Z [command]/usr/bin/git submodule foreach --recursive sh -c "git config --local --name-only --get-regexp 'core\.sshCommand' && git config --local --unset-all 'core.sshCommand' || :"
2026-10-08T19:10:50.9173752Z [command]/usr/bin/git config --local --name-only --get-regexp http\.https\:\/\/github\.com\/\.extraheader
2026-10-08T19:10:50.9206796Z [command]/usr/bin/git submodule foreach --recursive sh -c "git config --local --name-only --get-regexp 'http\.https\:\/\/github\.com\/\.extraheader' && git config --local --unset-all 'http.https://github.com/.extraheader' || :"
2026-10-08T19:10:50.9396772Z [command]/usr/bin/git config --local --name-only --get-regexp ^includeIf\.gitdir:
2026-10-08T19:10:50.9424427Z [command]/usr/bin/git submodule foreach --recursive git config --local --show-origin --name-only --get-regexp remote.origin.url
2026-10-08T19:10:50.9597349Z [command]/usr/bin/git config --local http.https://github.com/.extraheader AUTHORIZATION: basic ***
2026-10-08T19:10:50.9630248Z ##[endgroup]
2026-10-08T19:10:50.9630628Z ##[group]Fetching the repository
2026-10-08T19:10:50.9636542Z [command]/usr/bin/git -c protocol.version=2 fetch --no-tags --prune --no-recurse-submodules --depth=1 origin +b2c06e11428cf778226da5bf7c4bdd45a7149b57:refs/remotes/origin/test/v20.76-new-ui
2026-10-08T19:10:52.5154241Z From https://github.com/xgl34222220-ops/hetu
2026-10-08T19:10:52.5154970Z  * [new ref]         b2c06e11428cf778226da5bf7c4bdd45a7149b57 -> origin/test/v20.76-new-ui
2026-10-08T19:10:52.5157792Z ##[endgroup]
2026-10-08T19:10:52.5158245Z ##[group]Determining the checkout info
2026-10-08T19:10:52.5160286Z ##[endgroup]
2026-10-08T19:10:52.5165931Z [command]/usr/bin/git sparse-checkout disable
2026-10-08T19:10:52.5211371Z [command]/usr/bin/git config --local --unset-all extensions.worktreeConfig
2026-10-08T19:10:52.5238615Z ##[group]Checking out the ref
2026-10-08T19:10:52.5262514Z [command]/usr/bin/git checkout --progress --force -B test/v20.76-new-ui refs/remotes/origin/test/v20.76-new-ui
2026-10-08T19:10:52.6535994Z Switched to a new branch 'test/v20.76-new-ui'
2026-10-08T19:10:52.6538131Z branch 'test/v20.76-new-ui' set up to track 'origin/test/v20.76-new-ui'.
2026-10-08T19:10:52.6550894Z ##[endgroup]
2026-10-08T19:10:52.6594590Z [command]/usr/bin/git log -1 --format=%H
2026-10-08T19:10:52.6617398Z b2c06e11428cf778226da5bf7c4bdd45a7149b57
2026-10-08T19:10:52.6813582Z ##[group]Run actions/setup-node@v4
2026-10-08T19:10:52.6813761Z with:
2026-10-08T19:10:52.6813877Z   node-version: 24
2026-10-08T19:10:52.6813995Z   always-auth: false
2026-10-08T19:10:52.6814121Z   check-latest: false
2026-10-08T19:10:52.6815516Z   token: ***
2026-10-08T19:10:52.6815628Z env:
2026-10-08T19:10:52.6815782Z   HETU_TEST_KEYSTORE: /home/runner/.android/hetu-ui10-debug.jks
2026-10-08T19:10:52.6815979Z ##[endgroup]
2026-10-08T19:10:52.7693042Z Found in cache @ /opt/hostedtoolcache/node/24.21.0/x64
2026-10-08T19:10:52.7695914Z (node:2175) [DEP0040] DeprecationWarning: The `punycode` module is deprecated. Please use a userland alternative instead.
2026-10-08T19:10:52.7696308Z (Use `node --trace-deprecation ...` to show where the warning was created)
2026-10-08T19:10:52.7697930Z ##[group]Environment details
2026-10-08T19:10:53.0678282Z node: v24.21.0
2026-10-08T19:10:53.0678601Z npm: 11.19.0
2026-10-08T19:10:53.0678919Z yarn: 1.22.22
2026-10-08T19:10:53.0680648Z ##[endgroup]
2026-10-08T19:10:53.0793252Z ##[group]Run set -euo pipefail
2026-10-08T19:10:53.0793476Z [36;1mset -euo pipefail[0m
2026-10-08T19:10:53.0793631Z [36;1mmkdir -p out/verification[0m
2026-10-08T19:10:53.0793944Z [36;1mpython3 .github/scripts/test_install_hetu_ci_sdk.py -v 2>&1 | tee out/verification/sdk-installer-host-tests.txt[0m
2026-10-08T19:10:53.1021731Z shell: /usr/bin/bash -e {0}
2026-10-08T19:10:53.1021889Z env:
2026-10-08T19:10:53.1022057Z   HETU_TEST_KEYSTORE: /home/runner/.android/hetu-ui10-debug.jks
2026-10-08T19:10:53.1022268Z ##[endgroup]
2026-10-08T19:10:53.3158364Z test_actual_command_line_propagates_nonzero_exit_without_reaching_another_attempt (__main__.SdkInstallerTests.test_actual_command_line_propagates_nonzero_exit_without_reaching_another_attempt) ... ok
2026-10-08T19:10:53.3552409Z test_actual_zip_failure_then_success_preserves_both_attempts_and_arguments (__main__.SdkInstallerTests.test_actual_zip_failure_then_success_preserves_both_attempts_and_arguments) ... ok
2026-10-08T19:10:53.4135374Z test_exhausted_zip_failure_stops_at_three_and_keeps_the_final_nonzero (__main__.SdkInstallerTests.test_exhausted_zip_failure_stops_at_three_and_keeps_the_final_nonzero) ... ok
2026-10-08T19:10:53.4138855Z test_existing_evidence_is_not_deleted_or_overwritten (__main__.SdkInstallerTests.test_existing_evidence_is_not_deleted_or_overwritten) ... ok
2026-10-08T19:10:53.4725500Z test_known_download_reset_and_server_error_retry_without_argument_changes (__main__.SdkInstallerTests.test_known_download_reset_and_server_error_retry_without_argument_changes) ... ok
2026-10-08T19:10:53.5701707Z test_license_disk_package_and_java_errors_override_archive_retry (__main__.SdkInstallerTests.test_license_disk_package_and_java_errors_override_archive_retry) ... ok
2026-10-08T19:10:53.5895872Z test_nontransient_failure_does_not_reach_a_later_success (__main__.SdkInstallerTests.test_nontransient_failure_does_not_reach_a_later_success) ... ok
2026-10-08T19:10:53.5896903Z test_only_the_exact_original_packages_are_allowed (__main__.SdkInstallerTests.test_only_the_exact_original_packages_are_allowed) ... ok
2026-10-08T19:10:53.6716248Z test_process_timeout_is_preserved_and_is_not_inferred_to_be_a_transient_download (__main__.SdkInstallerTests.test_process_timeout_is_preserved_and_is_not_inferred_to_be_a_transient_download) ... ok
2026-10-08T19:10:53.6911820Z test_success_executes_once_and_keeps_combined_stdout_stderr_raw_bytes (__main__.SdkInstallerTests.test_success_executes_once_and_keeps_combined_stdout_stderr_raw_bytes) ... ok
2026-10-08T19:10:53.7489036Z test_unknown_error_or_archive_text_without_sdk_download_context_is_not_retried (__main__.SdkInstallerTests.test_unknown_error_or_archive_text_without_sdk_download_context_is_not_retried) ... ok
2026-10-08T19:10:53.7521836Z 
2026-10-08T19:10:53.7522084Z ----------------------------------------------------------------------
2026-10-08T19:10:53.7522442Z Ran 11 tests in 0.480s
2026-10-08T19:10:53.7522572Z 
2026-10-08T19:10:53.7522654Z OK
2026-10-08T19:10:53.7588428Z ##[group]Run set -euo pipefail
2026-10-08T19:10:53.7588615Z [36;1mset -euo pipefail[0m
2026-10-08T19:10:53.7588833Z [36;1mgit fetch --no-tags --depth=1 origin 1dbe40cc4e312c230524092dfe32a2c6cfb5f25d[0m
2026-10-08T19:10:53.7589137Z [36;1mgit fetch --no-tags --depth=1 origin 2730954591393c1b81f747cef72adb8940c5a82c[0m
2026-10-08T19:10:53.7589422Z [36;1mgit fetch --no-tags --depth=1 origin ec211b9ad81748dee30fec43f0a25849559e4623[0m
2026-10-08T19:10:53.7589702Z [36;1mgit fetch --no-tags --depth=1 origin 610a523ea524dff521b5d01e7aa78c421399594a[0m
2026-10-08T19:10:53.7589983Z [36;1mgit fetch --no-tags --depth=1 origin 9769663edcda3a1c33f2eb2594a6b4fd9b4e2a6f[0m
2026-10-08T19:10:53.7590267Z [36;1mgit fetch --no-tags --depth=1 origin 9fe4931b6e37a1a7f7f78fd27835069e2b354aa7[0m
2026-10-08T19:10:53.7590553Z [36;1mgit fetch --no-tags --depth=1 origin d7295d1aec1ffb17a0076d4dc9a8a4122d467447[0m
2026-10-08T19:10:53.7590866Z [36;1mgit fetch --no-tags --depth=1 origin cffeff08ee38c7220922bdb36de81b621c935daf[0m
2026-10-08T19:10:53.7591147Z [36;1mgit fetch --no-tags --depth=1 origin 5af355d19fc41c3ae09902ca45fa1d70562ac402[0m
2026-10-08T19:10:53.7591569Z [36;1mpython3 .github/scripts/continuity93_ci_config.py export[0m
2026-10-08T19:10:53.7643310Z shell: /usr/bin/bash -e {0}
2026-10-08T19:10:53.7643444Z env:
2026-10-08T19:10:53.7643596Z   HETU_TEST_KEYSTORE: /home/runner/.android/hetu-ui10-debug.jks
2026-10-08T19:10:53.7643786Z ##[endgroup]
2026-10-08T19:10:54.3991136Z From https://github.com/xgl34222220-ops/hetu
2026-10-08T19:10:54.3991719Z  * branch            1dbe40cc4e312c230524092dfe32a2c6cfb5f25d -> FETCH_HEAD
2026-10-08T19:10:55.0058952Z From https://github.com/xgl34222220-ops/hetu
2026-10-08T19:10:55.0059410Z  * branch            2730954591393c1b81f747cef72adb8940c5a82c -> FETCH_HEAD
2026-10-08T19:10:55.6291581Z From https://github.com/xgl34222220-ops/hetu
2026-10-08T19:10:55.6291915Z  * branch            ec211b9ad81748dee30fec43f0a25849559e4623 -> FETCH_HEAD
2026-10-08T19:10:56.0917443Z From https://github.com/xgl34222220-ops/hetu
2026-10-08T19:10:56.0917769Z  * branch            610a523ea524dff521b5d01e7aa78c421399594a -> FETCH_HEAD
2026-10-08T19:10:56.6705286Z From https://github.com/xgl34222220-ops/hetu
2026-10-08T19:10:56.6705624Z  * branch            9769663edcda3a1c33f2eb2594a6b4fd9b4e2a6f -> FETCH_HEAD
2026-10-08T19:10:57.1117748Z From https://github.com/xgl34222220-ops/hetu
2026-10-08T19:10:57.1118085Z  * branch            9fe4931b6e37a1a7f7f78fd27835069e2b354aa7 -> FETCH_HEAD
2026-10-08T19:10:57.5272149Z From https://github.com/xgl34222220-ops/hetu
2026-10-08T19:10:57.5272600Z  * branch            d7295d1aec1ffb17a0076d4dc9a8a4122d467447 -> FETCH_HEAD
2026-10-08T19:10:57.9318810Z From https://github.com/xgl34222220-ops/hetu
2026-10-08T19:10:57.9319317Z  * branch            cffeff08ee38c7220922bdb36de81b621c935daf -> FETCH_HEAD
2026-10-08T19:10:58.3260064Z From https://github.com/xgl34222220-ops/hetu
2026-10-08T19:10:58.3260413Z  * branch            5af355d19fc41c3ae09902ca45fa1d70562ac402 -> FETCH_HEAD
2026-10-08T19:11:08.1489496Z {"HETU_EXPECTED_TESTS": 706, "HETU_EXPECTED_TEST_XML_FILES": 77, "HETU_EXPECTED_VERSION": 2093, "HETU_EXPECTED_VERSION_NAME": "0.12.20-v20-glass"}
2026-10-08T19:11:08.1613285Z ##[group]Run set -euo pipefail
2026-10-08T19:11:08.1613480Z [36;1mset -euo pipefail[0m
2026-10-08T19:11:08.1613643Z [36;1mmkdir -p "$RUNNER_TEMP/hetu-v2081-source"[0m
2026-10-08T19:11:08.1613997Z [36;1mgh run download 37171744564 --repo "$GITHUB_REPOSITORY" --name Hetu-V20.81-effective-source --dir "$RUNNER_TEMP/hetu-v2081-source"[0m
2026-10-08T19:11:08.1614390Z [36;1mARCHIVE="$RUNNER_TEMP/hetu-v2081-source/Hetu-V20.81-effective-source.tar.gz"[0m
2026-10-08T19:11:08.1614711Z [36;1m# Only ignored native binaries are restored; all effective source is checked in.[0m
2026-10-08T19:11:08.1615089Z [36;1mpython3 - "$ARCHIVE" <<'PYINNER'[0m
2026-10-08T19:11:08.1615251Z [36;1mimport hashlib,sys,tarfile[0m
2026-10-08T19:11:08.1615404Z [36;1mfrom pathlib import Path[0m
2026-10-08T19:11:08.1615549Z [36;1mp=Path(sys.argv[1])[0m
2026-10-08T19:11:08.1615878Z [36;1massert hashlib.sha256(p.read_bytes()).hexdigest()=='6190b4fd4fcd011cae77e81cdd33b5270e557194c56bf88d0a824d74d811b730'[0m
2026-10-08T19:11:08.1616184Z [36;1mwith tarfile.open(p) as z:[0m
2026-10-08T19:11:08.1616329Z [36;1m for m in z.getmembers():[0m
2026-10-08T19:11:08.1616787Z [36;1m  if m.isfile() and (m.name.startswith('android-app/app/src/main/jniLibs/') or m.name.startswith('android-app/app/src/main/assets/mihomo-root/') or m.name=='android-app/app/src/main/assets/mihomo-revision.txt'):[0m
2026-10-08T19:11:08.1617349Z [36;1m   q=Path(m.name);q.parent.mkdir(parents=True,exist_ok=True);q.write_bytes(z.extractfile(m).read())[0m
2026-10-08T19:11:08.1617606Z [36;1mPYINNER[0m
2026-10-08T19:11:08.1617776Z [36;1mpython3 .github/scripts/prepare_new_ui_source.py "$ARCHIVE"[0m
2026-10-08T19:11:08.1618039Z [36;1mpython3 .github/scripts/continuity93_ci_config.py runtime-snapshot[0m
2026-10-08T19:11:08.1618287Z [36;1msh -n android-app/app/src/main/assets/hetu-root.sh[0m
2026-10-08T19:11:08.1618509Z [36;1msh -n android-app/app/src/main/assets/hetu-autostart.sh[0m
2026-10-08T19:11:08.1618788Z [36;1mpython3 tools/qa/test_root_health.py 2>&1 | tee out/verification/root-health-tests.txt[0m
2026-10-08T19:11:08.1619124Z [36;1mpython3 tools/qa/test_google_firewall.py 2>&1 | tee out/verification/google-firewall-tests.txt[0m
2026-10-08T19:11:08.1619468Z [36;1mpython3 tools/qa/test_root_autostart.py 2>&1 | tee out/verification/root-autostart-tests.txt[0m
2026-10-08T19:11:08.1619932Z [36;1mpython3 tools/qa/test_network_recovery_stress.py --before out/verification/v2078-network-service.java --output out/verification/network-recovery-stress.json[0m
2026-10-08T19:11:08.1620518Z [36;1mpython3 tools/qa/test_network_journal_stress.py --before out/verification/v2079-network-journal.java --output out/verification/network-journal-stress.json[0m
2026-10-08T19:11:08.1621101Z [36;1mpython3 tools/qa/test_network_journal_symbols.py --before out/verification/v2080-network-journal.java --output out/verification/network-journal-symbols.json[0m
2026-10-08T19:11:08.1621948Z [36;1mgit show 9769663edcda3a1c33f2eb2594a6b4fd9b4e2a6f:android-app/app/src/main/assets/hetu-root.sh > out/verification/runtime152-before.sh[0m
2026-10-08T19:11:08.1622496Z [36;1mHETU_R152_SOURCE="$PWD/out/verification/runtime152-before.sh" python3 tools/qa/test_core_identity_dns.py 2>&1 | tee out/verification/core-identity-dns-tests.txt[0m
2026-10-08T19:11:08.1675511Z shell: /usr/bin/bash -e {0}
2026-10-08T19:11:08.1675651Z env:
2026-10-08T19:11:08.1675807Z   HETU_TEST_KEYSTORE: /home/runner/.android/hetu-ui10-debug.jks
2026-10-08T19:11:08.1676000Z   HETU_EXPECTED_TESTS: 706
2026-10-08T19:11:08.1676135Z   HETU_EXPECTED_TEST_XML_FILES: 77
2026-10-08T19:11:08.1676287Z   HETU_EXPECTED_VERSION: 2093
2026-10-08T19:11:08.1676438Z   HETU_EXPECTED_VERSION_NAME: 0.12.20-v20-glass
2026-10-08T19:11:08.1678053Z   GH_TOKEN: ***
2026-10-08T19:11:08.1678171Z ##[endgroup]
2026-10-08T19:11:26.3178019Z {"baseCommit": "37e963d488a38900263e33cb8b2047f487bd6dcf", "baseRun": 37171744564, "archiveSha256": "6190b4fd4fcd011cae77e81cdd33b5270e557194c56bf88d0a824d74d811b730", "integrationPatchSha256": "3f08f86d8413c9a905de1eae0c5347e8f7c5dd4032ee4a8e6181d439abda7002", "baselineFiles": 307, "changedOrAddedFiles": 31, "checkoutMatchesGeneratedSource": true, "historicPatchesAppliedToCheckout": false, "presentationLayer": {"baseCommit": "aa599a53856fb26b4d256ba345a496b2a178b3b8", "baseRun": 37211142058, "patchSha256": "a466e4fce0e2e4ec9564760a1089b250f24d90032b123faea90fcee4c241e514", "changedOrAddedFiles": 68, "protectedRuntimeUnchanged": true}, "controllerAuthenticationLayer": {"baseCommit": "a93a756d8578cf3afa60ee090405535ad097e49e", "baseRun": 37240041766, "baseAndroidAppTree": "2c698fb681f647e4c3a1d0050bf806a9f4cc5de2", "patchSha256": "327983504205ff1ec26a3c6804a83ae08802a7d4f723de280a92af708e3ea4ee", "changedOrAddedFiles": 17, "runtimePayloadsUnchanged": true, "dependenciesUnchanged": true, "manifestAndPermissionsUnchanged": true, "unchangedOutsideAuthScope": true, "baselineUnitTests": 392, "expectedUnitTests": 422, "newTestCounts": {"ToastFeedbackTest": 6, "ControllerAuthenticationTest": 11, "LegacyControllerCredentialTest": 3, "ControllerReadStateTest": 6, "PanelControllerErrorTest": 4}}, "pdfReferenceLayer": {"patchSha256": "09e5f3c1fec4ddcd86e546f6270bf687cbf14aa518764e640c7ff5f77e966d66", "frozenInputs": 332, "homeAndPanelUnchanged": true, "runtimePayloadsUnchanged": true, "manifestDependenciesAndSigningUnchanged": true, "expectedUnitTests": 479}, "toolsIntakeLayer": {"baseCommit": "2730954591393c1b81f747cef72adb8940c5a82c", "baseAndroidAppTree": "930994157562814a8e22aeeb1873d8eeb0a51f64", "patchSha256": "108ae764ec0a8cf9a5cafc827d093bedd0f039f6944f7cd9848304e0a2fb7b3b", "changedOrAddedFiles": 5, "frozenInputs": 374, "homeAndPanelUnchanged": true, "runtimePayloadsUnchanged": true, "manifestDependenciesAndSigningUnchanged": true, "baselineUnitTests": 479, "expectedUnitTests": 487, "newTestCounts": {"tools.ToolsDnsConsentIntakeTest": 5, "tools.ToolsDiagIntakeTest": 3}}, "finalPdfGeometryLayer": {"baseCommit": "ec211b9ad81748dee30fec43f0a25849559e4623", "patchSha256": "564581886f89da03b19602a67047016051e9b39abf04047f4b51e00d6b5d9066", "changedOrAddedFiles": 4, "frozenInputs": 375, "expectedUnitTests": 487, "exactWholeFilePresentationTransforms": true, "priorLayersUnchanged": true}, "functionFixLayer": {"baseCommit": "1dbe40cc4e312c230524092dfe32a2c6cfb5f25d", "patchSha256": "ad70b0c670e70b65a4dfa4b571c9c9dda4144dee1c899ca082c03c93e235d65a", "changedOrAddedFiles": 16, "frozenInputs": 370, "baselineUnitTests": 487, "expectedUnitTests": 545, "expectedTestXmlFiles": 56, "newTestCounts": {"io.github.xgl34222220.hetu.PanelExpansionAnchorTest": 4, "io.github.xgl34222220.hetu.ProxyDashboardProbeSafetyTest": 13, "io.github.xgl34222220.hetu.ProxySubscriptionIntegrityTest": 12, "io.github.xgl34222220.hetu.RootFakeIpRangesTest": 13, "io.github.xgl34222220.hetu.PanelRequestOwnershipTest": 16}, "allOriginal487TestsPreserved": true, "rootScriptSha256": "bdee8678922f3c4cdb12ebab532175e67816dce429b64fa632c6641c4fb2d45e", "runtimePayloadCount": 23}, "homePanelLayer": {"baseCommit": "13e76ea500849ef551281bcfad09835996758b4f", "patchSha256": "94b7cd170204072f7b1ca76cde5280575fd82fd0bf6e33446c5362160445bcf2", "changedOrAddedFiles": 28, "versionCode": 2086, "versionName": "0.12.16-v20-fix", "protectedRuntimeUnchanged": true, "reproducedSourceMatchesCheckout": true}, "toolsSettingsUiLayer": {"baseCommit": "a5d5cc06fd8f294e17495e132ecf1f5de31135f8", "patchSha256": "74c5a00161b20dac4686d5053a92da60899bd37ddfdf25c140ed4aff4961335e", "changedOrAddedFiles": 51, "versionCode": 2086, "versionName": "0.12.16-v20-fix", "protectedRuntimeUnchanged": true, "reproducedSourceMatchesCheckout": true}, "runtime153Layer": {"baseCommit": "e2e50b14eaa09b8f36a657699775b5f2fd7b2c9e", "patchSha256": "8b9c3c52b8192fe8c6cd1e5e392e5a7b237dd958e4c5d1322d727087efcc70df", "changedOrAddedFiles": 8, "runtimeRevision": 153, "versionCode": 2086, "versionName": "0.12.16-v20-fix", "protectedPresentationUnchanged": true, "reproducedSourceMatchesCheckout": true}, "stability90Layer": {"baseCommit": "610a523ea524dff521b5d01e7aa78c421399594a", "patchSha256": "1011e91ab46403395a09160d55d748f4fbfafac25f60d289e0c6245dee0410a3", "changedOrAddedFiles": 48, "frozenInputs": 355, "versionCode": 2090, "versionName": "0.12.17-v20-glass", "expectedUnitTests": 631, "expectedTestXmlFiles": 64, "allOriginal545TestcaseIdentitiesPreserved": true, "reproducedSourceMatchesCheckout": true}, "continuity91Layer": {"baseCommit": "9fe4931b6e37a1a7f7f78fd27835069e2b354aa7", "patchSha256": "31ac89d27f647a5ca668597e8491edd5b34fb489b4b61f6c4887e8fe7e02cbce", "changedOrAddedFiles": 5, "frozenInputs": 400, "versionCode": 2091, "versionName": "0.12.18-v20-glass", "expectedUnitTests": 639, "expectedTestXmlFiles": 66, "allPredecessor631TestcaseIdentitiesPreserved": true, "reproducedSourceMatchesCheckout": true}, "continuity92Layer": {"baseCommit": "d7295d1aec1ffb17a0076d4dc9a8a4122d467447", "patchSha256": "054856ab79f5be356eac7a7be03f2c5990f9fa1b24bc5156d0a27b6a5f79034e", "changedOrAddedFiles": 4, "frozenInputs": 402, "versionCode": 2092, "versionName": "0.12.19-v20-glass", "expectedUnitTests": 644, "expectedTestXmlFiles": 67, "allPredecessor639TestcaseIdentitiesPreserved": true, "reproducedSourceMatchesCheckout": true}, "continuity93Layer": {"baseCommit": "cffeff08ee38c7220922bdb36de81b621c935daf", "patchSha256": "8645f7b7150eac6b0f93865158e5bd9269e193f172014f8390014b0209755b54", "changedOrAddedFiles": 39, "frozenInputs": 379, "versionCode": 2093, "versionName": "0.12.20-v20-glass", "expectedUnitTests": 706, "expectedTestXmlFiles": 77, "allPredecessor644TestcaseIdentitiesPreserved": true, "recoveryPipelineProvenance": "reimplemented after partial source recovery; historical final pipeline unavailable", "reproducedSourceMatchesCheckout": true}}
2026-10-08T19:11:36.5945567Z Snapshot verified: 21 unchanged runtime payloads + tested shell + 1 added boot script
2026-10-08T19:11:37.0552956Z test_core_birth_change_during_validation_refuses_publication (__main__.RootHealth.test_core_birth_change_during_validation_refuses_publication) ... ok
2026-10-08T19:11:37.4510939Z test_core_identity_failure_is_degraded_despite_reachable_listener_fixture (__main__.RootHealth.test_core_identity_failure_is_degraded_despite_reachable_listener_fixture) ... ok
2026-10-08T19:11:37.6263405Z test_corrupt_legacy_snapshot_is_never_accepted (__main__.RootHealth.test_corrupt_legacy_snapshot_is_never_accepted) ... ok
2026-10-08T19:11:38.1702567Z test_failed_metadata_publish_restores_original_manifest (__main__.RootHealth.test_failed_metadata_publish_restores_original_manifest) ... ok
2026-10-08T19:11:39.2185682Z test_known_upgrade_repairs_only_metadata_preserving_core_and_saved_rules (__main__.RootHealth.test_known_upgrade_repairs_only_metadata_preserving_core_and_saved_rules) ... ok
2026-10-08T19:11:40.1108996Z test_missing_listener_stays_degraded_and_is_not_hidden (__main__.RootHealth.test_missing_listener_stays_degraded_and_is_not_hidden) ... ok
2026-10-08T19:11:40.2728841Z test_missing_manifest_is_not_reconstructed_from_reachable_sockets (__main__.RootHealth.test_missing_manifest_is_not_reconstructed_from_reachable_sockets) ... ok
2026-10-08T19:11:41.5352790Z test_missing_owned_chain_and_duplicate_hook_are_repaired (__main__.RootHealth.test_missing_owned_chain_and_duplicate_hook_are_repaired) ... ok
2026-10-08T19:11:42.8198010Z test_missing_route_and_policy_rule_are_detected_and_repaired (__main__.RootHealth.test_missing_route_and_policy_rule_are_detected_and_repaired) ... ok
2026-10-08T19:11:43.6183914Z test_other_owner_at_priority_does_not_get_overwritten (__main__.RootHealth.test_other_owner_at_priority_does_not_get_overwritten) ... ok
2026-10-08T19:11:43.8052400Z test_other_session_difference_is_not_a_known_tail_migration (__main__.RootHealth.test_other_session_difference_is_not_a_known_tail_migration) ... ok
2026-10-08T19:11:43.9614292Z test_pid_tampering_still_invalidates_manifest (__main__.RootHealth.test_pid_tampering_still_invalidates_manifest) ... ok
2026-10-08T19:11:44.3679005Z test_previous_ordering_reproduces_reported_metadata_fault (__main__.RootHealth.test_previous_ordering_reproduces_reported_metadata_fault) ... ok
2026-10-08T19:11:44.5163745Z test_production_entry_refuses_an_unauthorized_root_identity (__main__.RootHealth.test_production_entry_refuses_an_unauthorized_root_identity) ... ok
2026-10-08T19:11:44.7799501Z test_real_start_google_disabled_has_complete_healthy_baseline (__main__.RootHealth.test_real_start_google_disabled_has_complete_healthy_baseline) ... ok
2026-10-08T19:11:45.1079209Z test_real_start_google_enabled_keeps_baseline_and_runs_cleanup (__main__.RootHealth.test_real_start_google_enabled_keeps_baseline_and_runs_cleanup) ... ok
2026-10-08T19:11:45.6626763Z test_reused_shell_pid_cannot_overwrite_an_older_repair_backup (__main__.RootHealth.test_reused_shell_pid_cannot_overwrite_an_older_repair_backup) ... ok
2026-10-08T19:11:45.8213935Z test_session_tampering_still_invalidates_manifest (__main__.RootHealth.test_session_tampering_still_invalidates_manifest) ... ok
2026-10-08T19:11:45.9751022Z test_snapshot_tampering_still_invalidates_checksum (__main__.RootHealth.test_snapshot_tampering_still_invalidates_checksum) ... ok
2026-10-08T19:11:46.1179420Z test_transaction_in_progress_is_unknown_and_read_only (__main__.RootHealth.test_transaction_in_progress_is_unknown_and_read_only) ... ok
2026-10-08T19:11:46.4806472Z test_unknown_table_read_does_not_mutate_network (__main__.RootHealth.test_unknown_table_read_does_not_mutate_network) ... ok
2026-10-08T19:11:46.8930474Z test_upgrade_with_missing_dns_listener_cannot_become_healthy (__main__.RootHealth.test_upgrade_with_missing_dns_listener_cannot_become_healthy) ... ok
2026-10-08T19:11:47.3052505Z test_upgrade_with_missing_route_is_reported_and_refuses_rebaselining (__main__.RootHealth.test_upgrade_with_missing_route_is_reported_and_refuses_rebaselining) ... ok
2026-10-08T19:11:47.6949162Z test_upgrade_with_unknown_read_refuses_metadata_and_network_changes (__main__.RootHealth.test_upgrade_with_unknown_read_refuses_metadata_and_network_changes) ... ok
2026-10-08T19:11:48.6013354Z test_watchdog_missing_is_degraded_and_does_not_trigger_network_repair (__main__.RootHealth.test_watchdog_missing_is_degraded_and_does_not_trigger_network_repair) ... ok
2026-10-08T19:11:49.3861239Z test_watchdog_pid_for_an_unrelated_live_process_is_not_accepted (__main__.RootHealth.test_watchdog_pid_for_an_unrelated_live_process_is_not_accepted) ... ok
2026-10-08T19:11:49.3861999Z 
2026-10-08T19:11:49.3862338Z ----------------------------------------------------------------------
2026-10-08T19:11:49.3862705Z Ran 26 tests in 12.743s
2026-10-08T19:11:49.3862836Z 
2026-10-08T19:11:49.3863129Z OK
2026-10-08T19:11:50.0035484Z test_both_families_google_reject_and_drop_removed_by_exact_spec (__main__.GoogleFirewall.test_both_families_google_reject_and_drop_removed_by_exact_spec) ... ok
2026-10-08T19:11:50.0115118Z test_changed_core_pid_never_changes_firewall (__main__.GoogleFirewall.test_changed_core_pid_never_changes_firewall) ... ok
2026-10-08T19:11:50.0789156Z test_current_uid_resolution_includes_work_profile_and_exact_package_names (__main__.GoogleFirewall.test_current_uid_resolution_includes_work_profile_and_exact_package_names) ... ok
2026-10-08T19:11:50.0857425Z test_disabled_session_never_enters_maintenance (__main__.GoogleFirewall.test_disabled_session_never_enters_maintenance) ... ok
2026-10-08T19:11:50.3340256Z test_failed_exact_delete_is_reported_without_flush_fallback (__main__.GoogleFirewall.test_failed_exact_delete_is_reported_without_flush_fallback) ... ok
2026-10-08T19:11:50.3425474Z test_failed_transaction_lock_never_changes_firewall (__main__.GoogleFirewall.test_failed_transaction_lock_never_changes_firewall) ... ok
2026-10-08T19:11:50.5878569Z test_globbing_state_and_wildcard_interface_are_preserved (__main__.GoogleFirewall.test_globbing_state_and_wildcard_interface_are_preserved) ... ok
2026-10-08T19:11:50.8444980Z test_healthy_hetu_rules_still_check_oem_google_rules (__main__.GoogleFirewall.test_healthy_hetu_rules_still_check_oem_google_rules) ... ok
2026-10-08T19:11:50.9093405Z test_no_google_packages_no_firewall_operation (__main__.GoogleFirewall.test_no_google_packages_no_firewall_operation) ... ok
2026-10-08T19:11:51.0101685Z test_older_oem_package_tool_fallback (__main__.GoogleFirewall.test_older_oem_package_tool_fallback) ... ok
2026-10-08T19:11:51.4658275Z test_repeated_cleanup_is_idempotent (__main__.GoogleFirewall.test_repeated_cleanup_is_idempotent) ... ok
2026-10-08T19:11:51.9701267Z test_sixty_second_rate_limit_and_oem_rule_reinsertion (__main__.GoogleFirewall.test_sixty_second_rate_limit_and_oem_rule_reinsertion) ... ok
2026-10-08T19:11:51.9886800Z test_start_protocol_accepts_legacy_and_supported_google_flag (__main__.GoogleFirewall.test_start_protocol_accepts_legacy_and_supported_google_flag) ... ok
2026-10-08T19:11:52.0059054Z test_start_protocol_rejects_invalid_flags_and_accepts_extended_controls (__main__.GoogleFirewall.test_start_protocol_rejects_invalid_flags_and_accepts_extended_controls) ... ok
2026-10-08T19:11:52.2455037Z test_uid_is_resolved_again_after_package_reinstall (__main__.GoogleFirewall.test_uid_is_resolved_again_after_package_reinstall) ... ok
2026-10-08T19:11:52.4795100Z test_unavailable_ipv6_is_nonfatal (__main__.GoogleFirewall.test_unavailable_ipv6_is_nonfatal) ... ok
2026-10-08T19:11:52.7247924Z test_unrelated_uid_accept_inverted_range_and_quoted_rules_preserved (__main__.GoogleFirewall.test_unrelated_uid_accept_inverted_range_and_quoted_rules_preserved) ... ok
2026-10-08T19:11:52.7272179Z 
2026-10-08T19:11:52.7272515Z ----------------------------------------------------------------------
2026-10-08T19:11:52.7272863Z Ran 17 tests in 3.298s
2026-10-08T19:11:52.7272990Z 
2026-10-08T19:11:52.7273072Z OK
2026-10-08T19:11:52.7725777Z test_active_duplicate_worker_cannot_remove_its_lock (__main__.BootWorker.test_active_duplicate_worker_cannot_remove_its_lock) ... ok
2026-10-08T19:11:52.8004751Z test_app_launch_denial_does_not_undo_native_start (__main__.BootWorker.test_app_launch_denial_does_not_undo_native_start) ... ok
2026-10-08T19:11:53.5473706Z test_delayed_system_and_network_still_restore_once (__main__.BootWorker.test_delayed_system_and_network_still_restore_once) ... ok
2026-10-08T19:11:53.5666792Z test_disable_during_wait_cancels (__main__.BootWorker.test_disable_during_wait_cancels) ... ok
2026-10-08T19:11:53.5695484Z test_disabled_never_starts (__main__.BootWorker.test_disabled_never_starts) ... ok
2026-10-08T19:11:53.5878714Z test_existing_core_is_adopted_without_restart (__main__.BootWorker.test_existing_core_is_adopted_without_restart) ... ok
2026-10-08T19:11:53.6374977Z test_failed_start_retries_then_succeeds (__main__.BootWorker.test_failed_start_retries_then_succeeds) ... ok
2026-10-08T19:11:53.6543471Z test_missing_plan_reports_failure (__main__.BootWorker.test_missing_plan_reports_failure) ... ok
2026-10-08T19:11:54.5900750Z test_network_wait_has_a_bound (__main__.BootWorker.test_network_wait_has_a_bound) ... ok
2026-10-08T19:11:54.6168788Z test_previous_boot_stop_does_not_block_new_boot (__main__.BootWorker.test_previous_boot_stop_does_not_block_new_boot) ... ok
2026-10-08T19:11:54.6469105Z test_stale_previous_boot_lock_does_not_block_restore (__main__.BootWorker.test_stale_previous_boot_lock_does_not_block_restore) ... ok
2026-10-08T19:11:54.6754674Z test_stop_during_network_wait_cancels_this_boot (__main__.BootWorker.test_stop_during_network_wait_cancels_this_boot) ... ok
2026-10-08T19:11:54.6855558Z test_native_guard_does_not_restart_a_winning_manual_start (__main__.NativeStartGuard.test_native_guard_does_not_restart_a_winning_manual_start) ... ok
2026-10-08T19:11:54.6953848Z test_native_guard_rechecks_disabled_setting (__main__.NativeStartGuard.test_native_guard_rechecks_disabled_setting) ... ok
2026-10-08T19:11:54.7059543Z test_native_guard_rechecks_explicit_stop_after_lock (__main__.NativeStartGuard.test_native_guard_rechecks_explicit_stop_after_lock) ... ok
2026-10-08T19:11:54.7158661Z test_native_guard_rejects_wrong_boot (__main__.NativeStartGuard.test_native_guard_rejects_wrong_boot) ... ok
2026-10-08T19:11:54.7254993Z test_normal_manual_start_is_not_subject_to_boot_guard (__main__.NativeStartGuard.test_normal_manual_start_is_not_subject_to_boot_guard) ... ok
2026-10-08T19:11:54.7255504Z 
2026-10-08T19:11:54.7255712Z ----------------------------------------------------------------------
2026-10-08T19:11:54.7256038Z Ran 17 tests in 1.963s
2026-10-08T19:11:54.7256165Z 
2026-10-08T19:11:54.7256222Z OK
2026-10-08T19:12:00.3030306Z {"after": {"cycles": 512, "maxQueuedRecoveries": 1, "drainedAttempts": 1, "latestExecuted": 1, "cancelledWantedExecuted": 0, "eventDuringAttemptPreserved": true, "cancelledTimersRetained": 0, "sourceSha256": "43018298725f0163e59d61eec00d2dc6d8fdb8af0f4d92417d8d175b7cfd3adf", "fixtureOnly": true, "deviceOrNetworkAccess": false}, "before": {"cycles": 512, "maxQueuedRecoveries": 512, "drainedAttempts": 512, "latestExecuted": 1, "cancelledWantedExecuted": 0, "eventDuringAttemptPreserved": true, "cancelledTimersRetained": 4096, "sourceSha256": "b50773343de46622658e65b48a3e00a96863d74033f561fd6bdab304402ae1cd", "fixtureOnly": true, "deviceOrNetworkAccess": false}}
2026-10-08T19:12:03.5312597Z {"after": {"attempts": 3000, "storageLimitBytes": 8192, "storedBytes": 8016, "dropped": 2952, "fullStatusVisible": true, "sensitiveStoredMetadataCopied": false, "oversizedHealthEventBytes": 217, "viewTruncationVisible": true, "sourceSha256": "7286b492510377060d5cd32f2b575e264a4b86f6d51cee8a308dbf8abda45621", "fixtureOnly": true, "deviceOrNetworkAccess": false}, "before": {"attempts": 3000, "storageLimitBytes": 8192, "storedBytes": 501000, "dropped": 0, "fullStatusVisible": false, "sensitiveStoredMetadataCopied": true, "oversizedHealthEventBytes": 200190, "viewTruncationVisible": false, "sourceSha256": "8c8fcf2f77897e079c3ca2cd395fe2b3a0b3cf4fdce16931f3d7bc87e961cf9c", "fixtureOnly": true, "deviceOrNetworkAccess": false}}
2026-10-08T19:12:05.2557861Z {"after": {"captured": ["example.Worker.toDynamicScheme-Iv8Zu3U:41", "example.Worker.<init>:41", "example.Worker.<clinit>:41"], "copied": ["example.Worker.toDynamicScheme-Iv8Zu3U:41", "example.Worker.<init>:41", "example.Worker.<clinit>:41"], "hostileSymbolsRejected": 5, "privateMessageOrFileCopied": false, "sourceSha256": "7286b492510377060d5cd32f2b575e264a4b86f6d51cee8a308dbf8abda45621", "fixtureOnly": true, "deviceOrNetworkAccess": false}, "before": {"captured": ["redacted-frame", "redacted-frame", "redacted-frame"], "copied": ["redacted-frame", "redacted-frame", "redacted-frame"], "hostileSymbolsRejected": 5, "privateMessageOrFileCopied": false, "sourceSha256": "83980b0576665cbcc8d0583758f4d911c3356aed7db8bf37e6ff0d2df2d87b51", "fixtureOnly": true, "deviceOrNetworkAccess": false}}
2026-10-08T19:12:05.3054520Z test_busybox_that_yields_root_net_admin_becomes_the_runner (__main__.CoreIdentity.test_busybox_that_yields_root_net_admin_becomes_the_runner) ... ok
2026-10-08T19:12:05.3198331Z test_bypass_with_ipv6_available_still_requires_combined_owner_match (__main__.CoreIdentity.test_bypass_with_ipv6_available_still_requires_combined_owner_match) ... ok
2026-10-08T19:12:05.3797728Z test_confirmation_requires_all_four_uid_and_gid_fields (__main__.CoreIdentity.test_confirmation_requires_all_four_uid_and_gid_fields) ... ok
2026-10-08T19:12:05.4149241Z test_confirmation_trusts_only_what_the_kernel_reports (__main__.CoreIdentity.test_confirmation_trusts_only_what_the_kernel_reports) ... ok
2026-10-08T19:12:05.4356512Z test_kernel_without_the_combined_owner_match_keeps_the_old_start (__main__.CoreIdentity.test_kernel_without_the_combined_owner_match_keeps_the_old_start) ... ok
2026-10-08T19:12:05.4440610Z test_numeric_spec_is_the_fallback (__main__.CoreIdentity.test_numeric_spec_is_the_fallback) ... ok
2026-10-08T19:12:05.4505795Z test_opt_out_marker_keeps_the_old_start (__main__.CoreIdentity.test_opt_out_marker_keeps_the_old_start) ... ok
2026-10-08T19:12:05.4731300Z test_resolver_capture_needs_dns_takeover_and_an_xtables_mode (__main__.CoreIdentity.test_resolver_capture_needs_dns_takeover_and_an_xtables_mode) ... ok
2026-10-08T19:12:05.4969651Z test_wrong_identity_or_missing_applet_keeps_the_old_start (__main__.CoreIdentity.test_wrong_identity_or_missing_applet_keeps_the_old_start) ... ok
2026-10-08T19:12:05.7531101Z test_rules_without_the_core_identity_match_runtime_152 (__main__.LegacyParity.test_rules_without_the_core_identity_match_runtime_152) ... ok
2026-10-08T19:12:05.7601291Z test_captured_exempts_only_the_core_and_lets_fake_ip_flows_through (__main__.RuleShapes.test_captured_exempts_only_the_core_and_lets_fake_ip_flows_through) ... ok
2026-10-08T19:12:05.7669139Z test_captured_ipv6_uses_the_ipv6_fake_range (__main__.RuleShapes.test_captured_ipv6_uses_the_ipv6_fake_range) ... ok
2026-10-08T19:12:05.7803789Z test_dns_protocol_switches_select_the_redirected_protocols (__main__.RuleShapes.test_dns_protocol_switches_select_the_redirected_protocols) ... ok
2026-10-08T19:12:05.7810782Z test_dot_guard_chain_is_owned_cleaned_and_recorded (__main__.RuleShapes.test_dot_guard_chain_is_owned_cleaned_and_recorded) ... ok
2026-10-08T19:12:05.7867007Z test_dot_guard_refuses_only_the_resolver_probe (__main__.RuleShapes.test_dot_guard_refuses_only_the_resolver_probe) ... ok
2026-10-08T19:12:05.7937816Z test_group_exemption_keeps_its_direct_path_for_real_addresses_only (__main__.RuleShapes.test_group_exemption_keeps_its_direct_path_for_real_addresses_only) ... ok
2026-10-08T19:12:05.7999768Z test_selected_applications_redirect_mode_redirects_fake_ip_tcp (__main__.RuleShapes.test_selected_applications_redirect_mode_redirects_fake_ip_tcp) ... ok
2026-10-08T19:12:05.8066223Z test_selected_applications_scope_gets_a_resolver_redirect_and_fake_ip_entries (__main__.RuleShapes.test_selected_applications_scope_gets_a_resolver_redirect_and_fake_ip_entries) ... ok
2026-10-08T19:12:05.8132701Z test_selected_applications_scope_is_untouched_while_the_resolver_is_exempt (__main__.RuleShapes.test_selected_applications_scope_is_untouched_while_the_resolver_is_exempt) ... ok
2026-10-08T19:12:05.8199533Z test_selected_applications_scope_marks_use_the_script_mark (__main__.RuleShapes.test_selected_applications_scope_marks_use_the_script_mark) ... ok
2026-10-08T19:12:05.8268672Z test_without_the_core_identity_every_root_socket_stays_out_of_dns_takeover (__main__.RuleShapes.test_without_the_core_identity_every_root_socket_stays_out_of_dns_takeover) ... ok
2026-10-08T19:12:05.9377139Z test_cpu_mask (__main__.Tuning.test_cpu_mask) ... ok
2026-10-08T19:12:05.9778498Z test_invalid_values_are_named_before_anything_changes (__main__.Tuning.test_invalid_values_are_named_before_anything_changes) ... ok
2026-10-08T19:12:06.1091022Z test_memory_limit_bytes (__main__.Tuning.test_memory_limit_bytes) ... ok
2026-10-08T19:12:06.1280220Z test_tuning_report_names_each_requested_control (__main__.Tuning.test_tuning_report_names_each_requested_control) ... ok
2026-10-08T19:12:06.1280829Z 
2026-10-08T19:12:06.1281104Z ----------------------------------------------------------------------
2026-10-08T19:12:06.1281609Z Ran 25 tests in 0.831s
2026-10-08T19:12:06.1281783Z 
2026-10-08T19:12:06.1282014Z OK
2026-10-08T19:12:06.1389230Z ##[group]Run set -euo pipefail
2026-10-08T19:12:06.1389440Z [36;1mset -euo pipefail[0m
2026-10-08T19:12:06.1389696Z [36;1mpython3 tools/qa/test_root_safety93.py -v 2>&1 | tee out/verification/root-safety93-tests.txt[0m
2026-10-08T19:12:06.1445818Z shell: /usr/bin/bash -e {0}
2026-10-08T19:12:06.1445960Z env:
2026-10-08T19:12:06.1446123Z   HETU_TEST_KEYSTORE: /home/runner/.android/hetu-ui10-debug.jks
2026-10-08T19:12:06.1446328Z   HETU_EXPECTED_TESTS: 706
2026-10-08T19:12:06.1446466Z   HETU_EXPECTED_TEST_XML_FILES: 77
2026-10-08T19:12:06.1446616Z   HETU_EXPECTED_VERSION: 2093
2026-10-08T19:12:06.1446770Z   HETU_EXPECTED_VERSION_NAME: 0.12.20-v20-glass
2026-10-08T19:12:06.1446933Z ##[endgroup]
2026-10-08T19:12:06.2443948Z test_atomic_bootstrap_guard_allows_only_verified_lane (__main__.BootSafety93.test_atomic_bootstrap_guard_allows_only_verified_lane) ... ok
2026-10-08T19:12:06.2957742Z test_atomic_guard_failure_keeps_exact_old_rules (__main__.BootSafety93.test_atomic_guard_failure_keeps_exact_old_rules) ... ok
2026-10-08T19:12:06.3109631Z test_cancel_generation_interrupts_future_deadline (__main__.BootSafety93.test_cancel_generation_interrupts_future_deadline) ... ok
2026-10-08T19:12:06.3208605Z test_cleanup_residual_rule_is_not_successful_stop (__main__.BootSafety93.test_cleanup_residual_rule_is_not_successful_stop) ... ok
2026-10-08T19:12:06.3294994Z test_cleanup_unknown_snapshot_is_not_successful_stop (__main__.BootSafety93.test_cleanup_unknown_snapshot_is_not_successful_stop) ... ok
2026-10-08T19:12:06.3525517Z test_core_identity_requires_all_four_uid_gid_fields (__main__.BootSafety93.test_core_identity_requires_all_four_uid_gid_fields) ... ok
2026-10-08T19:12:06.3596720Z test_explicit_empty_cancel_ticket_is_not_latest_token (__main__.BootSafety93.test_explicit_empty_cancel_ticket_is_not_latest_token) ... ok
2026-10-08T19:12:06.3748625Z test_failed_stop_retains_session_for_retry (__main__.BootSafety93.test_failed_stop_retains_session_for_retry) ... ok
2026-10-08T19:12:06.5209570Z test_failed_strict_restore_physically_revokes_bootstrap_lane (__main__.BootSafety93.test_failed_strict_restore_physically_revokes_bootstrap_lane) ... ok
2026-10-08T19:12:10.5332807Z test_frontend_term_during_blocked_xtables_is_bounded_before_rollback (__main__.BootSafety93.test_frontend_term_during_blocked_xtables_is_bounded_before_rollback) ... ok
2026-10-08T19:12:10.5421181Z test_initializing_lock_cannot_be_stolen (__main__.BootSafety93.test_initializing_lock_cannot_be_stolen) ... ok
2026-10-08T19:12:10.5507023Z test_old_deadline_birth_cannot_signal_reused_pid (__main__.BootSafety93.test_old_deadline_birth_cannot_signal_reused_pid) ... ok
2026-10-08T19:12:10.5582426Z test_old_lock_owner_cannot_release_replacement_lock (__main__.BootSafety93.test_old_lock_owner_cannot_release_replacement_lock) ... ok
2026-10-08T19:12:10.5660497Z test_old_watchdog_cannot_publish_or_delete_new_pid (__main__.BootSafety93.test_old_watchdog_cannot_publish_or_delete_new_pid) ... ok
2026-10-08T19:12:10.6178684Z test_permanent_failure_starts_only_three_times (__main__.BootSafety93.test_permanent_failure_starts_only_three_times) ... ok
2026-10-08T19:12:10.6880141Z test_pid_without_health_never_reports_running (__main__.BootSafety93.test_pid_without_health_never_reports_running) ... ok
2026-10-08T19:12:10.6948659Z test_queued_manual_native_start_rejects_stop_before_entry (__main__.BootSafety93.test_queued_manual_native_start_rejects_stop_before_entry) ... ok
2026-10-08T19:12:10.7083399Z test_real_deadline_signals_only_owned_birth (__main__.BootSafety93.test_real_deadline_signals_only_owned_birth) ... ok
2026-10-08T19:12:10.7202232Z test_shared_budget_cannot_reset_expired_deadline (__main__.BootSafety93.test_shared_budget_cannot_reset_expired_deadline) ... ok
2026-10-08T19:12:10.7764407Z test_shared_budget_persists_and_old_boot_cannot_reset (__main__.BootSafety93.test_shared_budget_persists_and_old_boot_cannot_reset) ... ok
2026-10-08T19:12:10.7875419Z test_shared_budget_rejects_cancelled_boot (__main__.BootSafety93.test_shared_budget_rejects_cancelled_boot) ... ok
2026-10-08T19:12:10.7940518Z test_stopping_inactive_helper_does_not_publish_start_failure (__main__.BootSafety93.test_stopping_inactive_helper_does_not_publish_start_failure) ... ok
2026-10-08T19:12:10.8377258Z test_interrupt_after_core_launch_rolls_back (__main__.StartRollbackSafety93.test_interrupt_after_core_launch_rolls_back) ... ok
2026-10-08T19:12:10.8867230Z test_interrupt_after_network_hooks_rolls_back (__main__.StartRollbackSafety93.test_interrupt_after_network_hooks_rolls_back) ... ok
2026-10-08T19:12:10.9526271Z test_interrupt_before_watchdog_ready_rolls_back (__main__.StartRollbackSafety93.test_interrupt_before_watchdog_ready_rolls_back) ... ok
2026-10-08T19:12:10.9781707Z test_kill_requested_without_verified_runner_preserves_old_runtime (__main__.StartRollbackSafety93.test_kill_requested_without_verified_runner_preserves_old_runtime) ... ok
2026-10-08T19:12:10.9782339Z 
2026-10-08T19:12:10.9782591Z ----------------------------------------------------------------------
2026-10-08T19:12:10.9782926Z Ran 26 tests in 4.786s
2026-10-08T19:12:10.9783054Z 
2026-10-08T19:12:10.9783132Z OK
2026-10-08T19:12:10.9783926Z {"test": "foreground_term_boundary", "elapsedSeconds": 4.01, "termSentAfterSeconds": 0.15, "commandTimeoutSeconds": 3, "killGraceSeconds": 1, "rollbackCompleted": true}
2026-10-08T19:12:10.9891327Z ##[group]Run set -euo pipefail
2026-10-08T19:12:10.9891805Z [36;1mset -euo pipefail[0m
2026-10-08T19:12:10.9892374Z [36;1mpython3 .github/scripts/run_continuity93_baseline_hosts.py --gate test_ui_source_scope.py 2>&1 | tee out/verification/ui-source-scope-tests.txt[0m
2026-10-08T19:12:10.9964241Z shell: /usr/bin/bash -e {0}
2026-10-08T19:12:10.9964474Z env:
2026-10-08T19:12:10.9964718Z   HETU_TEST_KEYSTORE: /home/runner/.android/hetu-ui10-debug.jks
2026-10-08T19:12:10.9965282Z   HETU_EXPECTED_TESTS: 706
2026-10-08T19:12:10.9965516Z   HETU_EXPECTED_TEST_XML_FILES: 77
2026-10-08T19:12:10.9965752Z   HETU_EXPECTED_VERSION: 2093
2026-10-08T19:12:10.9965997Z   HETU_EXPECTED_VERSION_NAME: 0.12.20-v20-glass
2026-10-08T19:12:10.9966260Z ##[endgroup]
2026-10-08T19:12:41.1322757Z test_current_ui_packages_and_named_bridges_are_allowed (__main__.PresentationScope.test_current_ui_packages_and_named_bridges_are_allowed) ... ok
2026-10-08T19:12:41.1324639Z test_only_expected_version_change_is_allowed_in_build_inputs (__main__.PresentationScope.test_only_expected_version_change_is_allowed_in_build_inputs) ... ok
2026-10-08T19:12:41.1326172Z test_path_traversal_is_rejected_even_with_allowed_ui_prefix (__main__.PresentationScope.test_path_traversal_is_rejected_even_with_allowed_ui_prefix) ... ok
2026-10-08T19:12:41.1327562Z test_runtime_assets_manifest_and_native_payload_cannot_enter_ui_patch (__main__.PresentationScope.test_runtime_assets_manifest_and_native_payload_cannot_enter_ui_patch) ... ok
2026-10-08T19:12:41.1328815Z test_unlisted_root_package_bridge_is_rejected (__main__.PresentationScope.test_unlisted_root_package_bridge_is_rejected) ... ok
2026-10-08T19:12:41.1329473Z 
2026-10-08T19:12:41.1329848Z ----------------------------------------------------------------------
2026-10-08T19:12:41.1330180Z Ran 5 tests in 0.000s
2026-10-08T19:12:41.1330306Z 
2026-10-08T19:12:41.1330385Z OK
2026-10-08T19:12:41.1668240Z {"baselineInputs": 379, "locallyVerifiedBaselineInputs": 379, "missingUnchangedPayloadFiles": [], "exactFunctionPatchReversed": true, "currentCheckoutUnmodified": true}
2026-10-08T19:12:41.2044458Z {"exactLaterLayersReversed": 4, "v2086Inputs": 386, "missingUnchangedNativeInputs": [], "currentCheckoutUnmodified": true, "historicalGatesRunOnOwnSource": true, "baselineVersion": 2086, "baselineRuntimeRevision": 152}
2026-10-08T19:12:41.2417323Z {"exactNewLayerReversed": true, "verifiedPredecessorInputs": 403, "missingUnchangedNativeInputs": [], "currentCheckoutUnmodified": true, "baselineVersion": 2090, "baselineCommit": "9fe4931b6e37a1a7f7f78fd27835069e2b354aa7"}
2026-10-08T19:12:41.2913051Z {"exactNewLayerReversed": true, "verifiedPredecessorInputs": 405, "missingUnchangedNativeInputs": [], "currentCheckoutUnmodified": true, "baselineVersion": 2091, "baselineCommit": "d7295d1aec1ffb17a0076d4dc9a8a4122d467447"}
2026-10-08T19:12:41.3452621Z {"exactNewLayerReversed": true, "verifiedPredecessorInputs": 406, "missingUnchangedNativeInputs": [], "currentCheckoutUnmodified": true, "baselineVersion": 2092, "baselineCommit": "cffeff08ee38c7220922bdb36de81b621c935daf"}
2026-10-08T19:12:41.3554582Z ##[group]Run python3 .github/scripts/run_continuity93_baseline_hosts.py --gate test_pdf85_source_scope.py
2026-10-08T19:12:41.3554992Z [36;1mpython3 .github/scripts/run_continuity93_baseline_hosts.py --gate test_pdf85_source_scope.py[0m
2026-10-08T19:12:41.3606675Z shell: /usr/bin/bash -e {0}
2026-10-08T19:12:41.3606807Z env:
2026-10-08T19:12:41.3606973Z   HETU_TEST_KEYSTORE: /home/runner/.android/hetu-ui10-debug.jks
2026-10-08T19:12:41.3607169Z   HETU_EXPECTED_TESTS: 706
2026-10-08T19:12:41.3607305Z   HETU_EXPECTED_TEST_XML_FILES: 77
2026-10-08T19:12:41.3607450Z   HETU_EXPECTED_VERSION: 2093
2026-10-08T19:12:41.3607599Z   HETU_EXPECTED_VERSION_NAME: 0.12.20-v20-glass
2026-10-08T19:12:41.3607757Z ##[endgroup]
2026-10-08T19:13:10.9829260Z ......
2026-10-08T19:13:10.9829643Z ----------------------------------------------------------------------
2026-10-08T19:13:10.9830005Z Ran 6 tests in 0.002s
2026-10-08T19:13:10.9830114Z 
2026-10-08T19:13:10.9830170Z OK
2026-10-08T19:13:11.0153114Z {"baselineInputs": 379, "locallyVerifiedBaselineInputs": 379, "missingUnchangedPayloadFiles": [], "exactFunctionPatchReversed": true, "currentCheckoutUnmodified": true}
2026-10-08T19:13:11.0514525Z {"exactLaterLayersReversed": 4, "v2086Inputs": 386, "missingUnchangedNativeInputs": [], "currentCheckoutUnmodified": true, "historicalGatesRunOnOwnSource": true, "baselineVersion": 2086, "baselineRuntimeRevision": 152}
2026-10-08T19:13:11.0885302Z {"exactNewLayerReversed": true, "verifiedPredecessorInputs": 403, "missingUnchangedNativeInputs": [], "currentCheckoutUnmodified": true, "baselineVersion": 2090, "baselineCommit": "9fe4931b6e37a1a7f7f78fd27835069e2b354aa7"}
2026-10-08T19:13:11.1346033Z {"exactNewLayerReversed": true, "verifiedPredecessorInputs": 405, "missingUnchangedNativeInputs": [], "currentCheckoutUnmodified": true, "baselineVersion": 2091, "baselineCommit": "d7295d1aec1ffb17a0076d4dc9a8a4122d467447"}
2026-10-08T19:13:11.1833320Z {"exactNewLayerReversed": true, "verifiedPredecessorInputs": 406, "missingUnchangedNativeInputs": [], "currentCheckoutUnmodified": true, "baselineVersion": 2092, "baselineCommit": "cffeff08ee38c7220922bdb36de81b621c935daf"}
2026-10-08T19:13:11.1943882Z ##[group]Run set -euo pipefail
2026-10-08T19:13:11.1944111Z [36;1mset -euo pipefail[0m
2026-10-08T19:13:11.1944321Z [36;1mgit fetch --no-tags --depth=1 origin 2730954591393c1b81f747cef72adb8940c5a82c[0m
2026-10-08T19:13:11.1944625Z [36;1mgit fetch --no-tags --depth=1 origin ec211b9ad81748dee30fec43f0a25849559e4623[0m
2026-10-08T19:13:11.1944955Z [36;1mpython3 .github/scripts/run_continuity93_baseline_hosts.py --gate test_tools_intake_source_scope.py[0m
2026-10-08T19:13:11.1945254Z [36;1mpython3 .github/scripts/test_tools_intake_test_results.py[0m
2026-10-08T19:13:11.1994840Z shell: /usr/bin/bash -e {0}
2026-10-08T19:13:11.1994971Z env:
2026-10-08T19:13:11.1995117Z   HETU_TEST_KEYSTORE: /home/runner/.android/hetu-ui10-debug.jks
2026-10-08T19:13:11.1995302Z   HETU_EXPECTED_TESTS: 706
2026-10-08T19:13:11.1995433Z   HETU_EXPECTED_TEST_XML_FILES: 77
2026-10-08T19:13:11.1995568Z   HETU_EXPECTED_VERSION: 2093
2026-10-08T19:13:11.1995738Z   HETU_EXPECTED_VERSION_NAME: 0.12.20-v20-glass
2026-10-08T19:13:11.1995888Z ##[endgroup]
2026-10-08T19:13:11.8261828Z From https://github.com/xgl34222220-ops/hetu
2026-10-08T19:13:11.8262276Z  * branch            2730954591393c1b81f747cef72adb8940c5a82c -> FETCH_HEAD
2026-10-08T19:13:12.3975314Z From https://github.com/xgl34222220-ops/hetu
2026-10-08T19:13:12.3975598Z  * branch            ec211b9ad81748dee30fec43f0a25849559e4623 -> FETCH_HEAD
2026-10-08T19:13:48.0610694Z ..................
2026-10-08T19:13:48.0611050Z ----------------------------------------------------------------------
2026-10-08T19:13:48.0611273Z Ran 18 tests in 6.153s
2026-10-08T19:13:48.1901186Z 
2026-10-08T19:13:48.1901768Z OK
2026-10-08T19:13:48.1902393Z {"baselineInputs": 379, "locallyVerifiedBaselineInputs": 379, "missingUnchangedPayloadFiles": [], "exactFunctionPatchReversed": true, "currentCheckoutUnmodified": true}
2026-10-08T19:13:48.3216604Z {"exactLaterLayersReversed": 4, "v2086Inputs": 386, "missingUnchangedNativeInputs": [], "currentCheckoutUnmodified": true, "historicalGatesRunOnOwnSource": true, "baselineVersion": 2086, "baselineRuntimeRevision": 152}
2026-10-08T19:13:48.4591266Z {"exactNewLayerReversed": true, "verifiedPredecessorInputs": 403, "missingUnchangedNativeInputs": [], "currentCheckoutUnmodified": true, "baselineVersion": 2090, "baselineCommit": "9fe4931b6e37a1a7f7f78fd27835069e2b354aa7"}
2026-10-08T19:13:48.7673869Z {"exactNewLayerReversed": true, "verifiedPredecessorInputs": 405, "missingUnchangedNativeInputs": [], "currentCheckoutUnmodified": true, "baselineVersion": 2091, "baselineCommit": "d7295d1aec1ffb17a0076d4dc9a8a4122d467447"}
2026-10-08T19:13:48.9723189Z {"exactNewLayerReversed": true, "verifiedPredecessorInputs": 406, "missingUnchangedNativeInputs": [], "currentCheckoutUnmodified": true, "baselineVersion": 2092, "baselineCommit": "cffeff08ee38c7220922bdb36de81b621c935daf"}
2026-10-08T19:13:49.0226758Z test_all_original_and_intake_suites_are_required (__main__.ToolsIntakeEvidence.test_all_original_and_intake_suites_are_required) ... ok
2026-10-08T19:13:49.0277863Z test_duplicate_intake_suite_is_rejected (__main__.ToolsIntakeEvidence.test_duplicate_intake_suite_is_rejected) ... ok
2026-10-08T19:13:49.0414328Z test_failures_errors_and_skips_in_each_new_suite_are_rejected (__main__.ToolsIntakeEvidence.test_failures_errors_and_skips_in_each_new_suite_are_rejected) ... ok
2026-10-08T19:13:49.0451743Z test_missing_suite_cannot_be_replaced_with_more_tests_in_another (__main__.ToolsIntakeEvidence.test_missing_suite_cannot_be_replaced_with_more_tests_in_another) ... ok
2026-10-08T19:13:49.0558111Z test_new_tests_cannot_replace_existing_tests (__main__.ToolsIntakeEvidence.test_new_tests_cannot_replace_existing_tests) ... ok
2026-10-08T19:13:49.0558529Z 
2026-10-08T19:13:49.0558737Z ----------------------------------------------------------------------
2026-10-08T19:13:49.0558947Z Ran 5 tests in 0.045s
2026-10-08T19:13:49.0559028Z 
2026-10-08T19:13:49.0559079Z OK
2026-10-08T19:13:49.0652303Z ##[group]Run set -euo pipefail
2026-10-08T19:13:49.0652502Z [36;1mset -euo pipefail[0m
2026-10-08T19:13:49.0652762Z [36;1mpython3 .github/scripts/run_continuity93_baseline_hosts.py --gate test_pdf85_final_source_scope.py[0m
2026-10-08T19:13:49.0706162Z shell: /usr/bin/bash -e {0}
2026-10-08T19:13:49.0706316Z env:
2026-10-08T19:13:49.0706469Z   HETU_TEST_KEYSTORE: /home/runner/.android/hetu-ui10-debug.jks
2026-10-08T19:13:49.0706661Z   HETU_EXPECTED_TESTS: 706
2026-10-08T19:13:49.0706797Z   HETU_EXPECTED_TEST_XML_FILES: 77
2026-10-08T19:13:49.0706940Z   HETU_EXPECTED_VERSION: 2093
2026-10-08T19:13:49.0707090Z   HETU_EXPECTED_VERSION_NAME: 0.12.20-v20-glass
2026-10-08T19:13:49.0707245Z ##[endgroup]
2026-10-08T19:14:18.8483726Z ........
2026-10-08T19:14:18.8484094Z ----------------------------------------------------------------------
2026-10-08T19:14:18.8484337Z Ran 8 tests in 0.012s
2026-10-08T19:14:18.8484424Z 
2026-10-08T19:14:18.8484476Z OK
2026-10-08T19:14:18.8845426Z {"baselineInputs": 379, "locallyVerifiedBaselineInputs": 379, "missingUnchangedPayloadFiles": [], "exactFunctionPatchReversed": true, "currentCheckoutUnmodified": true}
2026-10-08T19:14:18.9216130Z {"exactLaterLayersReversed": 4, "v2086Inputs": 386, "missingUnchangedNativeInputs": [], "currentCheckoutUnmodified": true, "historicalGatesRunOnOwnSource": true, "baselineVersion": 2086, "baselineRuntimeRevision": 152}
2026-10-08T19:14:18.9593791Z {"exactNewLayerReversed": true, "verifiedPredecessorInputs": 403, "missingUnchangedNativeInputs": [], "currentCheckoutUnmodified": true, "baselineVersion": 2090, "baselineCommit": "9fe4931b6e37a1a7f7f78fd27835069e2b354aa7"}
2026-10-08T19:14:19.0087299Z {"exactNewLayerReversed": true, "verifiedPredecessorInputs": 405, "missingUnchangedNativeInputs": [], "currentCheckoutUnmodified": true, "baselineVersion": 2091, "baselineCommit": "d7295d1aec1ffb17a0076d4dc9a8a4122d467447"}
2026-10-08T19:14:19.0616332Z {"exactNewLayerReversed": true, "verifiedPredecessorInputs": 406, "missingUnchangedNativeInputs": [], "currentCheckoutUnmodified": true, "baselineVersion": 2092, "baselineCommit": "cffeff08ee38c7220922bdb36de81b621c935daf"}
2026-10-08T19:14:19.0713766Z ##[group]Run set -euo pipefail
2026-10-08T19:14:19.0714065Z [36;1mset -euo pipefail[0m
2026-10-08T19:14:19.0714627Z [36;1mpython3 .github/scripts/run_continuity93_baseline_hosts.py --gate test_auth_source_scope.py 2>&1 | tee out/verification/auth-source-scope-tests.txt[0m
2026-10-08T19:14:19.0715429Z [36;1mpython3 .github/scripts/test_auth_test_results.py 2>&1 | tee out/verification/auth-test-evidence-tests.txt[0m
2026-10-08T19:14:19.0771882Z shell: /usr/bin/bash -e {0}
2026-10-08T19:14:19.0772031Z env:
2026-10-08T19:14:19.0772187Z   HETU_TEST_KEYSTORE: /home/runner/.android/hetu-ui10-debug.jks
2026-10-08T19:14:19.0772386Z   HETU_EXPECTED_TESTS: 706
2026-10-08T19:14:19.0772523Z   HETU_EXPECTED_TEST_XML_FILES: 77
2026-10-08T19:14:19.0772665Z   HETU_EXPECTED_VERSION: 2093
2026-10-08T19:14:19.0772816Z   HETU_EXPECTED_VERSION_NAME: 0.12.20-v20-glass
2026-10-08T19:14:19.0772972Z ##[endgroup]
2026-10-08T19:14:49.2495100Z test_exact_authentication_production_files_are_allowed (__main__.AuthenticationScope.test_exact_authentication_production_files_are_allowed) ... ok
2026-10-08T19:14:49.2496440Z test_existing_ui_boundary_still_rejects_authentication_runtime (__main__.AuthenticationScope.test_existing_ui_boundary_still_rejects_authentication_runtime) ... ok
2026-10-08T19:14:49.2497887Z test_history_fixture_can_only_add_cross_thread_visibility_and_audit (__main__.AuthenticationScope.test_history_fixture_can_only_add_cross_thread_visibility_and_audit) ... ok
2026-10-08T19:14:49.2499078Z test_manifest_requires_fixed_provenance_and_preserves_the_baseline (__main__.AuthenticationScope.test_manifest_requires_fixed_provenance_and_preserves_the_baseline) ... ok
2026-10-08T19:14:49.2500236Z test_old_action_safety_assertion_can_only_gain_failure_details (__main__.AuthenticationScope.test_old_action_safety_assertion_can_only_gain_failure_details) ... ok
2026-10-08T19:14:49.2501227Z test_only_the_named_authentication_tests_are_allowed (__main__.AuthenticationScope.test_only_the_named_authentication_tests_are_allowed) ... ok
2026-10-08T19:14:49.2502114Z test_only_the_new_version_can_change_in_build_inputs (__main__.AuthenticationScope.test_only_the_new_version_can_change_in_build_inputs) ... ok
2026-10-08T19:14:49.2502624Z test_path_traversal_is_rejected (__main__.AuthenticationScope.test_path_traversal_is_rejected) ... ok
2026-10-08T19:14:49.2503208Z test_runtime_assets_manager_manifest_and_dependencies_stay_protected (__main__.AuthenticationScope.test_runtime_assets_manager_manifest_and_dependencies_stay_protected) ... ok
2026-10-08T19:14:49.2503857Z test_unrelated_presentation_sources_are_not_authorized (__main__.AuthenticationScope.test_unrelated_presentation_sources_are_not_authorized) ... ok
2026-10-08T19:14:49.2504152Z 
2026-10-08T19:14:49.2504286Z ----------------------------------------------------------------------
2026-10-08T19:14:49.2504496Z Ran 10 tests in 0.001s
2026-10-08T19:14:49.2504579Z 
2026-10-08T19:14:49.2504632Z OK
2026-10-08T19:14:49.2834941Z {"baselineInputs": 379, "locallyVerifiedBaselineInputs": 379, "missingUnchangedPayloadFiles": [], "exactFunctionPatchReversed": true, "currentCheckoutUnmodified": true}
2026-10-08T19:14:49.3202551Z {"exactLaterLayersReversed": 4, "v2086Inputs": 386, "missingUnchangedNativeInputs": [], "currentCheckoutUnmodified": true, "historicalGatesRunOnOwnSource": true, "baselineVersion": 2086, "baselineRuntimeRevision": 152}
2026-10-08T19:14:49.3585492Z {"exactNewLayerReversed": true, "verifiedPredecessorInputs": 403, "missingUnchangedNativeInputs": [], "currentCheckoutUnmodified": true, "baselineVersion": 2090, "baselineCommit": "9fe4931b6e37a1a7f7f78fd27835069e2b354aa7"}
2026-10-08T19:14:49.4080971Z {"exactNewLayerReversed": true, "verifiedPredecessorInputs": 405, "missingUnchangedNativeInputs": [], "currentCheckoutUnmodified": true, "baselineVersion": 2091, "baselineCommit": "d7295d1aec1ffb17a0076d4dc9a8a4122d467447"}
2026-10-08T19:14:49.4572735Z {"exactNewLayerReversed": true, "verifiedPredecessorInputs": 406, "missingUnchangedNativeInputs": [], "currentCheckoutUnmodified": true, "baselineVersion": 2092, "baselineCommit": "cffeff08ee38c7220922bdb36de81b621c935daf"}
2026-10-08T19:14:49.5000524Z test_baseline_xml_inventory_cannot_be_reduced (__main__.AuthenticationEvidence.test_baseline_xml_inventory_cannot_be_reduced) ... ok
2026-10-08T19:14:49.5033457Z test_exact_baseline_and_all_authentication_suites_pass (__main__.AuthenticationEvidence.test_exact_baseline_and_all_authentication_suites_pass) ... ok
2026-10-08T19:14:49.5132607Z test_failures_errors_and_skips_are_rejected_in_both_buckets (__main__.AuthenticationEvidence.test_failures_errors_and_skips_are_rejected_in_both_buckets) ... ok
2026-10-08T19:14:49.5164240Z test_incorrect_declared_total_is_rejected (__main__.AuthenticationEvidence.test_incorrect_declared_total_is_rejected) ... ok
2026-10-08T19:14:49.5197509Z test_missing_authentication_suite_is_rejected (__main__.AuthenticationEvidence.test_missing_authentication_suite_is_rejected) ... ok
2026-10-08T19:14:49.5233187Z test_same_total_cannot_substitute_new_tests_for_old_tests (__main__.AuthenticationEvidence.test_same_total_cannot_substitute_new_tests_for_old_tests) ... ok
2026-10-08T19:14:49.5233764Z 
2026-10-08T19:14:49.5234065Z ----------------------------------------------------------------------
2026-10-08T19:14:49.5234381Z Ran 6 tests in 0.027s
2026-10-08T19:14:49.5234504Z 
2026-10-08T19:14:49.5234577Z OK
2026-10-08T19:14:49.5306015Z ##[group]Run set -euo pipefail
2026-10-08T19:14:49.5306201Z [36;1mset -euo pipefail[0m
2026-10-08T19:14:49.5306462Z [36;1mpython3 .github/scripts/run_continuity93_baseline_hosts.py --gate test_functionfix_source_scope.py[0m
2026-10-08T19:14:49.5306845Z [36;1mpython3 .github/scripts/run_continuity93_baseline_hosts.py --gate test_functionfix_test_results.py[0m
2026-10-08T19:14:49.5307216Z [36;1mpython3 .github/scripts/run_continuity93_baseline_hosts.py --gate test_functionfix_workflow.py[0m
2026-10-08T19:14:49.5307604Z [36;1mpython3 tools/qa/test_fake_ip_private_routing.py 2>&1 | tee out/verification/fake-ip-private-routing-tests.txt[0m
2026-10-08T19:14:49.5358957Z shell: /usr/bin/bash -e {0}
2026-10-08T19:14:49.5359093Z env:
2026-10-08T19:14:49.5359245Z   HETU_TEST_KEYSTORE: /home/runner/.android/hetu-ui10-debug.jks
2026-10-08T19:14:49.5359440Z   HETU_EXPECTED_TESTS: 706
2026-10-08T19:14:49.5359575Z   HETU_EXPECTED_TEST_XML_FILES: 77
2026-10-08T19:14:49.5359746Z   HETU_EXPECTED_VERSION: 2093
2026-10-08T19:14:49.5359894Z   HETU_EXPECTED_VERSION_NAME: 0.12.20-v20-glass
2026-10-08T19:14:49.5360049Z ##[endgroup]
2026-10-08T19:15:18.4033674Z ...........
2026-10-08T19:15:18.4034099Z ----------------------------------------------------------------------
2026-10-08T19:15:18.4034460Z Ran 11 tests in 0.067s
2026-10-08T19:15:18.4034554Z 
2026-10-08T19:15:18.4034643Z OK
2026-10-08T19:15:18.4396892Z {"exactLaterLayersReversed": 4, "v2086Inputs": 386, "missingUnchangedNativeInputs": [], "currentCheckoutUnmodified": true, "historicalGatesRunOnOwnSource": true, "baselineVersion": 2086, "baselineRuntimeRevision": 152}
2026-10-08T19:15:18.4777830Z {"exactNewLayerReversed": true, "verifiedPredecessorInputs": 403, "missingUnchangedNativeInputs": [], "currentCheckoutUnmodified": true, "baselineVersion": 2090, "baselineCommit": "9fe4931b6e37a1a7f7f78fd27835069e2b354aa7"}
2026-10-08T19:15:18.5271815Z {"exactNewLayerReversed": true, "verifiedPredecessorInputs": 405, "missingUnchangedNativeInputs": [], "currentCheckoutUnmodified": true, "baselineVersion": 2091, "baselineCommit": "d7295d1aec1ffb17a0076d4dc9a8a4122d467447"}
2026-10-08T19:15:18.5782275Z {"exactNewLayerReversed": true, "verifiedPredecessorInputs": 406, "missingUnchangedNativeInputs": [], "currentCheckoutUnmodified": true, "baselineVersion": 2092, "baselineCommit": "cffeff08ee38c7220922bdb36de81b621c935daf"}
2026-10-08T19:15:47.7176973Z .....
2026-10-08T19:15:47.7179634Z ----------------------------------------------------------------------
2026-10-08T19:15:47.7179993Z Ran 5 tests in 0.068s
2026-10-08T19:15:47.7180125Z 
2026-10-08T19:15:47.7180204Z OK
2026-10-08T19:15:47.7567206Z {"exactLaterLayersReversed": 4, "v2086Inputs": 386, "missingUnchangedNativeInputs": [], "currentCheckoutUnmodified": true, "historicalGatesRunOnOwnSource": true, "baselineVersion": 2086, "baselineRuntimeRevision": 152}
2026-10-08T19:15:47.7956637Z {"exactNewLayerReversed": true, "verifiedPredecessorInputs": 403, "missingUnchangedNativeInputs": [], "currentCheckoutUnmodified": true, "baselineVersion": 2090, "baselineCommit": "9fe4931b6e37a1a7f7f78fd27835069e2b354aa7"}
2026-10-08T19:15:47.8447264Z {"exactNewLayerReversed": true, "verifiedPredecessorInputs": 405, "missingUnchangedNativeInputs": [], "currentCheckoutUnmodified": true, "baselineVersion": 2091, "baselineCommit": "d7295d1aec1ffb17a0076d4dc9a8a4122d467447"}
2026-10-08T19:15:47.8942226Z {"exactNewLayerReversed": true, "verifiedPredecessorInputs": 406, "missingUnchangedNativeInputs": [], "currentCheckoutUnmodified": true, "baselineVersion": 2092, "baselineCommit": "cffeff08ee38c7220922bdb36de81b621c935daf"}
2026-10-08T19:16:16.8410993Z ....
2026-10-08T19:16:16.8411314Z ----------------------------------------------------------------------
2026-10-08T19:16:16.8411644Z Ran 4 tests in 0.002s
2026-10-08T19:16:16.8412016Z 
2026-10-08T19:16:16.8412072Z OK
2026-10-08T19:16:16.8784399Z {"exactLaterLayersReversed": 4, "v2086Inputs": 386, "missingUnchangedNativeInputs": [], "currentCheckoutUnmodified": true, "historicalGatesRunOnOwnSource": true, "baselineVersion": 2086, "baselineRuntimeRevision": 152}
2026-10-08T19:16:16.9174579Z {"exactNewLayerReversed": true, "verifiedPredecessorInputs": 403, "missingUnchangedNativeInputs": [], "currentCheckoutUnmodified": true, "baselineVersion": 2090, "baselineCommit": "9fe4931b6e37a1a7f7f78fd27835069e2b354aa7"}
2026-10-08T19:16:16.9683085Z {"exactNewLayerReversed": true, "verifiedPredecessorInputs": 405, "missingUnchangedNativeInputs": [], "currentCheckoutUnmodified": true, "baselineVersion": 2091, "baselineCommit": "d7295d1aec1ffb17a0076d4dc9a8a4122d467447"}
2026-10-08T19:16:17.0194454Z {"exactNewLayerReversed": true, "verifiedPredecessorInputs": 406, "missingUnchangedNativeInputs": [], "currentCheckoutUnmodified": true, "baselineVersion": 2092, "baselineCommit": "cffeff08ee38c7220922bdb36de81b621c935daf"}
2026-10-08T19:16:17.0815382Z test_canonical_embedded_ipv6_metadata_loads_without_changing_yaml (__main__.FakeIpPrivateRouting.test_canonical_embedded_ipv6_metadata_loads_without_changing_yaml) ... ok
2026-10-08T19:16:17.0920000Z test_custom_ipv4_fake_ip_survives_default_lan_bypass_in_real_tproxy_chain (__main__.FakeIpPrivateRouting.test_custom_ipv4_fake_ip_survives_default_lan_bypass_in_real_tproxy_chain) ... ok
2026-10-08T19:16:17.1236587Z test_explicit_cidr_uid_gid_interface_mac_returns_keep_priority (__main__.FakeIpPrivateRouting.test_explicit_cidr_uid_gid_interface_mac_returns_keep_priority) ... ok
2026-10-08T19:16:17.1410453Z test_ipv6_fake_ip_survives_default_ula_bypass_in_real_tproxy_chain (__main__.FakeIpPrivateRouting.test_ipv6_fake_ip_survives_default_ula_bypass_in_real_tproxy_chain) ... ok
2026-10-08T19:16:17.1515545Z test_legacy_config_without_metadata_retains_original_private_returns (__main__.FakeIpPrivateRouting.test_legacy_config_without_metadata_retains_original_private_returns) ... ok
2026-10-08T19:16:17.1716922Z test_legal_scalar_and_fake_body_metadata_cannot_override_terminal_block (__main__.FakeIpPrivateRouting.test_legal_scalar_and_fake_body_metadata_cannot_override_terminal_block) ... ok
2026-10-08T19:16:17.2207039Z test_literal_cidr_validation_never_resolves_or_executes_metadata (__main__.FakeIpPrivateRouting.test_literal_cidr_validation_never_resolves_or_executes_metadata) ... ok
2026-10-08T19:16:17.2629516Z test_malformed_duplicate_or_nonterminal_tail_fails_before_network_calls (__main__.FakeIpPrivateRouting.test_malformed_duplicate_or_nonterminal_tail_fails_before_network_calls) ... ok
2026-10-08T19:16:17.2697608Z test_old_session_without_projection_remains_compatible (__main__.FakeIpPrivateRouting.test_old_session_without_projection_remains_compatible) ... ok
2026-10-08T19:16:17.2883530Z test_real_start_passes_shared_mac_to_ipv6_dns_return_before_redirect (__main__.FakeIpPrivateRouting.test_real_start_passes_shared_mac_to_ipv6_dns_return_before_redirect) ... ok
2026-10-08T19:16:17.3074263Z test_real_start_rejects_bad_policy_before_cleanup_or_core_launch (__main__.FakeIpPrivateRouting.test_real_start_rejects_bad_policy_before_cleanup_or_core_launch) ... ok
2026-10-08T19:16:17.7654757Z test_saved_policy_roundtrip_uses_immutable_health_checksum (__main__.FakeIpPrivateRouting.test_saved_policy_roundtrip_uses_immutable_health_checksum) ... ok
2026-10-08T19:16:17.7874934Z test_strict_ipv4_keeps_default_ula_policy_and_explicit_bypasses (__main__.FakeIpPrivateRouting.test_strict_ipv4_keeps_default_ula_policy_and_explicit_bypasses) ... ok
2026-10-08T19:16:17.9570664Z test_tampered_session_or_baseline_cannot_supply_watchdog_policy (__main__.FakeIpPrivateRouting.test_tampered_session_or_baseline_cannot_supply_watchdog_policy) ... ok
2026-10-08T19:16:17.9945209Z test_tun_and_ebpf_do_not_install_transparent_mangle_or_redirect (__main__.FakeIpPrivateRouting.test_tun_and_ebpf_do_not_install_transparent_mangle_or_redirect) ... ok
2026-10-08T19:16:18.0545927Z test_udp_quic_and_kill_guards_do_not_return_fake_destinations (__main__.FakeIpPrivateRouting.test_udp_quic_and_kill_guards_do_not_return_fake_destinations) ... ok
2026-10-08T19:16:18.0546479Z 
2026-10-08T19:16:18.0547024Z ----------------------------------------------------------------------
2026-10-08T19:16:18.0547350Z Ran 16 tests in 0.994s
2026-10-08T19:16:18.0547472Z 
2026-10-08T19:16:18.0547550Z OK
2026-10-08T19:16:18.0644491Z ##[group]Run set -euo pipefail
2026-10-08T19:16:18.0644682Z [36;1mset -euo pipefail[0m
2026-10-08T19:16:18.0644936Z [36;1mpython3 .github/scripts/run_continuity93_baseline_hosts.py --gate test_stability90_evidence.py[0m
2026-10-08T19:16:18.0645309Z [36;1mpython3 .github/scripts/run_continuity93_baseline_hosts.py --gate test_continuity91_evidence.py[0m
2026-10-08T19:16:18.0645672Z [36;1mpython3 .github/scripts/run_continuity93_baseline_hosts.py --gate test_continuity92_evidence.py[0m
2026-10-08T19:16:18.0645965Z [36;1mpython3 .github/scripts/test_continuity93_evidence.py[0m
2026-10-08T19:16:18.0646436Z [36;1mgit show 610a523ea524dff521b5d01e7aa78c421399594a:android-app/app/src/main/java/io/github/xgl34222220/hetu/DnsTakeoverProbe.java > out/verification/main-DnsTakeoverProbe.java[0m
2026-10-08T19:16:18.0647184Z [36;1mpython3 tools/qa/test_dns_takeover_probe.py --before out/verification/main-DnsTakeoverProbe.java --output out/verification/dns-takeover-probe90.json 2>&1 | tee out/verification/dns-takeover-probe-tests.txt[0m
2026-10-08T19:16:18.0647794Z [36;1mpython3 -m unittest discover -s tools/qa -p test_mihomo_soak90.py -v 2>&1 | tee out/verification/native-soak-host-guards.txt[0m
2026-10-08T19:16:18.0699602Z shell: /usr/bin/bash -e {0}
2026-10-08T19:16:18.0699738Z env:
2026-10-08T19:16:18.0699891Z   HETU_TEST_KEYSTORE: /home/runner/.android/hetu-ui10-debug.jks
2026-10-08T19:16:18.0700085Z   HETU_EXPECTED_TESTS: 706
2026-10-08T19:16:18.0700221Z   HETU_EXPECTED_TEST_XML_FILES: 77
2026-10-08T19:16:18.0700367Z   HETU_EXPECTED_VERSION: 2093
2026-10-08T19:16:18.0700519Z   HETU_EXPECTED_VERSION_NAME: 0.12.20-v20-glass
2026-10-08T19:16:18.0700686Z ##[endgroup]
2026-10-08T19:16:45.5314718Z ........................
2026-10-08T19:16:45.5315179Z ----------------------------------------------------------------------
2026-10-08T19:16:45.5315525Z Ran 24 tests in 0.258s
2026-10-08T19:16:45.5315659Z 
2026-10-08T19:16:45.5315739Z OK
2026-10-08T19:16:45.5713598Z {"exactNewLayerReversed": true, "verifiedPredecessorInputs": 403, "missingUnchangedNativeInputs": [], "currentCheckoutUnmodified": true, "baselineVersion": 2090, "baselineCommit": "9fe4931b6e37a1a7f7f78fd27835069e2b354aa7"}
2026-10-08T19:16:45.6211326Z {"exactNewLayerReversed": true, "verifiedPredecessorInputs": 405, "missingUnchangedNativeInputs": [], "currentCheckoutUnmodified": true, "baselineVersion": 2091, "baselineCommit": "d7295d1aec1ffb17a0076d4dc9a8a4122d467447"}
2026-10-08T19:16:45.6721787Z {"exactNewLayerReversed": true, "verifiedPredecessorInputs": 406, "missingUnchangedNativeInputs": [], "currentCheckoutUnmodified": true, "baselineVersion": 2092, "baselineCommit": "cffeff08ee38c7220922bdb36de81b621c935daf"}
2026-10-08T19:17:16.1083985Z ...........
2026-10-08T19:17:16.1084407Z ----------------------------------------------------------------------
2026-10-08T19:17:16.1084733Z Ran 11 tests in 6.598s
2026-10-08T19:17:16.1084866Z 
2026-10-08T19:17:16.1084944Z OK
2026-10-08T19:17:16.1623040Z {"exactNewLayerReversed": true, "verifiedPredecessorInputs": 405, "missingUnchangedNativeInputs": [], "currentCheckoutUnmodified": true, "baselineVersion": 2091, "baselineCommit": "d7295d1aec1ffb17a0076d4dc9a8a4122d467447"}
2026-10-08T19:17:16.2115092Z {"exactNewLayerReversed": true, "verifiedPredecessorInputs": 406, "missingUnchangedNativeInputs": [], "currentCheckoutUnmodified": true, "baselineVersion": 2092, "baselineCommit": "cffeff08ee38c7220922bdb36de81b621c935daf"}
2026-10-08T19:17:53.0507935Z ............
2026-10-08T19:17:53.0508342Z ----------------------------------------------------------------------
2026-10-08T19:17:53.0508691Z Ran 12 tests in 19.398s
2026-10-08T19:17:53.0509248Z 
2026-10-08T19:17:53.0509324Z OK
2026-10-08T19:17:53.1031049Z {"exactNewLayerReversed": true, "verifiedPredecessorInputs": 406, "missingUnchangedNativeInputs": [], "currentCheckoutUnmodified": true, "baselineVersion": 2092, "baselineCommit": "cffeff08ee38c7220922bdb36de81b621c935daf"}
2026-10-08T19:19:32.5242552Z ........
2026-10-08T19:19:32.5243449Z ----------------------------------------------------------------------
2026-10-08T19:19:32.5243746Z Ran 8 tests in 99.375s
2026-10-08T19:19:32.5243879Z 
2026-10-08T19:19:32.5243939Z OK
2026-10-08T19:19:35.1177449Z {"after": {"checks": 45, "failures": 0, "resolverWorkersMax": 2, "fixtureDnsOnly": true, "sourceSha256": "3635d55a388db184cd1d08c805a57d2642544db2973f5d42776de1a61e34691c", "productionSourceCompiledVerbatim": true, "androidRootOrDeviceAccess": false}, "before": {"checks": 10, "inconclusiveCasesMisclassifiedAsDirect": 10, "externalDnsQueries": 0, "sourceSha256": "7b7541ffebe89952f17b851c3d7943010c58de030e83e519273fd39e87d345ef", "productionSourceCompiledVerbatim": true, "androidRootOrDeviceAccess": false}}
2026-10-08T19:19:35.1846586Z test_candidate_native_sha_mismatch_is_refused (test_mihomo_soak90.CandidateApkPayloadTests.test_candidate_native_sha_mismatch_is_refused) ... ok
2026-10-08T19:19:35.1902938Z test_exact_current_apk_argument_does_not_search_an_alternative (test_mihomo_soak90.CandidateApkPayloadTests.test_exact_current_apk_argument_does_not_search_an_alternative) ... ok
2026-10-08T19:19:35.1928043Z test_missing_or_duplicate_native_zip_member_is_refused (test_mihomo_soak90.CandidateApkPayloadTests.test_missing_or_duplicate_native_zip_member_is_refused) ... ok
2026-10-08T19:19:35.2026057Z test_present_ignored_source_must_match_actual_candidate_payload (test_mihomo_soak90.CandidateApkPayloadTests.test_present_ignored_source_must_match_actual_candidate_payload) ... ok
2026-10-08T19:19:35.2116475Z test_sha_matching_wrong_elf_architecture_or_host_linker_is_refused (test_mihomo_soak90.CandidateApkPayloadTests.test_sha_matching_wrong_elf_architecture_or_host_linker_is_refused) ... ok
2026-10-08T19:19:35.2157424Z test_unique_candidate_native_works_without_ignored_cross_job_source (test_mihomo_soak90.CandidateApkPayloadTests.test_unique_candidate_native_works_without_ignored_cross_job_source) ... ok
2026-10-08T19:19:35.2162178Z test_complete_contract_requires_both_actual_faults_and_recoveries (test_mihomo_soak90.EvaluationContractTests.test_complete_contract_requires_both_actual_faults_and_recoveries) ... ok
2026-10-08T19:19:35.2167652Z test_fault_that_succeeded_or_never_timed_out_cannot_pass (test_mihomo_soak90.EvaluationContractTests.test_fault_that_succeeded_or_never_timed_out_cannot_pass) ... ok
2026-10-08T19:19:35.2174639Z test_short_wall_time_normal_failure_and_missing_origin_are_refused (test_mihomo_soak90.EvaluationContractTests.test_short_wall_time_normal_failure_and_missing_origin_are_refused) ... ok
2026-10-08T19:19:35.2175546Z test_fixture_ports_and_configuration_cannot_select_public_upstream (test_mihomo_soak90.GuardTests.test_fixture_ports_and_configuration_cannot_select_public_upstream) ... ok
2026-10-08T19:19:35.2177571Z test_foreign_process_argv_is_refused_even_when_pid_exists (test_mihomo_soak90.GuardTests.test_foreign_process_argv_is_refused_even_when_pid_exists) ... ok
2026-10-08T19:19:35.2197636Z test_missing_live_owned_supervisor_refused_before_adb_mutation (test_mihomo_soak90.GuardTests.test_missing_live_owned_supervisor_refused_before_adb_mutation) ... ok
2026-10-08T19:19:35.2198794Z test_missing_process_and_same_identity_zombie_are_not_signaled (test_mihomo_soak90.GuardTests.test_missing_process_and_same_identity_zombie_are_not_signaled) ... ok
2026-10-08T19:19:35.3464314Z test_payload_is_the_pinned_android_native_manifest_payload (test_mihomo_soak90.GuardTests.test_payload_is_the_pinned_android_native_manifest_payload) ... ok
2026-10-08T19:19:35.3467892Z test_pid_start_ticks_reuse_is_not_absence (test_mihomo_soak90.GuardTests.test_pid_start_ticks_reuse_is_not_absence) ... ok
2026-10-08T19:19:35.3971993Z test_request_and_dns_header_bounds_refuse_oversized_input (test_mihomo_soak90.GuardTests.test_request_and_dns_header_bounds_refuse_oversized_input) ... ok
2026-10-08T19:19:35.3977449Z test_resource_observation_refuses_root_uid_or_descriptor_growth (test_mihomo_soak90.GuardTests.test_resource_observation_refuses_root_uid_or_descriptor_growth) ... ok
2026-10-08T19:19:35.3980293Z test_short_duration_cannot_mutate_guest_or_claim_soak_pass (test_mihomo_soak90.GuardTests.test_short_duration_cannot_mutate_guest_or_claim_soak_pass) ... ok
2026-10-08T19:19:35.6990394Z test_dropped_upstream_fails_then_recovers_without_changing_servers (test_mihomo_soak90.HostFixtureTests.test_dropped_upstream_fails_then_recovers_without_changing_servers) ... ok
2026-10-08T19:19:39.4040244Z test_original_request_timeout_and_late_response_do_not_pollute_next_payload (test_mihomo_soak90.HostFixtureTests.test_original_request_timeout_and_late_response_do_not_pollute_next_payload) ... ok
2026-10-08T19:19:39.7051115Z test_real_loopback_connect_and_dns_fixture_payloads (test_mihomo_soak90.HostFixtureTests.test_real_loopback_connect_and_dns_fixture_payloads) ... ok
2026-10-08T19:19:39.9056840Z test_uncontrolled_connect_destination_is_refused (test_mihomo_soak90.HostFixtureTests.test_uncontrolled_connect_destination_is_refused) ... ok
2026-10-08T19:19:40.1064268Z test_uncontrolled_dns_name_is_refused (test_mihomo_soak90.HostFixtureTests.test_uncontrolled_dns_name_is_refused) ... ok
2026-10-08T19:19:40.1191032Z test_already_private_700_stage_keeps_strict_final_700 (test_mihomo_soak90.NativeTransportAndPartialCleanupTests.test_already_private_700_stage_keeps_strict_final_700) ... ok
2026-10-08T19:19:40.1227214Z test_bad_stage_hash_is_recorded_and_never_copied (test_mihomo_soak90.NativeTransportAndPartialCleanupTests.test_bad_stage_hash_is_recorded_and_never_copied) ... ok
2026-10-08T19:19:40.1343406Z test_canonical_adb_777_stage_becomes_exact_700_using_actual_cp_umask (test_mihomo_soak90.NativeTransportAndPartialCleanupTests.test_canonical_adb_777_stage_becomes_exact_700_using_actual_cp_umask) ... ok
2026-10-08T19:19:40.1405788Z test_failed_setup_without_config_still_removes_only_owned_nonce (test_mihomo_soak90.NativeTransportAndPartialCleanupTests.test_failed_setup_without_config_still_removes_only_owned_nonce) ... ok
2026-10-08T19:19:40.1697871Z test_final_hash_mode_or_uid_mismatch_cannot_be_accepted (test_mihomo_soak90.NativeTransportAndPartialCleanupTests.test_final_hash_mode_or_uid_mismatch_cannot_be_accepted) ... ok
2026-10-08T19:19:40.1762214Z test_foreign_marker_parent_mode_uid_or_symlink_directory_is_never_removed (test_mihomo_soak90.NativeTransportAndPartialCleanupTests.test_foreign_marker_parent_mode_uid_or_symlink_directory_is_never_removed) ... ok
2026-10-08T19:19:40.1817898Z test_foreign_stage_uid_or_gid_is_recorded_and_never_copied (test_mihomo_soak90.NativeTransportAndPartialCleanupTests.test_foreign_stage_uid_or_gid_is_recorded_and_never_copied) ... ok
2026-10-08T19:19:40.1858272Z test_present_config_bytes_are_recorded_before_owned_removal (test_mihomo_soak90.NativeTransportAndPartialCleanupTests.test_present_config_bytes_are_recorded_before_owned_removal) ... ok
2026-10-08T19:19:40.1911549Z test_private_copy_failure_keeps_raw_stage_diagnostics_and_no_success_hash (test_mihomo_soak90.NativeTransportAndPartialCleanupTests.test_private_copy_failure_keeps_raw_stage_diagnostics_and_no_success_hash) ... ok
2026-10-08T19:19:40.2012281Z test_production_run_soak_records_transport_failure_and_complete_partial_cleanup (test_mihomo_soak90.NativeTransportAndPartialCleanupTests.test_production_run_soak_records_transport_failure_and_complete_partial_cleanup) ... ok
2026-10-08T19:19:40.2244671Z test_setid_and_every_other_transport_mode_are_refused (test_mihomo_soak90.NativeTransportAndPartialCleanupTests.test_setid_and_every_other_transport_mode_are_refused) ... ok
2026-10-08T19:19:40.2280644Z test_symlink_stage_is_not_hashed_copied_or_executed (test_mihomo_soak90.NativeTransportAndPartialCleanupTests.test_symlink_stage_is_not_hashed_copied_or_executed) ... ok
2026-10-08T19:19:40.2281585Z 
2026-10-08T19:19:40.2281806Z ----------------------------------------------------------------------
2026-10-08T19:19:40.2282135Z Ran 35 tests in 5.048s
2026-10-08T19:19:40.2282258Z 
2026-10-08T19:19:40.2282334Z OK
2026-10-08T19:19:40.2478532Z ##[group]Run set -euo pipefail
2026-10-08T19:19:40.2478727Z [36;1mset -euo pipefail[0m
2026-10-08T19:19:40.2479000Z [36;1mpython3 .github/scripts/test_native_scroll_bounds.py 2>&1 | tee out/verification/native-scroll-bounds-tests.txt[0m
2026-10-08T19:19:40.2530089Z shell: /usr/bin/bash -e {0}
2026-10-08T19:19:40.2530220Z env:
2026-10-08T19:19:40.2530368Z   HETU_TEST_KEYSTORE: /home/runner/.android/hetu-ui10-debug.jks
2026-10-08T19:19:40.2530556Z   HETU_EXPECTED_TESTS: 706
2026-10-08T19:19:40.2530689Z   HETU_EXPECTED_TEST_XML_FILES: 77
2026-10-08T19:19:40.2530830Z   HETU_EXPECTED_VERSION: 2093
2026-10-08T19:19:40.2530978Z   HETU_EXPECTED_VERSION_NAME: 0.12.20-v20-glass
2026-10-08T19:19:40.2531131Z ##[endgroup]
2026-10-08T19:19:40.3124375Z test_another_application_cannot_receive_the_swipe (__main__.NativeScrollBounds.test_another_application_cannot_receive_the_swipe) ... ok
2026-10-08T19:19:40.3126157Z test_invalid_empty_negative_and_disabled_viewports_are_rejected (__main__.NativeScrollBounds.test_invalid_empty_negative_and_disabled_viewports_are_rejected) ... ok
2026-10-08T19:19:40.3387629Z test_missing_target_on_a_fitted_page_fails_without_a_blind_swipe_or_tap (__main__.NativeScrollBounds.test_missing_target_on_a_fitted_page_fails_without_a_blind_swipe_or_tap) ... ok
2026-10-08T19:19:40.3390002Z test_observed_dock_clearance_keeps_the_physical_swipe_inside_the_viewport (__main__.NativeScrollBounds.test_observed_dock_clearance_keeps_the_physical_swipe_inside_the_viewport) ... ok
2026-10-08T19:19:40.3394384Z test_observed_settings_dock_clips_the_full_and_navigation_inset_viewports (__main__.NativeScrollBounds.test_observed_settings_dock_clips_the_full_and_navigation_inset_viewports) ... ok
2026-10-08T19:19:40.3395435Z test_reverse_swipe_stays_inside_an_offset_viewport (__main__.NativeScrollBounds.test_reverse_swipe_stays_inside_an_offset_viewport) ... ok
2026-10-08T19:19:40.3540437Z test_smoke_scrolls_about_above_the_actual_dock_before_physically_tapping (__main__.NativeScrollBounds.test_smoke_scrolls_about_above_the_actual_dock_before_physically_tapping) ... ok
2026-10-08T19:19:40.3541217Z test_target_edges_follow_the_actual_viewport_and_reverse_at_the_header (__main__.NativeScrollBounds.test_target_edges_follow_the_actual_viewport_and_reverse_at_the_header) ... ok
2026-10-08T19:19:40.3542977Z test_tools_clearance_and_child_pages_without_a_dock_keep_their_bounds (__main__.NativeScrollBounds.test_tools_clearance_and_child_pages_without_a_dock_keep_their_bounds) ... ok
2026-10-08T19:19:40.3552330Z test_two_independent_scrollviews_are_rejected (__main__.NativeScrollBounds.test_two_independent_scrollviews_are_rejected) ... ok
2026-10-08T19:19:40.3553117Z test_two_native_dock_groups_are_rejected (__main__.NativeScrollBounds.test_two_native_dock_groups_are_rejected) ... ok
2026-10-08T19:19:40.3695112Z test_unmoving_target_under_the_dock_exhausts_seven_attempts_without_tapping_home (__main__.NativeScrollBounds.test_unmoving_target_under_the_dock_exhausts_seven_attempts_without_tapping_home) ... ok
2026-10-08T19:19:40.3829644Z test_visible_target_on_a_fitted_page_receives_the_original_physical_tap (__main__.NativeScrollBounds.test_visible_target_on_a_fitted_page_receives_the_original_physical_tap) ... ok
2026-10-08T19:19:40.3830033Z 
2026-10-08T19:19:40.3830297Z ----------------------------------------------------------------------
2026-10-08T19:19:40.3830535Z Ran 13 tests in 0.071s
2026-10-08T19:19:40.3830621Z 
2026-10-08T19:19:40.3830673Z OK
2026-10-08T19:19:40.3962397Z ##[group]Run set -euo pipefail
2026-10-08T19:19:40.3962589Z [36;1mset -euo pipefail[0m
2026-10-08T19:19:40.3962872Z [36;1mpython3 .github/scripts/test_mock_webview_controller.py 2>&1 | tee out/verification/mock-controller-fixture-tests.txt[0m
2026-10-08T19:19:40.3963276Z [36;1mpython3 .github/scripts/test_panel_auth_smoke.py 2>&1 | tee out/verification/panel-auth-smoke-tests.txt[0m
2026-10-08T19:19:40.4014170Z shell: /usr/bin/bash -e {0}
2026-10-08T19:19:40.4014301Z env:
2026-10-08T19:19:40.4014447Z   HETU_TEST_KEYSTORE: /home/runner/.android/hetu-ui10-debug.jks
2026-10-08T19:19:40.4014631Z   HETU_EXPECTED_TESTS: 706
2026-10-08T19:19:40.4014762Z   HETU_EXPECTED_TEST_XML_FILES: 77
2026-10-08T19:19:40.4014899Z   HETU_EXPECTED_VERSION: 2093
2026-10-08T19:19:40.4015043Z   HETU_EXPECTED_VERSION_NAME: 0.12.20-v20-glass
2026-10-08T19:19:40.4015193Z ##[endgroup]
2026-10-08T19:19:42.4680144Z .....
2026-10-08T19:19:42.4680587Z ----------------------------------------------------------------------
2026-10-08T19:19:42.4680875Z Ran 5 tests in 2.011s
2026-10-08T19:19:42.4680961Z 
2026-10-08T19:19:42.4681008Z OK
2026-10-08T19:19:42.9850586Z ..............................
2026-10-08T19:19:42.9850994Z ----------------------------------------------------------------------
2026-10-08T19:19:42.9851313Z Ran 30 tests in 0.460s
2026-10-08T19:19:42.9851597Z 
2026-10-08T19:19:42.9851675Z OK
2026-10-08T19:19:42.9996178Z ##[group]Run set -euo pipefail
2026-10-08T19:19:42.9996459Z [36;1mset -euo pipefail[0m
2026-10-08T19:19:42.9996917Z [36;1mpython3 .github/scripts/test_native_webview_bounds.py 2>&1 | tee out/verification/native-webview-bounds-tests.txt[0m
2026-10-08T19:19:43.0065717Z shell: /usr/bin/bash -e {0}
2026-10-08T19:19:43.0065944Z env:
2026-10-08T19:19:43.0066194Z   HETU_TEST_KEYSTORE: /home/runner/.android/hetu-ui10-debug.jks
2026-10-08T19:19:43.0066523Z   HETU_EXPECTED_TESTS: 706
2026-10-08T19:19:43.0066751Z   HETU_EXPECTED_TEST_XML_FILES: 77
2026-10-08T19:19:43.0066979Z   HETU_EXPECTED_VERSION: 2093
2026-10-08T19:19:43.0067223Z   HETU_EXPECTED_VERSION_NAME: 0.12.20-v20-glass
2026-10-08T19:19:43.0067478Z ##[endgroup]
2026-10-08T19:19:43.0420241Z test_empty_surface_cannot_receive_a_tap (__main__.NativeWebViewBounds.test_empty_surface_cannot_receive_a_tap) ... ok
2026-10-08T19:19:43.0420878Z test_negative_bounds_are_not_silently_converted_to_positive (__main__.NativeWebViewBounds.test_negative_bounds_are_not_silently_converted_to_positive) ... ok
2026-10-08T19:19:43.0423056Z test_observed_nested_document_is_not_a_second_native_container (__main__.NativeWebViewBounds.test_observed_nested_document_is_not_a_second_native_container) ... ok
2026-10-08T19:19:43.0424294Z test_other_application_surface_cannot_be_selected (__main__.NativeWebViewBounds.test_other_application_surface_cannot_be_selected) ... ok
2026-10-08T19:19:43.0425363Z test_single_native_container_keeps_original_bounds (__main__.NativeWebViewBounds.test_single_native_container_keeps_original_bounds) ... ok
2026-10-08T19:19:43.0426418Z test_two_independent_containers_are_still_rejected (__main__.NativeWebViewBounds.test_two_independent_containers_are_still_rejected) ... ok
2026-10-08T19:19:43.0426960Z 
2026-10-08T19:19:43.0427289Z ----------------------------------------------------------------------
2026-10-08T19:19:43.0427619Z Ran 6 tests in 0.001s
2026-10-08T19:19:43.0427761Z 
2026-10-08T19:19:43.0427838Z OK
2026-10-08T19:19:43.0498895Z ##[group]Run node --check .github/scripts/check_hetu_webview.cjs
2026-10-08T19:19:43.0499310Z [36;1mnode --check .github/scripts/check_hetu_webview.cjs[0m
2026-10-08T19:19:43.0499641Z [36;1mnode .github/scripts/test_webui_concept.cjs[0m
2026-10-08T19:19:43.0549026Z shell: /usr/bin/bash -e {0}
2026-10-08T19:19:43.0549169Z env:
2026-10-08T19:19:43.0549321Z   HETU_TEST_KEYSTORE: /home/runner/.android/hetu-ui10-debug.jks
2026-10-08T19:19:43.0549516Z   HETU_EXPECTED_TESTS: 706
2026-10-08T19:19:43.0549651Z   HETU_EXPECTED_TEST_XML_FILES: 77
2026-10-08T19:19:43.0549792Z   HETU_EXPECTED_VERSION: 2093
2026-10-08T19:19:43.0549943Z   HETU_EXPECTED_VERSION_NAME: 0.12.20-v20-glass
2026-10-08T19:19:43.0550096Z ##[endgroup]
2026-10-08T19:19:43.0997098Z {
2026-10-08T19:19:43.0997348Z   "results": [
2026-10-08T19:19:43.0997493Z     {
2026-10-08T19:19:43.0997731Z       "name": "Overview generator renders four response-derived metrics and traffic",
2026-10-08T19:19:43.0998220Z       "result": "passed"
2026-10-08T19:19:43.0998346Z     },
2026-10-08T19:19:43.0998444Z     {
2026-10-08T19:19:43.0998628Z       "name": "Group names escape markup and use actual type/count/selection",
2026-10-08T19:19:43.0998835Z       "result": "passed"
2026-10-08T19:19:43.0998958Z     },
2026-10-08T19:19:43.0999069Z     {
2026-10-08T19:19:43.0999298Z       "name": "Dialog renderer escapes names, marks current radio, and cancellation sends no request",
2026-10-08T19:19:43.0999537Z       "result": "passed"
2026-10-08T19:19:43.0999651Z     },
2026-10-08T19:19:43.0999743Z     {
2026-10-08T19:19:43.0999961Z       "name": "Rejected PUT opens error notice and retains old selection; dismiss resets notice",
2026-10-08T19:19:43.1000190Z       "result": "passed"
2026-10-08T19:19:43.1000325Z     },
2026-10-08T19:19:43.1000431Z     {
2026-10-08T19:19:43.1000639Z       "name": "Successful authenticated PUT rereads controller and updates selected node",
2026-10-08T19:19:43.1000863Z       "result": "passed"
2026-10-08T19:19:43.1000979Z     },
2026-10-08T19:19:43.1001070Z     {
2026-10-08T19:19:43.1001232Z       "name": "Unconfirmed 204 cannot invent a successful selection",
2026-10-08T19:19:43.1001581Z       "result": "passed"
2026-10-08T19:19:43.1001702Z     },
2026-10-08T19:19:43.1001794Z     {
2026-10-08T19:19:43.1001941Z       "name": "Pending selection blocks repeated writes",
2026-10-08T19:19:43.1002109Z       "result": "passed"
2026-10-08T19:19:43.1002223Z     },
2026-10-08T19:19:43.1002318Z     {
2026-10-08T19:19:43.1002526Z       "name": "Connection generator preserves host/chain and separate directional counters",
2026-10-08T19:19:43.1002750Z       "result": "passed"
2026-10-08T19:19:43.1002866Z     },
2026-10-08T19:19:43.1002972Z     {
2026-10-08T19:19:43.1003209Z       "name": "Disconnected refresh and tab changes cannot fabricate zero metrics or stale connected state",
2026-10-08T19:19:43.1003460Z       "result": "passed"
2026-10-08T19:19:43.1003573Z     },
2026-10-08T19:19:43.1003692Z     {
2026-10-08T19:19:43.1003860Z       "name": "A successful retry restores real cached data",
2026-10-08T19:19:43.1004048Z       "result": "passed"
2026-10-08T19:19:43.1004173Z     },
2026-10-08T19:19:43.1004270Z     {
2026-10-08T19:19:43.1004493Z       "name": "Missing and invalid traffic remain unknown while actual zero stays zero",
2026-10-08T19:19:43.1004741Z       "result": "passed"
2026-10-08T19:19:43.1004909Z     },
2026-10-08T19:19:43.1005038Z     {
2026-10-08T19:19:43.1005292Z       "name": "Every API call retains bearer secret and only existing loopback relative endpoints are used",
2026-10-08T19:19:43.1005589Z       "result": "passed"
2026-10-08T19:19:43.1005706Z     },
2026-10-08T19:19:43.1005830Z     {
2026-10-08T19:19:43.1006020Z       "name": "Background polling is paused when the document is hidden",
2026-10-08T19:19:43.1006236Z       "result": "passed"
2026-10-08T19:19:43.1006351Z     }
2026-10-08T19:19:43.1006461Z   ],
2026-10-08T19:19:43.1006581Z   "passed": 13,
2026-10-08T19:19:43.1006700Z   "putCount": 3,
2026-10-08T19:19:43.1006985Z   "requestCount": 18,
2026-10-08T19:19:43.1007111Z   "fixtureOnly": true,
2026-10-08T19:19:43.1007347Z   "testKind": "Isolated Node VM with minimal DOM and intercepted API fixture",
2026-10-08T19:19:43.1007941Z   "limitations": "Logic/generator checks only. Chromium launch blocked by environment socket restriction; no rendered browser screenshots and no Android WebView/Mihomo device validation."
2026-10-08T19:19:43.1008380Z }
2026-10-08T19:19:43.1063543Z ##[group]Run set -euo pipefail
2026-10-08T19:19:43.1063736Z [36;1mset -euo pipefail[0m
2026-10-08T19:19:43.1064491Z [36;1mnpm install --prefix "$RUNNER_TEMP/hetu-browser-qa" --ignore-scripts --no-audit --no-fund playwright@1.62.1[0m
2026-10-08T19:19:43.1065690Z [36;1m"$RUNNER_TEMP/hetu-browser-qa/node_modules/.bin/playwright" install --with-deps chromium[0m
2026-10-08T19:19:43.1066045Z [36;1mNODE_PATH="$RUNNER_TEMP/hetu-browser-qa/node_modules" node .github/scripts/test_webui_browser.cjs[0m
2026-10-08T19:19:43.1117459Z shell: /usr/bin/bash -e {0}
2026-10-08T19:19:43.1117598Z env:
2026-10-08T19:19:43.1117751Z   HETU_TEST_KEYSTORE: /home/runner/.android/hetu-ui10-debug.jks
2026-10-08T19:19:43.1117943Z   HETU_EXPECTED_TESTS: 706
2026-10-08T19:19:43.1118080Z   HETU_EXPECTED_TEST_XML_FILES: 77
2026-10-08T19:19:43.1118225Z   HETU_EXPECTED_VERSION: 2093
2026-10-08T19:19:43.1118377Z   HETU_EXPECTED_VERSION_NAME: 0.12.20-v20-glass
2026-10-08T19:19:43.1118534Z ##[endgroup]
2026-10-08T19:19:45.0962888Z 
2026-10-08T19:19:45.0963391Z added 2 packages in 2s
2026-10-08T19:19:45.4206434Z Installing dependencies...
2026-10-08T19:19:45.4300082Z Switching to root user to install dependencies...
2026-10-08T19:19:45.4993718Z Get:1 file:/etc/apt/apt-mirrors.txt Mirrorlist [144 B]
2026-10-08T19:19:45.5498300Z Get:6 https://packages.microsoft.com/ubuntu/24.04/prod noble InRelease [3600 B]
2026-10-08T19:19:45.6377058Z Hit:2 http://azure.archive.ubuntu.com/ubuntu noble InRelease
2026-10-08T19:19:45.6383900Z Get:3 http://azure.archive.ubuntu.com/ubuntu noble-updates InRelease [126 kB]
2026-10-08T19:19:45.6403804Z Get:4 http://azure.archive.ubuntu.com/ubuntu noble-backports InRelease [126 kB]
2026-10-08T19:19:45.6415134Z Get:5 http://azure.archive.ubuntu.com/ubuntu noble-security InRelease [126 kB]
2026-10-08T19:19:45.6999170Z Get:7 https://packages.microsoft.com/ubuntu/24.04/prod noble/main all Packages [640 B]
2026-10-08T19:19:45.7196170Z Get:8 https://packages.microsoft.com/ubuntu/24.04/prod noble/main amd64 Packages [531 kB]
2026-10-08T19:19:45.7304561Z Get:9 https://packages.microsoft.com/ubuntu/24.04/prod noble/main arm64 Packages [474 kB]
2026-10-08T19:19:45.7393188Z Get:10 https://packages.microsoft.com/ubuntu/24.04/prod noble/main armhf Packages [12.3 kB]
2026-10-08T19:19:45.7872782Z Get:11 http://azure.archive.ubuntu.com/ubuntu noble-updates/main amd64 Packages [1375 kB]
2026-10-08T19:19:45.7942376Z Get:12 http://azure.archive.ubuntu.com/ubuntu noble-updates/main Translation-en [306 kB]
2026-10-08T19:19:45.7950836Z Get:13 http://azure.archive.ubuntu.com/ubuntu noble-updates/universe amd64 Packages [1702 kB]
2026-10-08T19:19:45.7999386Z Get:14 http://azure.archive.ubuntu.com/ubuntu noble-updates/universe Translation-en [342 kB]
2026-10-08T19:19:45.8015000Z Get:15 http://azure.archive.ubuntu.com/ubuntu noble-updates/restricted amd64 Packages [1761 kB]
2026-10-08T19:19:45.8116719Z Get:16 http://azure.archive.ubuntu.com/ubuntu noble-updates/restricted Translation-en [401 kB]
2026-10-08T19:19:45.8122401Z Get:17 http://azure.archive.ubuntu.com/ubuntu noble-updates/multiverse amd64 Packages [55.0 kB]
2026-10-08T19:19:45.8126030Z Get:18 http://azure.archive.ubuntu.com/ubuntu noble-updates/multiverse Translation-en [14.3 kB]
2026-10-08T19:19:45.8679435Z Get:19 http://azure.archive.ubuntu.com/ubuntu noble-security/main amd64 Packages [1115 kB]
2026-10-08T19:19:45.8720643Z Get:20 http://azure.archive.ubuntu.com/ubuntu noble-security/main Translation-en [227 kB]
2026-10-08T19:19:45.9170938Z Get:21 http://azure.archive.ubuntu.com/ubuntu noble-security/universe amd64 Packages [1218 kB]
2026-10-08T19:19:45.9214070Z Get:22 http://azure.archive.ubuntu.com/ubuntu noble-security/universe Translation-en [245 kB]
2026-10-08T19:19:45.9228127Z Get:23 http://azure.archive.ubuntu.com/ubuntu noble-security/restricted amd64 Packages [1632 kB]
2026-10-08T19:19:45.9283737Z Get:24 http://azure.archive.ubuntu.com/ubuntu noble-security/restricted Translation-en [376 kB]
2026-10-08T19:19:45.9299299Z Get:25 http://azure.archive.ubuntu.com/ubuntu noble-security/multiverse Translation-en [11.6 kB]
2026-10-08T19:19:50.7980303Z Fetched 12.2 MB in 1s (11.5 MB/s)
2026-10-08T19:19:51.2757728Z Reading package lists...
2026-10-08T19:19:51.2946817Z Reading package lists...
2026-10-08T19:19:51.4199144Z Building dependency tree...
2026-10-08T19:19:51.4204403Z Reading state information...
2026-10-08T19:19:51.5243076Z libasound2t64 is already the newest version (1.2.11-1ubuntu0.3).
2026-10-08T19:19:51.5243395Z libasound2t64 set to manually installed.
2026-10-08T19:19:51.5244108Z libatk-bridge2.0-0t64 is already the newest version (2.52.0-1build1).
2026-10-08T19:19:51.5244364Z libatk-bridge2.0-0t64 set to manually installed.
2026-10-08T19:19:51.5244672Z libatk1.0-0t64 is already the newest version (2.52.0-1build1).
2026-10-08T19:19:51.5244981Z libatk1.0-0t64 set to manually installed.
2026-10-08T19:19:51.5245213Z libatspi2.0-0t64 is already the newest version (2.52.0-1build1).
2026-10-08T19:19:51.5245435Z libatspi2.0-0t64 set to manually installed.
2026-10-08T19:19:51.5245666Z libcairo2 is already the newest version (1.18.0-3build1).
2026-10-08T19:19:51.5245874Z libcairo2 set to manually installed.
2026-10-08T19:19:51.5246096Z libcups2t64 is already the newest version (2.4.7-1.2ubuntu7.14).
2026-10-08T19:19:51.5246311Z libcups2t64 set to manually installed.
2026-10-08T19:19:51.5246532Z libdbus-1-3 is already the newest version (1.14.10-4ubuntu4.1).
2026-10-08T19:19:51.5246745Z libdbus-1-3 set to manually installed.
2026-10-08T19:19:51.5246971Z libdrm2 is already the newest version (2.4.125-1ubuntu0.1~24.04.2).
2026-10-08T19:19:51.5247192Z libdrm2 set to manually installed.
2026-10-08T19:19:51.5247409Z libgbm1 is already the newest version (25.2.8-0ubuntu0.24.04.4).
2026-10-08T19:19:51.5247618Z libgbm1 set to manually installed.
2026-10-08T19:19:51.5247836Z libglib2.0-0t64 is already the newest version (2.80.0-6ubuntu3.9).
2026-10-08T19:19:51.5248060Z libglib2.0-0t64 set to manually installed.
2026-10-08T19:19:51.5248290Z libnspr4 is already the newest version (2:4.35-1.1build1).
2026-10-08T19:19:51.5248494Z libnspr4 set to manually installed.
2026-10-08T19:19:51.5248701Z libnss3 is already the newest version (2:3.98-1ubuntu0.2).
2026-10-08T19:19:51.5248897Z libnss3 set to manually installed.
2026-10-08T19:19:51.5249116Z libpango-1.0-0 is already the newest version (1.52.1+ds-1build1).
2026-10-08T19:19:51.5249338Z libpango-1.0-0 set to manually installed.
2026-10-08T19:19:51.5249553Z libx11-6 is already the newest version (2:1.8.7-1build1).
2026-10-08T19:19:51.5249750Z libx11-6 set to manually installed.
2026-10-08T19:19:51.5249947Z libxcb1 is already the newest version (1.15-1ubuntu2).
2026-10-08T19:19:51.5250139Z libxcb1 set to manually installed.
2026-10-08T19:19:51.5250356Z libxcomposite1 is already the newest version (1:0.4.5-1build3).
2026-10-08T19:19:51.5250577Z libxcomposite1 set to manually installed.
2026-10-08T19:19:51.5250800Z libxdamage1 is already the newest version (1:1.1.6-1build1).
2026-10-08T19:19:51.5251011Z libxdamage1 set to manually installed.
2026-10-08T19:19:51.5251219Z libxext6 is already the newest version (2:1.3.4-1build2).
2026-10-08T19:19:51.5251608Z libxext6 set to manually installed.
2026-10-08T19:19:51.5251815Z libxfixes3 is already the newest version (1:6.0.0-2build1).
2026-10-08T19:19:51.5252021Z libxfixes3 set to manually installed.
2026-10-08T19:19:51.5252238Z libxkbcommon0 is already the newest version (1.6.0-1build1).
2026-10-08T19:19:51.5252450Z libxkbcommon0 set to manually installed.
2026-10-08T19:19:51.5252667Z libxrandr2 is already the newest version (2:1.5.2-2build1).
2026-10-08T19:19:51.5252876Z libxrandr2 set to manually installed.
2026-10-08T19:19:51.5253083Z xvfb is already the newest version (2:21.1.12-1ubuntu1.8).
2026-10-08T19:19:51.5253373Z fonts-noto-color-emoji is already the newest version (2.047-0ubuntu0.24.04.1).
2026-10-08T19:19:51.5253677Z libfontconfig1 is already the newest version (2.15.0-1.1ubuntu2).
2026-10-08T19:19:51.5253900Z libfontconfig1 set to manually installed.
2026-10-08T19:19:51.5254281Z fonts-liberation is already the newest version (1:2.1.5-3).
2026-10-08T19:19:51.5254499Z fonts-liberation set to manually installed.
2026-10-08T19:19:51.5254716Z The following additional packages will be installed:
2026-10-08T19:19:51.5254932Z   xfonts-encodings xfonts-utils
2026-10-08T19:19:51.5255089Z Recommended packages:
2026-10-08T19:19:51.5255245Z   fonts-ipafont-mincho fonts-tlwg-loma
2026-10-08T19:19:51.5383913Z The following NEW packages will be installed:
2026-10-08T19:19:51.5384215Z   fonts-freefont-ttf fonts-ipafont-gothic fonts-tlwg-loma-otf fonts-unifont
2026-10-08T19:19:51.5386428Z   fonts-wqy-zenhei xfonts-cyrillic xfonts-encodings xfonts-scalable
2026-10-08T19:19:51.5386923Z   xfonts-utils
2026-10-08T19:19:51.5388713Z The following packages will be upgraded:
2026-10-08T19:19:51.5391147Z   libfreetype6
2026-10-08T19:19:51.5516797Z 1 upgraded, 9 newly installed, 0 to remove and 22 not upgraded.
2026-10-08T19:19:51.5517098Z Need to get 21.5 MB of archives.
2026-10-08T19:19:51.5517351Z After this operation, 79.5 MB of additional disk space will be used.
2026-10-08T19:19:51.5517635Z Get:1 file:/etc/apt/apt-mirrors.txt Mirrorlist [144 B]
2026-10-08T19:19:51.6436231Z Get:2 http://azure.archive.ubuntu.com/ubuntu noble/universe amd64 fonts-ipafont-gothic all 00303-21ubuntu1 [3513 kB]
2026-10-08T19:19:51.7041867Z Get:3 http://azure.archive.ubuntu.com/ubuntu noble/main amd64 fonts-freefont-ttf all 20211204+svn4273-2 [5641 kB]
2026-10-08T19:19:51.7881583Z Get:4 http://azure.archive.ubuntu.com/ubuntu noble/universe amd64 fonts-tlwg-loma-otf all 1:0.7.3-1 [107 kB]
2026-10-08T19:19:51.8165818Z Get:5 http://azure.archive.ubuntu.com/ubuntu noble/universe amd64 fonts-unifont all 1:15.1.01-1build1 [2993 kB]
2026-10-08T19:19:51.8729506Z Get:6 http://azure.archive.ubuntu.com/ubuntu noble/universe amd64 fonts-wqy-zenhei all 0.9.45-8 [7472 kB]
2026-10-08T19:19:51.9641990Z Get:7 http://azure.archive.ubuntu.com/ubuntu noble-updates/main amd64 libfreetype6 amd64 2.13.2+dfsg-1ubuntu0.2 [403 kB]
2026-10-08T19:19:51.9934260Z Get:8 http://azure.archive.ubuntu.com/ubuntu noble/main amd64 xfonts-encodings all 1:1.0.5-0ubuntu2 [578 kB]
2026-10-08T19:19:52.0267347Z Get:9 http://azure.archive.ubuntu.com/ubuntu noble/main amd64 xfonts-utils amd64 1:7.7+6build3 [94.4 kB]
2026-10-08T19:19:52.0581364Z Get:10 http://azure.archive.ubuntu.com/ubuntu noble/universe amd64 xfonts-cyrillic all 1:1.0.5+nmu1 [384 kB]
2026-10-08T19:19:52.0935377Z Get:11 http://azure.archive.ubuntu.com/ubuntu noble/main amd64 xfonts-scalable all 1:1.0.3-1.3 [304 kB]
2026-10-08T19:19:52.2598979Z Fetched 21.5 MB in 1s (38.9 MB/s)
2026-10-08T19:19:52.2751079Z Selecting previously unselected package fonts-ipafont-gothic.
2026-10-08T19:19:52.2972803Z (Reading database ... 
2026-10-08T19:19:52.2973178Z (Reading database ... 5%
2026-10-08T19:19:52.2973549Z (Reading database ... 10%
2026-10-08T19:19:52.2973778Z (Reading database ... 15%
2026-10-08T19:19:52.2973979Z (Reading database ... 20%
2026-10-08T19:19:52.2974182Z (Reading database ... 25%
2026-10-08T19:19:52.2974387Z (Reading database ... 30%
2026-10-08T19:19:52.2974512Z (Reading database ... 35%
2026-10-08T19:19:52.2974636Z (Reading database ... 40%
2026-10-08T19:19:52.2974759Z (Reading database ... 45%
2026-10-08T19:19:52.2974880Z (Reading database ... 50%
2026-10-08T19:19:52.3005519Z (Reading database ... 55%
2026-10-08T19:19:52.4176938Z (Reading database ... 60%
2026-10-08T19:19:52.6242785Z (Reading database ... 65%
2026-10-08T19:19:52.8152483Z (Reading database ... 70%
2026-10-08T19:19:53.0180825Z (Reading database ... 75%
2026-10-08T19:19:53.1613415Z (Reading database ... 80%
2026-10-08T19:19:53.3694446Z (Reading database ... 85%
2026-10-08T19:19:53.5778943Z (Reading database ... 90%
2026-10-08T19:19:53.7637600Z (Reading database ... 95%
2026-10-08T19:19:53.7637846Z (Reading database ... 100%
2026-10-08T19:19:53.7638179Z (Reading database ... 203191 files and directories currently installed.)
2026-10-08T19:19:53.7670376Z Preparing to unpack .../0-fonts-ipafont-gothic_00303-21ubuntu1_all.deb ...
2026-10-08T19:19:53.7739198Z Unpacking fonts-ipafont-gothic (00303-21ubuntu1) ...
2026-10-08T19:19:53.9654844Z Selecting previously unselected package fonts-freefont-ttf.
2026-10-08T19:19:53.9749129Z Preparing to unpack .../1-fonts-freefont-ttf_20211204+svn4273-2_all.deb ...
2026-10-08T19:19:53.9754298Z Unpacking fonts-freefont-ttf (20211204+svn4273-2) ...
2026-10-08T19:19:54.0396564Z Selecting previously unselected package fonts-tlwg-loma-otf.
2026-10-08T19:19:54.0489483Z Preparing to unpack .../2-fonts-tlwg-loma-otf_1%3a0.7.3-1_all.deb ...
2026-10-08T19:19:54.0494430Z Unpacking fonts-tlwg-loma-otf (1:0.7.3-1) ...
2026-10-08T19:19:54.0646858Z Selecting previously unselected package fonts-unifont.
2026-10-08T19:19:54.0738795Z Preparing to unpack .../3-fonts-unifont_1%3a15.1.01-1build1_all.deb ...
2026-10-08T19:19:54.0743426Z Unpacking fonts-unifont (1:15.1.01-1build1) ...
2026-10-08T19:19:54.2061330Z Selecting previously unselected package fonts-wqy-zenhei.
2026-10-08T19:19:54.2155207Z Preparing to unpack .../4-fonts-wqy-zenhei_0.9.45-8_all.deb ...
2026-10-08T19:19:54.2227497Z Unpacking fonts-wqy-zenhei (0.9.45-8) ...
2026-10-08T19:19:54.6142265Z Preparing to unpack .../5-libfreetype6_2.13.2+dfsg-1ubuntu0.2_amd64.deb ...
2026-10-08T19:19:54.6163990Z Unpacking libfreetype6:amd64 (2.13.2+dfsg-1ubuntu0.2) over (2.13.2+dfsg-1ubuntu0.1) ...
2026-10-08T19:19:54.6346957Z Selecting previously unselected package xfonts-encodings.
2026-10-08T19:19:54.6438394Z Preparing to unpack .../6-xfonts-encodings_1%3a1.0.5-0ubuntu2_all.deb ...
2026-10-08T19:19:54.6443215Z Unpacking xfonts-encodings (1:1.0.5-0ubuntu2) ...
2026-10-08T19:19:54.6636359Z Selecting previously unselected package xfonts-utils.
2026-10-08T19:19:54.6725974Z Preparing to unpack .../7-xfonts-utils_1%3a7.7+6build3_amd64.deb ...
2026-10-08T19:19:54.6730743Z Unpacking xfonts-utils (1:7.7+6build3) ...
2026-10-08T19:19:54.7634528Z Selecting previously unselected package xfonts-cyrillic.
2026-10-08T19:19:54.7723163Z Preparing to unpack .../8-xfonts-cyrillic_1%3a1.0.5+nmu1_all.deb ...
2026-10-08T19:19:54.7728246Z Unpacking xfonts-cyrillic (1:1.0.5+nmu1) ...
2026-10-08T19:19:54.7955306Z Selecting previously unselected package xfonts-scalable.
2026-10-08T19:19:54.8044454Z Preparing to unpack .../9-xfonts-scalable_1%3a1.0.3-1.3_all.deb ...
2026-10-08T19:19:54.8049753Z Unpacking xfonts-scalable (1:1.0.3-1.3) ...
2026-10-08T19:19:54.8363312Z Setting up fonts-wqy-zenhei (0.9.45-8) ...
2026-10-08T19:19:54.8445697Z Setting up fonts-freefont-ttf (20211204+svn4273-2) ...
2026-10-08T19:19:54.8458883Z Setting up fonts-tlwg-loma-otf (1:0.7.3-1) ...
2026-10-08T19:19:54.8471932Z Setting up libfreetype6:amd64 (2.13.2+dfsg-1ubuntu0.2) ...
2026-10-08T19:19:54.8484322Z Setting up xfonts-encodings (1:1.0.5-0ubuntu2) ...
2026-10-08T19:19:54.8497223Z Setting up fonts-ipafont-gothic (00303-21ubuntu1) ...
2026-10-08T19:19:54.8542787Z update-alternatives: using /usr/share/fonts/opentype/ipafont-gothic/ipag.ttf to provide /usr/share/fonts/truetype/fonts-japanese-gothic.ttf (fonts-japanese-gothic.ttf) in auto mode
2026-10-08T19:19:54.8554152Z Setting up fonts-unifont (1:15.1.01-1build1) ...
2026-10-08T19:19:54.8567286Z Setting up xfonts-utils (1:7.7+6build3) ...
2026-10-08T19:19:54.8595928Z Setting up xfonts-cyrillic (1:1.0.5+nmu1) ...
2026-10-08T19:19:54.8879272Z Setting up xfonts-scalable (1:1.0.3-1.3) ...
2026-10-08T19:19:54.9068595Z Processing triggers for libc-bin (2.39-0ubuntu8.9) ...
2026-10-08T19:19:57.9484977Z Processing triggers for man-db (2.12.0-4build2) ...
2026-10-08T19:19:57.9502842Z Not building database; man-db/auto-update is not 'true'.
2026-10-08T19:19:57.9511017Z Processing triggers for fontconfig (2.15.0-1.1ubuntu2) ...
2026-10-08T19:19:58.5474140Z 
2026-10-08T19:19:58.5474631Z Running kernel seems to be up-to-date.
2026-10-08T19:19:58.5474801Z 
2026-10-08T19:19:58.5474866Z Restarting services...
2026-10-08T19:19:58.5527939Z  systemctl restart php8.3-fpm.service
2026-10-08T19:19:58.6338999Z 
2026-10-08T19:19:58.6342453Z No containers need to be restarted.
2026-10-08T19:19:58.6342704Z 
2026-10-08T19:19:58.6343136Z No user sessions are running outdated binaries.
2026-10-08T19:19:58.6343323Z 
2026-10-08T19:19:58.6343573Z No VM guests are running outdated hypervisor (qemu) binaries on this host.
2026-10-08T19:19:59.2113996Z Downloading Chrome for Testing 151.0.7922.34 (playwright chromium v1234) from https://cdn.playwright.dev/builds/cft/151.0.7922.34/linux64/chrome-linux64.zip
2026-10-08T19:20:00.1688211Z |                                                                                |   0% of 184.3 MiB
2026-10-08T19:20:00.5568223Z |■■■■■■■■                                                                        |  10% of 184.3 MiB
2026-10-08T19:20:00.6656385Z |■■■■■■■■■■■■■■■■                                                                |  20% of 184.3 MiB
2026-10-08T19:20:00.8765174Z |■■■■■■■■■■■■■■■■■■■■■■■■                                                        |  30% of 184.3 MiB
2026-10-08T19:20:00.9634401Z |■■■■■■■■■■■■■■■■■■■■■■■■■■■■■■■■                                                |  40% of 184.3 MiB
2026-10-08T19:20:01.0746337Z |■■■■■■■■■■■■■■■■■■■■■■■■■■■■■■■■■■■■■■■■                                        |  50% of 184.3 MiB
2026-10-08T19:20:01.1746588Z |■■■■■■■■■■■■■■■■■■■■■■■■■■■■■■■■■■■■■■■■■■■■■■■■                                |  60% of 184.3 MiB
2026-10-08T19:20:01.2461912Z |■■■■■■■■■■■■■■■■■■■■■■■■■■■■■■■■■■■■■■■■■■■■■■■■■■■■■■■■                        |  70% of 184.3 MiB
2026-10-08T19:20:01.3325053Z |■■■■■■■■■■■■■■■■■■■■■■■■■■■■■■■■■■■■■■■■■■■■■■■■■■■■■■■■■■■■■■■■                |  80% of 184.3 MiB
2026-10-08T19:20:01.3959776Z |■■■■■■■■■■■■■■■■■■■■■■■■■■■■■■■■■■■■■■■■■■■■■■■■■■■■■■■■■■■■■■■■■■■■■■■■        |  90% of 184.3 MiB
2026-10-08T19:20:01.4873219Z |■■■■■■■■■■■■■■■■■■■■■■■■■■■■■■■■■■■■■■■■■■■■■■■■■■■■■■■■■■■■■■■■■■■■■■■■■■■■■■■■| 100% of 184.3 MiB
2026-10-08T19:20:03.4837272Z Chrome for Testing 151.0.7922.34 (playwright chromium v1234) downloaded to /home/runner/.cache/ms-playwright/chromium-1234
2026-10-08T19:20:03.4839569Z Downloading FFmpeg (playwright ffmpeg v1011) from https://cdn.playwright.dev/dbazure/download/playwright/builds/ffmpeg/1011/ffmpeg-linux.zip
2026-10-08T19:20:04.3498085Z |                                                                                |   0% of 2.3 MiB
2026-10-08T19:20:04.3820928Z |■■■■■■■■                                                                        |  10% of 2.3 MiB
2026-10-08T19:20:04.3963108Z |■■■■■■■■■■■■■■■■                                                                |  20% of 2.3 MiB
2026-10-08T19:20:04.4046024Z |■■■■■■■■■■■■■■■■■■■■■■■■                                                        |  30% of 2.3 MiB
2026-10-08T19:20:04.4149918Z |■■■■■■■■■■■■■■■■■■■■■■■■■■■■■■■■                                                |  40% of 2.3 MiB
2026-10-08T19:20:04.4185706Z |■■■■■■■■■■■■■■■■■■■■■■■■■■■■■■■■■■■■■■■■                                        |  50% of 2.3 MiB
2026-10-08T19:20:04.4262483Z |■■■■■■■■■■■■■■■■■■■■■■■■■■■■■■■■■■■■■■■■■■■■■■■■                                |  60% of 2.3 MiB
2026-10-08T19:20:04.4274119Z |■■■■■■■■■■■■■■■■■■■■■■■■■■■■■■■■■■■■■■■■■■■■■■■■■■■■■■■■                        |  70% of 2.3 MiB
2026-10-08T19:20:04.4312206Z |■■■■■■■■■■■■■■■■■■■■■■■■■■■■■■■■■■■■■■■■■■■■■■■■■■■■■■■■■■■■■■■■                |  80% of 2.3 MiB
2026-10-08T19:20:04.4380831Z |■■■■■■■■■■■■■■■■■■■■■■■■■■■■■■■■■■■■■■■■■■■■■■■■■■■■■■■■■■■■■■■■■■■■■■■■        |  90% of 2.3 MiB
2026-10-08T19:20:04.4389313Z |■■■■■■■■■■■■■■■■■■■■■■■■■■■■■■■■■■■■■■■■■■■■■■■■■■■■■■■■■■■■■■■■■■■■■■■■■■■■■■■■| 100% of 2.3 MiB
2026-10-08T19:20:04.4774146Z FFmpeg (playwright ffmpeg v1011) downloaded to /home/runner/.cache/ms-playwright/ffmpeg-1011
2026-10-08T19:20:04.4775961Z Downloading Chrome Headless Shell 151.0.7922.34 (playwright chromium-headless-shell v1234) from https://cdn.playwright.dev/builds/cft/151.0.7922.34/linux64/chrome-headless-shell-linux64.zip
2026-10-08T19:20:05.3988149Z |                                                                                |   0% of 114.7 MiB
2026-10-08T19:20:05.7263471Z |■■■■■■■■                                                                        |  10% of 114.7 MiB
2026-10-08T19:20:05.7866929Z |■■■■■■■■■■■■■■■■                                                                |  20% of 114.7 MiB
2026-10-08T19:20:05.8196539Z |■■■■■■■■■■■■■■■■■■■■■■■■                                                        |  30% of 114.7 MiB
2026-10-08T19:20:05.8580832Z |■■■■■■■■■■■■■■■■■■■■■■■■■■■■■■■■                                                |  40% of 114.7 MiB
2026-10-08T19:20:05.9045076Z |■■■■■■■■■■■■■■■■■■■■■■■■■■■■■■■■■■■■■■■■                                        |  50% of 114.7 MiB
2026-10-08T19:20:05.9349986Z |■■■■■■■■■■■■■■■■■■■■■■■■■■■■■■■■■■■■■■■■■■■■■■■■                                |  60% of 114.7 MiB
2026-10-08T19:20:05.9746960Z |■■■■■■■■■■■■■■■■■■■■■■■■■■■■■■■■■■■■■■■■■■■■■■■■■■■■■■■■                        |  70% of 114.7 MiB
2026-10-08T19:20:06.0208170Z |■■■■■■■■■■■■■■■■■■■■■■■■■■■■■■■■■■■■■■■■■■■■■■■■■■■■■■■■■■■■■■■■                |  80% of 114.7 MiB
2026-10-08T19:20:06.0666964Z |■■■■■■■■■■■■■■■■■■■■■■■■■■■■■■■■■■■■■■■■■■■■■■■■■■■■■■■■■■■■■■■■■■■■■■■■        |  90% of 114.7 MiB
2026-10-08T19:20:06.0955675Z |■■■■■■■■■■■■■■■■■■■■■■■■■■■■■■■■■■■■■■■■■■■■■■■■■■■■■■■■■■■■■■■■■■■■■■■■■■■■■■■■| 100% of 114.7 MiB
2026-10-08T19:20:07.5404451Z Chrome Headless Shell 151.0.7922.34 (playwright chromium-headless-shell v1234) downloaded to /home/runner/.cache/ms-playwright/chromium_headless_shell-1234
2026-10-08T19:20:10.0170663Z {
2026-10-08T19:20:10.0170913Z   "results": [
2026-10-08T19:20:10.0171124Z     {
2026-10-08T19:20:10.0171523Z       "name": "Overview displays four actual-response metrics and formatted counters",
2026-10-08T19:20:10.0171808Z       "result": "passed"
2026-10-08T19:20:10.0171931Z     },
2026-10-08T19:20:10.0172026Z     {
2026-10-08T19:20:10.0172223Z       "name": "Groups and labels are escaped and retain actual count/type/current node",
2026-10-08T19:20:10.0172439Z       "result": "passed"
2026-10-08T19:20:10.0172553Z     },
2026-10-08T19:20:10.0172646Z     {
2026-10-08T19:20:10.0172970Z       "name": "Cancel dismisses node dialog without mutation",
2026-10-08T19:20:10.0173143Z       "result": "passed"
2026-10-08T19:20:10.0173253Z     },
2026-10-08T19:20:10.0173342Z     {
2026-10-08T19:20:10.0173518Z       "name": "Rejected PUT shows the 503 notice and retains previous selection",
2026-10-08T19:20:10.0173713Z       "result": "passed"
2026-10-08T19:20:10.0173827Z     },
2026-10-08T19:20:10.0173916Z     {
2026-10-08T19:20:10.0174145Z       "name": "Successful authenticated PUT is followed by controller reread before current-node update",
2026-10-08T19:20:10.0174511Z       "result": "passed"
2026-10-08T19:20:10.0174621Z     },
2026-10-08T19:20:10.0174709Z     {
2026-10-08T19:20:10.0174889Z       "name": "Unconfirmed 204 response cannot falsely change the selected node",
2026-10-08T19:20:10.0175084Z       "result": "passed"
2026-10-08T19:20:10.0175192Z     },
2026-10-08T19:20:10.0175281Z     {
2026-10-08T19:20:10.0175588Z       "name": "Connections show host, chain, separate upload and download from response",
2026-10-08T19:20:10.0175924Z       "result": "passed"
2026-10-08T19:20:10.0176097Z     },
2026-10-08T19:20:10.0176239Z     {
2026-10-08T19:20:10.0176634Z       "name": "Failed controller refresh and tab switch cannot display fake zero metrics or stale connected status",
2026-10-08T19:20:10.0177038Z       "result": "passed"
2026-10-08T19:20:10.0177213Z     },
2026-10-08T19:20:10.0177355Z     {
2026-10-08T19:20:10.0177629Z       "name": "Retry restores connected metrics from successful response",
2026-10-08T19:20:10.0177924Z       "result": "passed"
2026-10-08T19:20:10.0178101Z     },
2026-10-08T19:20:10.0178242Z     {
2026-10-08T19:20:10.0178558Z       "name": "No JavaScript errors and bearer authentication retained on every API request",
2026-10-08T19:20:10.0178904Z       "result": "passed"
2026-10-08T19:20:10.0179087Z     },
2026-10-08T19:20:10.0179231Z     {
2026-10-08T19:20:10.0179501Z       "name": "Built-in dashboard script has no external request endpoint",
2026-10-08T19:20:10.0179803Z       "result": "passed"
2026-10-08T19:20:10.0179990Z     },
2026-10-08T19:20:10.0180197Z     {
2026-10-08T19:20:10.0180605Z       "name": "Five reference-shaped browser content states rendered from explicit isolated fixtures",
2026-10-08T19:20:10.0180980Z       "result": "passed"
2026-10-08T19:20:10.0181152Z     }
2026-10-08T19:20:10.0181287Z   ],
2026-10-08T19:20:10.0181588Z   "passed": 12,
2026-10-08T19:20:10.0181762Z   "putCount": 4,
2026-10-08T19:20:10.0181936Z   "requestCount": 23,
2026-10-08T19:20:10.0182119Z   "browser": "Chromium",
2026-10-08T19:20:10.0182420Z   "viewport": "393 x 789 CSS pixels; HTML content only, no OS bars",
2026-10-08T19:20:10.0188311Z   "fixtureOnly": true,
2026-10-08T19:20:10.0188526Z   "referenceImages": [
2026-10-08T19:20:10.0188752Z     "reference-03B-040-overview.png",
2026-10-08T19:20:10.0189013Z     "reference-03B-041-groups.png",
2026-10-08T19:20:10.0189255Z     "reference-03B-042-connections.png",
2026-10-08T19:20:10.0189568Z     "reference-03B-043-node-dialog.png",
2026-10-08T19:20:10.0189850Z     "reference-03B-044-switch-failure.png"
2026-10-08T19:20:10.0190063Z   ],
2026-10-08T19:20:10.0190647Z   "limitations": "Controlled browser/API fixtures, not Android WebView or a running Mihomo core; populated counts/names are test data, not exact reference data."
2026-10-08T19:20:10.0191253Z }
2026-10-08T19:20:10.0554480Z ##[group]Run actions/setup-java@v4
2026-10-08T19:20:10.0554628Z with:
2026-10-08T19:20:10.0554734Z   distribution: temurin
2026-10-08T19:20:10.0554849Z   java-version: 21
2026-10-08T19:20:10.0554957Z   java-package: jdk
2026-10-08T19:20:10.0555080Z   check-latest: false
2026-10-08T19:20:10.0555188Z   server-id: github
2026-10-08T19:20:10.0555299Z   server-username: GITHUB_ACTOR
2026-10-08T19:20:10.0555432Z   server-password: GITHUB_TOKEN
2026-10-08T19:20:10.0555567Z   overwrite-settings: true
2026-10-08T19:20:10.0555688Z   job-status: success
2026-10-08T19:20:10.0556953Z   token: ***
2026-10-08T19:20:10.0557052Z env:
2026-10-08T19:20:10.0557189Z   HETU_TEST_KEYSTORE: /home/runner/.android/hetu-ui10-debug.jks
2026-10-08T19:20:10.0557373Z   HETU_EXPECTED_TESTS: 706
2026-10-08T19:20:10.0557501Z   HETU_EXPECTED_TEST_XML_FILES: 77
2026-10-08T19:20:10.0557637Z   HETU_EXPECTED_VERSION: 2093
2026-10-08T19:20:10.0557777Z   HETU_EXPECTED_VERSION_NAME: 0.12.20-v20-glass
2026-10-08T19:20:10.0557941Z ##[endgroup]
2026-10-08T19:20:10.1569239Z ##[warning]setup-java v4 is deprecated and will no longer receive updates. Please migrate to actions/setup-java@v5.
2026-10-08T19:20:10.1574446Z ##[group]Installed distributions
2026-10-08T19:20:10.1854586Z Resolved Java 21.0.12+1 from tool-cache
2026-10-08T19:20:10.1854891Z Setting Java 21.0.12+1 as the default
2026-10-08T19:20:10.1860625Z (node:233866) [DEP0040] DeprecationWarning: The `punycode` module is deprecated. Please use a userland alternative instead.
2026-10-08T19:20:10.1861169Z (Use `node --trace-deprecation ...` to show where the warning was created)
2026-10-08T19:20:10.1862695Z Creating toolchains.xml for JDK version 21 from temurin
2026-10-08T19:20:10.1919756Z Writing to /home/runner/.m2/toolchains.xml
2026-10-08T19:20:10.1920023Z 
2026-10-08T19:20:10.1920121Z Java configuration:
2026-10-08T19:20:10.1920331Z   Distribution: temurin
2026-10-08T19:20:10.1920529Z   Version: 21.0.12+1
2026-10-08T19:20:10.1920866Z   Path: /opt/hostedtoolcache/Java_Temurin-Hotspot_jdk/21.0.12-1/x64
2026-10-08T19:20:10.1921104Z 
2026-10-08T19:20:10.1921342Z ##[endgroup]
2026-10-08T19:20:10.1923733Z Creating settings.xml with server-id: github
2026-10-08T19:20:10.1939430Z Writing to /home/runner/.m2/settings.xml
2026-10-08T19:20:10.2058929Z ##[group]Run set -euo pipefail
2026-10-08T19:20:10.2059195Z [36;1mset -euo pipefail[0m
2026-10-08T19:20:10.2059769Z [36;1mpython3 tools/qa/test_app_recovery93.py --output out/verification/app-recovery93-host.json 2>&1 | tee out/verification/app-recovery93-host.log[0m
2026-10-08T19:20:10.2125920Z shell: /usr/bin/bash -e {0}
2026-10-08T19:20:10.2126349Z env:
2026-10-08T19:20:10.2126824Z   HETU_TEST_KEYSTORE: /home/runner/.android/hetu-ui10-debug.jks
2026-10-08T19:20:10.2127447Z   HETU_EXPECTED_TESTS: 706
2026-10-08T19:20:10.2127833Z   HETU_EXPECTED_TEST_XML_FILES: 77
2026-10-08T19:20:10.2128131Z   HETU_EXPECTED_VERSION: 2093
2026-10-08T19:20:10.2128413Z   HETU_EXPECTED_VERSION_NAME: 0.12.20-v20-glass
2026-10-08T19:20:10.2128866Z   JAVA_HOME: /opt/hostedtoolcache/Java_Temurin-Hotspot_jdk/21.0.12-1/x64
2026-10-08T19:20:10.2129338Z   JAVA_HOME_21_X64: /opt/hostedtoolcache/Java_Temurin-Hotspot_jdk/21.0.12-1/x64
2026-10-08T19:20:10.2129553Z ##[endgroup]
2026-10-08T19:20:15.7446103Z baseline cff
2026-10-08T19:20:15.7446736Z supplier-stop FAIL AssertionError:stop revived wanted
2026-10-08T19:20:15.7447218Z late-network FAIL AssertionError:old network accepted
2026-10-08T19:20:15.7447761Z adoption-data-plane FAIL AssertionError:PID-only adoption
2026-10-08T19:20:15.7448381Z cleanup-failure FAIL AssertionError:false cleanup reported success
2026-10-08T19:20:15.7448922Z queued-manual FAIL AssertionError:queued manual resurrected intent
2026-10-08T19:20:15.7449369Z healthy-existing PASS
2026-10-08T19:20:15.7449557Z 
2026-10-08T19:20:18.4447604Z current reconstruction
2026-10-08T19:20:18.4447960Z supplier-stop PASS
2026-10-08T19:20:18.4448169Z late-network PASS
2026-10-08T19:20:18.4448366Z adoption-data-plane PASS
2026-10-08T19:20:18.4448576Z cleanup-failure PASS
2026-10-08T19:20:18.4448767Z queued-manual PASS
2026-10-08T19:20:18.4448955Z healthy-existing PASS
2026-10-08T19:20:18.4449167Z durable-stop-failure PASS
2026-10-08T19:20:18.4449413Z unpublished-start-cleanup PASS
2026-10-08T19:20:18.4449691Z shared-deadline-phases PASS
2026-10-08T19:20:18.4449942Z matching-exhausted-admission PASS
2026-10-08T19:20:18.4450215Z matching-persisted-reservation PASS
2026-10-08T19:20:18.4450373Z 
2026-10-08T19:20:18.4521960Z ##[group]Run python3 tools/qa/test_filter_export.py --before out/verification/v2075-adblock.java
2026-10-08T19:20:18.4522338Z [36;1mpython3 tools/qa/test_filter_export.py --before out/verification/v2075-adblock.java[0m
2026-10-08T19:20:18.4574676Z shell: /usr/bin/bash -e {0}
2026-10-08T19:20:18.4574816Z env:
2026-10-08T19:20:18.4574968Z   HETU_TEST_KEYSTORE: /home/runner/.android/hetu-ui10-debug.jks
2026-10-08T19:20:18.4575158Z   HETU_EXPECTED_TESTS: 706
2026-10-08T19:20:18.4575291Z   HETU_EXPECTED_TEST_XML_FILES: 77
2026-10-08T19:20:18.4575436Z   HETU_EXPECTED_VERSION: 2093
2026-10-08T19:20:18.4575587Z   HETU_EXPECTED_VERSION_NAME: 0.12.20-v20-glass
2026-10-08T19:20:18.4575800Z   JAVA_HOME: /opt/hostedtoolcache/Java_Temurin-Hotspot_jdk/21.0.12-1/x64
2026-10-08T19:20:18.4576199Z   JAVA_HOME_21_X64: /opt/hostedtoolcache/Java_Temurin-Hotspot_jdk/21.0.12-1/x64
2026-10-08T19:20:18.4576403Z ##[endgroup]
2026-10-08T19:20:20.6397895Z {"fixtureOnly": true, "deviceOrNetworkAccess": false, "beforeSourceSha256": "a7518bf438b82eab26c37611c6fad90b818cd8d2c84e119f083091bb2719ac04", "afterSourceSha256": "55b8d560086cf41493a28d074e63ee08f72e7c360c208d63fb36cbb59d46506f", "before": "old-cache-eviction-ENOENT-reproduced", "after": "new-cache-eviction-stable-pair-and-handoff-passed"}
2026-10-08T19:20:20.6478318Z ##[group]Run actions/cache/restore@v4
2026-10-08T19:20:20.6478466Z with:
2026-10-08T19:20:20.6478589Z   path: /home/runner/.android/hetu-ui10-debug.jks
2026-10-08T19:20:20.6478753Z   key: hetu-ui10-debug-signing-v1
2026-10-08T19:20:20.6478892Z   fail-on-cache-miss: true
2026-10-08T19:20:20.6479022Z   enableCrossOsArchive: false
2026-10-08T19:20:20.6479149Z   lookup-only: false
2026-10-08T19:20:20.6479256Z env:
2026-10-08T19:20:20.6479394Z   HETU_TEST_KEYSTORE: /home/runner/.android/hetu-ui10-debug.jks
2026-10-08T19:20:20.6479584Z   HETU_EXPECTED_TESTS: 706
2026-10-08T19:20:20.6479711Z   HETU_EXPECTED_TEST_XML_FILES: 77
2026-10-08T19:20:20.6479844Z   HETU_EXPECTED_VERSION: 2093
2026-10-08T19:20:20.6479983Z   HETU_EXPECTED_VERSION_NAME: 0.12.20-v20-glass
2026-10-08T19:20:20.6480182Z   JAVA_HOME: /opt/hostedtoolcache/Java_Temurin-Hotspot_jdk/21.0.12-1/x64
2026-10-08T19:20:20.6480429Z   JAVA_HOME_21_X64: /opt/hostedtoolcache/Java_Temurin-Hotspot_jdk/21.0.12-1/x64
2026-10-08T19:20:20.6480632Z ##[endgroup]
2026-10-08T19:20:20.7106018Z (node:234052) [DEP0040] DeprecationWarning: The `punycode` module is deprecated. Please use a userland alternative instead.
2026-10-08T19:20:20.7106703Z (Use `node --trace-deprecation ...` to show where the warning was created)
2026-10-08T19:20:20.8475807Z Cache hit for: hetu-ui10-debug-signing-v1
2026-10-08T19:20:20.8536654Z (node:234052) [DEP0169] DeprecationWarning: `url.parse()` behavior is not standardized and prone to errors that have security implications. Use the WHATWG URL API instead. CVEs are not issued for `url.parse()` vulnerabilities.
2026-10-08T19:20:21.0782030Z Received 2792 of 2792 (100.0%), 0.0 MBs/sec
2026-10-08T19:20:21.0782364Z Cache Size: ~0 MB (2792 B)
2026-10-08T19:20:21.0797853Z [command]/usr/bin/tar -xf /home/runner/work/_temp/01e5afd8-bb81-4ca0-97f0-34619840c44c/cache.tzst -P -C /home/runner/work/hetu/hetu --use-compress-program unzstd
2026-10-08T19:20:21.0841542Z Cache restored successfully
2026-10-08T19:20:21.0888915Z Cache restored from key: hetu-ui10-debug-signing-v1
2026-10-08T19:20:21.1336367Z ##[group]Run set -euo pipefail
2026-10-08T19:20:21.1336543Z [36;1mset -euo pipefail[0m
2026-10-08T19:20:21.1336688Z [36;1mtest -s "$HETU_TEST_KEYSTORE"[0m
2026-10-08T19:20:21.1336956Z [36;1mkeytool -exportcert -keystore "$HETU_TEST_KEYSTORE" -alias androiddebugkey -storepass android \[0m
2026-10-08T19:20:21.1337371Z [36;1m  | openssl dgst -sha256 -r | cut -d ' ' -f1 | grep -qx '701bbb0aaa5709cf2bebd96ff85ebd64c06cf6c3a2211ec21a9c51e534a5faad'[0m
2026-10-08T19:20:21.1389778Z shell: /usr/bin/bash -e {0}
2026-10-08T19:20:21.1389918Z env:
2026-10-08T19:20:21.1390074Z   HETU_TEST_KEYSTORE: /home/runner/.android/hetu-ui10-debug.jks
2026-10-08T19:20:21.1390288Z   HETU_EXPECTED_TESTS: 706
2026-10-08T19:20:21.1390427Z   HETU_EXPECTED_TEST_XML_FILES: 77
2026-10-08T19:20:21.1390576Z   HETU_EXPECTED_VERSION: 2093
2026-10-08T19:20:21.1390731Z   HETU_EXPECTED_VERSION_NAME: 0.12.20-v20-glass
2026-10-08T19:20:21.1390967Z   JAVA_HOME: /opt/hostedtoolcache/Java_Temurin-Hotspot_jdk/21.0.12-1/x64
2026-10-08T19:20:21.1391235Z   JAVA_HOME_21_X64: /opt/hostedtoolcache/Java_Temurin-Hotspot_jdk/21.0.12-1/x64
2026-10-08T19:20:21.1391528Z ##[endgroup]
2026-10-08T19:20:22.3179714Z ##[group]Run set -euo pipefail
2026-10-08T19:20:22.3180091Z [36;1mset -euo pipefail[0m
2026-10-08T19:20:22.3180460Z [36;1mSDKMANAGER=$(find "$ANDROID_HOME/cmdline-tools" -type f -path '*/bin/sdkmanager' | sort | tail -n 1)[0m
2026-10-08T19:20:22.3180858Z [36;1myes | "$SDKMANAGER" --licenses >/dev/null || true[0m
2026-10-08T19:20:22.3181344Z [36;1m"$SDKMANAGER" 'platforms;android-37.0' 'build-tools;37.0.0'[0m
2026-10-08T19:20:22.3232607Z shell: /usr/bin/bash -e {0}
2026-10-08T19:20:22.3232820Z env:
2026-10-08T19:20:22.3233125Z   HETU_TEST_KEYSTORE: /home/runner/.android/hetu-ui10-debug.jks
2026-10-08T19:20:22.3233391Z   HETU_EXPECTED_TESTS: 706
2026-10-08T19:20:22.3233623Z   HETU_EXPECTED_TEST_XML_FILES: 77
2026-10-08T19:20:22.3233874Z   HETU_EXPECTED_VERSION: 2093
2026-10-08T19:20:22.3234107Z   HETU_EXPECTED_VERSION_NAME: 0.12.20-v20-glass
2026-10-08T19:20:22.3234431Z   JAVA_HOME: /opt/hostedtoolcache/Java_Temurin-Hotspot_jdk/21.0.12-1/x64
2026-10-08T19:20:22.3234825Z   JAVA_HOME_21_X64: /opt/hostedtoolcache/Java_Temurin-Hotspot_jdk/21.0.12-1/x64
2026-10-08T19:20:22.3235173Z ##[endgroup]
2026-10-08T19:20:29.0729934Z yes: standard output: Broken pipe
2026-10-08T19:20:29.4979700Z Loading package information...                                                  
2026-10-08T19:20:29.5502888Z Loading local repository...                                                     
2026-10-08T19:20:29.5504037Z [                                       ] 3% Loading local repository...        
2026-10-08T19:20:29.5533689Z [                                       ] 3% Fetch remote repository...         
2026-10-08T19:20:29.7442393Z [=                                      ] 3% Fetch remote repository...         
2026-10-08T19:20:29.7845724Z [=                                      ] 4% Fetch remote repository...         
2026-10-08T19:20:29.8048056Z [=                                      ] 5% Fetch remote repository...         
2026-10-08T19:20:29.8320432Z [==                                     ] 5% Fetch remote repository...         
2026-10-08T19:20:29.8843191Z [==                                     ] 6% Fetch remote repository...         
2026-10-08T19:20:29.9292938Z [==                                     ] 7% Fetch remote repository...         
2026-10-08T19:20:29.9293723Z [==                                     ] 7% Computing updates...               
2026-10-08T19:20:29.9352574Z [===                                    ] 8% Computing updates...               
2026-10-08T19:20:29.9388536Z [===                                    ] 10% Computing updates...              
2026-10-08T19:20:29.9390959Z [=======================================] 100% Computing updates...             
2026-10-08T19:20:29.9393253Z 
2026-10-08T19:20:29.9662019Z ##[group]Run gradle/actions/setup-gradle@v4
2026-10-08T19:20:29.9662188Z with:
2026-10-08T19:20:29.9662300Z   gradle-version: 9.5.0
2026-10-08T19:20:29.9662422Z   cache-disabled: false
2026-10-08T19:20:29.9662544Z   cache-read-only: true
2026-10-08T19:20:29.9662664Z   cache-write-only: false
2026-10-08T19:20:29.9662796Z   cache-overwrite-existing: false
2026-10-08T19:20:29.9662941Z   cache-cleanup: on-success
2026-10-08T19:20:29.9663099Z   gradle-home-cache-includes: caches
notifications

2026-10-08T19:20:29.9663271Z   add-job-summary: always
2026-10-08T19:20:29.9663407Z   add-job-summary-as-pr-comment: never
2026-10-08T19:20:29.9663571Z   dependency-graph: disabled
2026-10-08T19:20:29.9663739Z   dependency-graph-report-dir: dependency-graph-reports
2026-10-08T19:20:29.9663933Z   dependency-graph-continue-on-failure: true
2026-10-08T19:20:29.9664092Z   build-scan-publish: false
2026-10-08T19:20:29.9664222Z   validate-wrappers: true
2026-10-08T19:20:29.9664378Z   allow-snapshot-wrappers: false
2026-10-08T19:20:29.9664528Z   gradle-home-cache-strict-match: false
2026-10-08T19:20:29.9664679Z   workflow-job-context: null
2026-10-08T19:20:29.9665974Z   github-token: ***
2026-10-08T19:20:29.9666082Z env:
2026-10-08T19:20:29.9666224Z   HETU_TEST_KEYSTORE: /home/runner/.android/hetu-ui10-debug.jks
2026-10-08T19:20:29.9666409Z   HETU_EXPECTED_TESTS: 706
2026-10-08T19:20:29.9666539Z   HETU_EXPECTED_TEST_XML_FILES: 77
2026-10-08T19:20:29.9666676Z   HETU_EXPECTED_VERSION: 2093
2026-10-08T19:20:29.9666819Z   HETU_EXPECTED_VERSION_NAME: 0.12.20-v20-glass
2026-10-08T19:20:29.9667026Z   JAVA_HOME: /opt/hostedtoolcache/Java_Temurin-Hotspot_jdk/21.0.12-1/x64
2026-10-08T19:20:29.9667396Z   JAVA_HOME_21_X64: /opt/hostedtoolcache/Java_Temurin-Hotspot_jdk/21.0.12-1/x64
2026-10-08T19:20:29.9667593Z ##[endgroup]
2026-10-08T19:20:30.1858045Z Merged default JDK locations into /home/runner/.m2/toolchains.xml
2026-10-08T19:20:30.1860432Z ##[group]Restore Gradle state from cache
2026-10-08T19:20:30.3566688Z Cache hit for restore-key: gradle-home-v1|Linux-X64|build[96032d49de5c4a53cd45f3563c564e8b]-610a523ea524dff521b5d01e7aa78c421399594a
2026-10-08T19:20:31.1197073Z Received 8985823 of 8985823 (100.0%), 13.8 MBs/sec
2026-10-08T19:20:31.1197780Z Cache Size: ~9 MB (8985823 B)
2026-10-08T19:20:31.1215317Z [command]/usr/bin/tar -xf /home/runner/work/_temp/6ba4ff3d-2cd2-4c6e-aac5-ed7aab796b82/cache.tzst -P -C /home/runner/work/hetu/hetu --use-compress-program unzstd
2026-10-08T19:20:31.2707446Z Cache restored successfully
2026-10-08T19:20:31.2715714Z Restored cache entry with key gradle-home-v1|Linux-X64|build[bd0062c4a1bdb5a87a6b8df640f8fa40]-b2c06e11428cf778226da5bf7c4bdd45a7149b57 to /home/runner/.gradle/caches,/home/runner/.gradle/notifications,/home/runner/.gradle/.setup-gradle in 1085ms
2026-10-08T19:20:31.4261746Z Cache hit for: gradle-generated-gradle-jars-v1-385d131625f54d4dab75422dfcb34a24
2026-10-08T19:20:31.4353534Z Cache hit for: gradle-instrumented-jars-v1-d6198c8b0787e046393d1a5820db0f3d
2026-10-08T19:20:31.4400625Z Cache hit for: gradle-groovy-dsl-v1-5bce060640e8630902aae599efb6c17e
2026-10-08T19:20:31.4423843Z Cache hit for: gradle-dependencies-v1-fc1ca00da47b4545142d631923dd826c
2026-10-08T19:20:31.4440769Z Cache hit for: gradle-transforms-v1-c558cf3565c6aa2badc11e00c73fb07e
2026-10-08T19:20:31.4489123Z Cache hit for: gradle-kotlin-dsl-v1-0a7e2f63d680443b71b51f0f03afe2f0
2026-10-08T19:20:31.7131979Z Received 164924 of 164924 (100.0%), 1.2 MBs/sec
2026-10-08T19:20:31.7132445Z Cache Size: ~0 MB (164924 B)
2026-10-08T19:20:31.7156830Z [command]/usr/bin/tar -xf /home/runner/work/_temp/c2cabdd8-3104-4443-8e75-b7ffd6eaa794/cache.tzst -P -C /home/runner/work/hetu/hetu --use-compress-program unzstd
2026-10-08T19:20:31.7568428Z Received 64721 of 64721 (100.0%), 0.3 MBs/sec
2026-10-08T19:20:31.7568979Z Cache Size: ~0 MB (64721 B)
2026-10-08T19:20:31.7588108Z [command]/usr/bin/tar -xf /home/runner/work/_temp/d88506e9-2a34-4916-bd5d-28d348b04121/cache.tzst -P -C /home/runner/work/hetu/hetu --use-compress-program unzstd
2026-10-08T19:20:31.7638757Z Cache restored successfully
2026-10-08T19:20:31.7647047Z Restored cache entry with key gradle-kotlin-dsl-v1-0a7e2f63d680443b71b51f0f03afe2f0 to /home/runner/.gradle/caches/*/kotlin-dsl/accessors/*/,/home/runner/.gradle/caches/*/kotlin-dsl/scripts/*/ in 491ms
2026-10-08T19:20:31.7680381Z Cache restored successfully
2026-10-08T19:20:31.7683396Z Restored cache entry with key gradle-instrumented-jars-v1-d6198c8b0787e046393d1a5820db0f3d to /home/runner/.gradle/caches/jars-*/*/ in 496ms
2026-10-08T19:20:31.7997426Z Received 101447 of 101447 (100.0%), 0.4 MBs/sec
2026-10-08T19:20:31.7997801Z Cache Size: ~0 MB (101447 B)
2026-10-08T19:20:31.8013153Z [command]/usr/bin/tar -xf /home/runner/work/_temp/e321988f-9061-42a2-93ca-b059f41b95a8/cache.tzst -P -C /home/runner/work/hetu/hetu --use-compress-program unzstd
2026-10-08T19:20:31.8152092Z Cache restored successfully
2026-10-08T19:20:31.8153394Z Restored cache entry with key gradle-groovy-dsl-v1-5bce060640e8630902aae599efb6c17e to /home/runner/.gradle/caches/*/groovy-dsl/*/ in 543ms
2026-10-08T19:20:32.2601994Z Received 42071656 of 42071656 (100.0%), 56.1 MBs/sec
2026-10-08T19:20:32.2606081Z Cache Size: ~40 MB (42071656 B)
2026-10-08T19:20:32.2780118Z [command]/usr/bin/tar -xf /home/runner/work/_temp/2457272f-fa41-4790-8620-c16786fe7926/cache.tzst -P -C /home/runner/work/hetu/hetu --use-compress-program unzstd
2026-10-08T19:20:32.5140344Z Cache restored successfully
2026-10-08T19:20:32.5159734Z Restored cache entry with key gradle-generated-gradle-jars-v1-385d131625f54d4dab75422dfcb34a24 to /home/runner/.gradle/caches/9.5.0/generated-gradle-jars/gradle-api-9.5.0.jar in 1244ms
2026-10-08T19:20:32.5620406Z Received 113246208 of 568118539 (19.9%), 108.0 MBs/sec
2026-10-08T19:20:32.5970048Z Received 75497472 of 234628164 (32.2%), 72.0 MBs/sec
2026-10-08T19:20:33.5672676Z Received 192937984 of 568118539 (34.0%), 92.0 MBs/sec
2026-10-08T19:20:33.5967032Z Received 130023424 of 234628164 (55.4%), 62.0 MBs/sec
2026-10-08T19:20:34.5624126Z Received 398458880 of 568118539 (70.1%), 126.6 MBs/sec
2026-10-08T19:20:34.5982629Z Received 230433860 of 234628164 (98.2%), 73.3 MBs/sec
2026-10-08T19:20:35.2913906Z Received 234628164 of 234628164 (100.0%), 60.6 MBs/sec
2026-10-08T19:20:35.2915211Z Cache Size: ~224 MB (234628164 B)
2026-10-08T19:20:35.2932396Z [command]/usr/bin/tar -xf /home/runner/work/_temp/bd5ca813-7304-45ba-9e61-0f6c56332be3/cache.tzst -P -C /home/runner/work/hetu/hetu --use-compress-program unzstd
2026-10-08T19:20:35.5631236Z Received 563924235 of 568118539 (99.3%), 134.4 MBs/sec
2026-10-08T19:20:35.7266188Z Received 568118539 of 568118539 (100.0%), 130.1 MBs/sec
2026-10-08T19:20:35.7272609Z Cache Size: ~542 MB (568118539 B)
2026-10-08T19:20:35.7324327Z [command]/usr/bin/tar -xf /home/runner/work/_temp/f63d6376-fbc1-4d92-89dc-890f32abaab9/cache.tzst -P -C /home/runner/work/hetu/hetu --use-compress-program unzstd
2026-10-08T19:20:37.1892935Z Cache restored successfully
2026-10-08T19:20:37.2199057Z Restored cache entry with key gradle-dependencies-v1-fc1ca00da47b4545142d631923dd826c to /home/runner/.gradle/caches/modules-*/files-*/*/*/*/* in 5947ms
2026-10-08T19:20:37.5473286Z Cache restored successfully
2026-10-08T19:20:37.5577781Z Restored cache entry with key gradle-transforms-v1-c558cf3565c6aa2badc11e00c73fb07e to /home/runner/.gradle/caches/transforms-4/*/,/home/runner/.gradle/caches/*/transforms/*/ in 6285ms
2026-10-08T19:20:37.5623796Z ##[endgroup]
2026-10-08T19:20:37.5767671Z ##[group]All Gradle Wrapper jars are valid
2026-10-08T19:20:37.5768019Z 
2026-10-08T19:20:37.5768174Z ##[endgroup]
2026-10-08T19:20:37.7166382Z ##[group]Provision Gradle 9.5.0
2026-10-08T19:20:43.2428250Z Cache hit for: gradle-9.5.0
2026-10-08T19:20:44.4023381Z Received 113246208 of 140178608 (80.8%), 108.1 MBs/sec
2026-10-08T19:20:44.9606760Z Received 140178608 of 140178608 (100.0%), 85.6 MBs/sec
2026-10-08T19:20:44.9608144Z Cache Size: ~134 MB (140178608 B)
2026-10-08T19:20:44.9702633Z [command]/usr/bin/tar -xf /home/runner/work/_temp/38f62401-a087-44a0-a9f3-76b16bb78cad/cache.tzst -P -C /home/runner/work/hetu/hetu --use-compress-program unzstd
2026-10-08T19:20:45.0919324Z Cache restored successfully
2026-10-08T19:20:45.0976387Z Restored Gradle distribution gradle-9.5.0 from cache to /home/runner/work/_temp/.gradle-actions/gradle-installations/downloads/gradle-9.5.0-bin.zip
2026-10-08T19:20:45.0987851Z [command]/usr/bin/unzip -o -q /home/runner/work/_temp/.gradle-actions/gradle-installations/downloads/gradle-9.5.0-bin.zip
2026-10-08T19:20:45.8573639Z Extracted Gradle 9.5.0 to /home/runner/work/_temp/.gradle-actions/gradle-installations/installs/gradle-9.5.0
2026-10-08T19:20:45.8575016Z Provisioned Gradle executable /home/runner/work/_temp/.gradle-actions/gradle-installations/installs/gradle-9.5.0/bin/gradle
2026-10-08T19:20:45.8575902Z ##[endgroup]
2026-10-08T19:20:45.9400014Z ##[group]Run set -euo pipefail
2026-10-08T19:20:45.9400215Z [36;1mset -euo pipefail[0m
2026-10-08T19:20:45.9400515Z [36;1mtar -czf /tmp/Hetu-V20.93-effective-source.tar.gz android-app UI92_RUNTIME146_INPUTS.json CHANGELOG-V20.md[0m
2026-10-08T19:20:45.9400863Z [36;1msha256sum /tmp/Hetu-V20.93-effective-source.tar.gz[0m
2026-10-08T19:20:45.9452100Z shell: /usr/bin/bash -e {0}
2026-10-08T19:20:45.9452267Z env:
2026-10-08T19:20:45.9452447Z   HETU_TEST_KEYSTORE: /home/runner/.android/hetu-ui10-debug.jks
2026-10-08T19:20:45.9452663Z   HETU_EXPECTED_TESTS: 706
2026-10-08T19:20:45.9452824Z   HETU_EXPECTED_TEST_XML_FILES: 77
2026-10-08T19:20:45.9452996Z   HETU_EXPECTED_VERSION: 2093
2026-10-08T19:20:45.9453175Z   HETU_EXPECTED_VERSION_NAME: 0.12.20-v20-glass
2026-10-08T19:20:45.9453421Z   JAVA_HOME: /opt/hostedtoolcache/Java_Temurin-Hotspot_jdk/21.0.12-1/x64
2026-10-08T19:20:45.9453839Z   JAVA_HOME_21_X64: /opt/hostedtoolcache/Java_Temurin-Hotspot_jdk/21.0.12-1/x64
2026-10-08T19:20:45.9454112Z   GRADLE_ACTION_ID: gradle/actions/setup-gradle
2026-10-08T19:20:45.9454301Z   GRADLE_USER_HOME: /home/runner/.gradle
2026-10-08T19:20:45.9454479Z   GRADLE_BUILD_ACTION_SETUP_COMPLETED: true
2026-10-08T19:20:45.9454664Z   GRADLE_BUILD_ACTION_CACHE_RESTORED: true
2026-10-08T19:20:45.9454924Z   DEVELOCITY_INJECTION_INIT_SCRIPT_NAME: gradle-actions.inject-develocity.init.gradle
2026-10-08T19:20:45.9455206Z   DEVELOCITY_INJECTION_CUSTOM_VALUE: gradle-actions
2026-10-08T19:20:45.9455406Z   GITHUB_DEPENDENCY_GRAPH_ENABLED: false
2026-10-08T19:20:45.9455577Z ##[endgroup]
2026-10-08T19:20:54.7548066Z c9cad45dbab06dbb423078e00eefbb9f8e68df03b34fef6cff3e0be51c847495  /tmp/Hetu-V20.93-effective-source.tar.gz
2026-10-08T19:20:54.7581982Z ##[group]Run actions/upload-artifact@v4
2026-10-08T19:20:54.7582171Z with:
2026-10-08T19:20:54.7582350Z   compression-level: 0
2026-10-08T19:20:54.7582522Z   if-no-files-found: error
2026-10-08T19:20:54.7582686Z   name: Hetu-V20.93-effective-source
2026-10-08T19:20:54.7582887Z   path: /tmp/Hetu-V20.93-effective-source.tar.gz
2026-10-08T19:20:54.7583076Z   overwrite: false
2026-10-08T19:20:54.7583222Z   include-hidden-files: false
2026-10-08T19:20:54.7583377Z env:
2026-10-08T19:20:54.7583553Z   HETU_TEST_KEYSTORE: /home/runner/.android/hetu-ui10-debug.jks
2026-10-08T19:20:54.7583765Z   HETU_EXPECTED_TESTS: 706
2026-10-08T19:20:54.7583925Z   HETU_EXPECTED_TEST_XML_FILES: 77
2026-10-08T19:20:54.7584094Z   HETU_EXPECTED_VERSION: 2093
2026-10-08T19:20:54.7584268Z   HETU_EXPECTED_VERSION_NAME: 0.12.20-v20-glass
2026-10-08T19:20:54.7584514Z   JAVA_HOME: /opt/hostedtoolcache/Java_Temurin-Hotspot_jdk/21.0.12-1/x64
2026-10-08T19:20:54.7584820Z   JAVA_HOME_21_X64: /opt/hostedtoolcache/Java_Temurin-Hotspot_jdk/21.0.12-1/x64
2026-10-08T19:20:54.7585067Z   GRADLE_ACTION_ID: gradle/actions/setup-gradle
2026-10-08T19:20:54.7585267Z   GRADLE_USER_HOME: /home/runner/.gradle
2026-10-08T19:20:54.7585447Z   GRADLE_BUILD_ACTION_SETUP_COMPLETED: true
2026-10-08T19:20:54.7585634Z   GRADLE_BUILD_ACTION_CACHE_RESTORED: true
2026-10-08T19:20:54.7585897Z   DEVELOCITY_INJECTION_INIT_SCRIPT_NAME: gradle-actions.inject-develocity.init.gradle
2026-10-08T19:20:54.7586171Z   DEVELOCITY_INJECTION_CUSTOM_VALUE: gradle-actions
2026-10-08T19:20:54.7586365Z   GITHUB_DEPENDENCY_GRAPH_ENABLED: false
2026-10-08T19:20:54.7586534Z ##[endgroup]
2026-10-08T19:20:54.8608255Z (node:234357) [DEP0040] DeprecationWarning: The `punycode` module is deprecated. Please use a userland alternative instead.
2026-10-08T19:20:54.8609061Z (Use `node --trace-deprecation ...` to show where the warning was created)
2026-10-08T19:20:54.8641040Z With the provided path, there will be 1 file uploaded
2026-10-08T19:20:54.8644570Z Artifact name is valid!
2026-10-08T19:20:54.8645106Z Root directory input is valid!
2026-10-08T19:20:55.1776237Z Beginning upload of artifact content to blob storage
2026-10-08T19:20:55.2062172Z (node:234357) [DEP0169] DeprecationWarning: `url.parse()` behavior is not standardized and prone to errors that have security implications. Use the WHATWG URL API instead. CVEs are not issued for `url.parse()` vulnerabilities.
2026-10-08T19:20:55.7537029Z Uploaded bytes 8388608
2026-10-08T19:20:55.8021905Z Uploaded bytes 16777216
2026-10-08T19:20:55.8542892Z Uploaded bytes 25165824
2026-10-08T19:20:55.8600972Z Uploaded bytes 33554432
2026-10-08T19:20:55.9369588Z Uploaded bytes 41943040
2026-10-08T19:20:56.0601682Z Uploaded bytes 50331648
2026-10-08T19:20:56.1449322Z Uploaded bytes 58720256
2026-10-08T19:20:56.1466008Z Uploaded bytes 67108864
2026-10-08T19:20:56.1639304Z Uploaded bytes 75497472
2026-10-08T19:20:56.2258748Z Uploaded bytes 83886080
2026-10-08T19:20:56.5189845Z Uploaded bytes 92274688
2026-10-08T19:20:56.6474093Z Uploaded bytes 94050388
2026-10-08T19:20:56.6893575Z Finished uploading artifact content to blob storage!
2026-10-08T19:20:56.6894136Z SHA256 digest of uploaded artifact zip is c7461c5f99ffc55de67bb5c541943807e75d21f4402bb77c059ec66821d1bc00
2026-10-08T19:20:56.6895383Z Finalizing artifact upload
2026-10-08T19:20:56.9562423Z Artifact Hetu-V20.93-effective-source.zip successfully finalized. Artifact ID 11573157399
2026-10-08T19:20:56.9563292Z Artifact Hetu-V20.93-effective-source has been successfully uploaded! Final size is 94050388 bytes. Artifact ID is 11573157399
2026-10-08T19:20:56.9564161Z Artifact download URL: https://github.com/xgl34222220-ops/hetu/actions/runs/37829980900/artifacts/11573157399
2026-10-08T19:20:56.9685623Z ##[group]Run set -euo pipefail
2026-10-08T19:20:56.9685833Z [36;1mset -euo pipefail[0m
2026-10-08T19:20:56.9686399Z [36;1mgradle --no-daemon --max-workers=2 -Dorg.gradle.jvmargs='-Xmx2g -Dfile.encoding=UTF-8' :app:dependencyInsight --configuration debugRuntimeClasspath --dependency com.materialkolor > ../out/verification/materialkolor-dependency-insight.txt[0m
2026-10-08T19:20:56.9687017Z [36;1mcat ../out/verification/materialkolor-dependency-insight.txt[0m
2026-10-08T19:20:56.9738580Z shell: /usr/bin/bash -e {0}
2026-10-08T19:20:56.9738750Z env:
2026-10-08T19:20:56.9738940Z   HETU_TEST_KEYSTORE: /home/runner/.android/hetu-ui10-debug.jks
2026-10-08T19:20:56.9739169Z   HETU_EXPECTED_TESTS: 706
2026-10-08T19:20:56.9739341Z   HETU_EXPECTED_TEST_XML_FILES: 77
2026-10-08T19:20:56.9739521Z   HETU_EXPECTED_VERSION: 2093
2026-10-08T19:20:56.9739714Z   HETU_EXPECTED_VERSION_NAME: 0.12.20-v20-glass
2026-10-08T19:20:56.9739989Z   JAVA_HOME: /opt/hostedtoolcache/Java_Temurin-Hotspot_jdk/21.0.12-1/x64
2026-10-08T19:20:56.9740284Z   JAVA_HOME_21_X64: /opt/hostedtoolcache/Java_Temurin-Hotspot_jdk/21.0.12-1/x64
2026-10-08T19:20:56.9740546Z   GRADLE_ACTION_ID: gradle/actions/setup-gradle
2026-10-08T19:20:56.9740743Z   GRADLE_USER_HOME: /home/runner/.gradle
2026-10-08T19:20:56.9740936Z   GRADLE_BUILD_ACTION_SETUP_COMPLETED: true
2026-10-08T19:20:56.9741130Z   GRADLE_BUILD_ACTION_CACHE_RESTORED: true
2026-10-08T19:20:56.9741577Z   DEVELOCITY_INJECTION_INIT_SCRIPT_NAME: gradle-actions.inject-develocity.init.gradle
2026-10-08T19:20:56.9741976Z   DEVELOCITY_INJECTION_CUSTOM_VALUE: gradle-actions
2026-10-08T19:20:56.9742185Z   GITHUB_DEPENDENCY_GRAPH_ENABLED: false
2026-10-08T19:20:56.9742362Z ##[endgroup]
2026-10-08T19:21:07.8797797Z To honour the JVM settings for this build a single-use Daemon process will be forked. For more on this, please refer to https://docs.gradle.org/9.5.0/userguide/gradle_daemon.html#sec:disabling_the_daemon in the Gradle documentation.
2026-10-08T19:21:07.8798662Z Daemon will be stopped at the end of the build 
2026-10-08T19:21:07.8798895Z 
2026-10-08T19:21:07.8799026Z > Configure project :app
2026-10-08T19:21:07.8799704Z w: file:///home/runner/work/hetu/hetu/android-app/app/build.gradle.kts:33:13: 'var isV1SigningEnabled: Boolean' is deprecated. This property is deprecated.
2026-10-08T19:21:07.8800460Z w: file:///home/runner/work/hetu/hetu/android-app/app/build.gradle.kts:34:13: 'var isV2SigningEnabled: Boolean' is deprecated. This property is deprecated.
2026-10-08T19:21:07.8801002Z 
2026-10-08T19:21:07.8801134Z > Task :app:dependencyInsight
2026-10-08T19:21:07.8802309Z com.materialkolor:material-color-utilities:5.0.1
2026-10-08T19:21:07.8802715Z   Variant androidRuntimeElements-published:
2026-10-08T19:21:07.8803175Z     | Attribute Name                                  | Provided     | Requested    |
2026-10-08T19:21:07.8803702Z     |-------------------------------------------------|--------------|--------------|
2026-10-08T19:21:07.8804257Z     | org.gradle.libraryelements                      | aar          |              |
2026-10-08T19:21:07.8804766Z     | org.gradle.status                               | release      |              |
2026-10-08T19:21:07.8805259Z     | org.gradle.category                             | library      | library      |
2026-10-08T19:21:07.8805782Z     | org.gradle.jvm.environment                      | android      | android      |
2026-10-08T19:21:07.8806301Z     | org.gradle.usage                                | java-runtime | java-runtime |
2026-10-08T19:21:07.8806819Z     | org.jetbrains.kotlin.platform.type              | androidJvm   | androidJvm   |
2026-10-08T19:21:07.8807318Z     | com.android.build.api.attributes.AgpVersionAttr |              | 9.3.0        |
2026-10-08T19:21:07.8807838Z     | com.android.build.api.attributes.BuildTypeAttr  |              | debug        |
2026-10-08T19:21:07.8808103Z    Selection reasons:
2026-10-08T19:21:07.8808267Z       - By ancestor
2026-10-08T19:21:07.8808421Z       - By constraint
2026-10-08T19:21:07.8808675Z 
2026-10-08T19:21:07.8808855Z com.materialkolor:material-color-utilities:{strictly 5.0.1} -> 5.0.1
2026-10-08T19:21:07.8809174Z \--- debugRuntimeClasspath
2026-10-08T19:21:07.8809341Z 
2026-10-08T19:21:07.8809544Z com.materialkolor:material-color-utilities:5.0.1
2026-10-08T19:21:07.8809966Z +--- com.materialkolor:material-kolor-android:5.0.1
2026-10-08T19:21:07.8810386Z |    \--- com.materialkolor:material-kolor:5.0.1
2026-10-08T19:21:07.8810966Z |         \--- debugRuntimeClasspath (requested com.materialkolor:material-kolor:{strictly 5.0.1})
2026-10-08T19:21:07.8811671Z \--- top.yukonga.miuix.kmp:miuix-ui-android:0.9.4
2026-10-08T19:21:07.8812032Z      +--- debugRuntimeClasspath
2026-10-08T19:21:07.8812365Z      \--- top.yukonga.miuix.kmp:miuix-ui:0.9.4
2026-10-08T19:21:07.8812786Z           \--- top.yukonga.miuix.kmp:miuix-preference-android:0.9.4
2026-10-08T19:21:07.8813170Z                \--- debugRuntimeClasspath
2026-10-08T19:21:07.8813371Z 
2026-10-08T19:21:07.8813523Z com.materialkolor:material-color-utilities-android:5.0.1
2026-10-08T19:21:07.8813777Z   Variant androidRuntimeElements-published:
2026-10-08T19:21:07.8814048Z     | Attribute Name                                  | Provided     | Requested    |
2026-10-08T19:21:07.8814568Z     |-------------------------------------------------|--------------|--------------|
2026-10-08T19:21:07.8815074Z     | org.gradle.libraryelements                      | aar          |              |
2026-10-08T19:21:07.8815426Z     | org.gradle.status                               | release      |              |
2026-10-08T19:21:07.8815725Z     | org.gradle.category                             | library      | library      |
2026-10-08T19:21:07.8816034Z     | org.gradle.jvm.environment                      | android      | android      |
2026-10-08T19:21:07.8816527Z     | org.gradle.usage                                | java-runtime | java-runtime |
2026-10-08T19:21:07.8817068Z     | org.jetbrains.kotlin.platform.type              | androidJvm   | androidJvm   |
2026-10-08T19:21:07.8817539Z     | com.android.build.api.attributes.AgpVersionAttr |              | 9.3.0        |
2026-10-08T19:21:07.8817891Z     | com.android.build.api.attributes.BuildTypeAttr  |              | debug        |
2026-10-08T19:21:07.8818144Z    Selection reasons:
2026-10-08T19:21:07.8818358Z       - By ancestor
2026-10-08T19:21:07.8818600Z       - By constraint
2026-10-08T19:21:07.8818743Z 
2026-10-08T19:21:07.8819046Z com.materialkolor:material-color-utilities-android:{strictly 5.0.1} -> 5.0.1
2026-10-08T19:21:07.8819322Z \--- debugRuntimeClasspath
2026-10-08T19:21:07.8819428Z 
2026-10-08T19:21:07.8819570Z com.materialkolor:material-color-utilities-android:5.0.1
2026-10-08T19:21:07.8819849Z \--- com.materialkolor:material-color-utilities:5.0.1
2026-10-08T19:21:07.8820382Z      +--- debugRuntimeClasspath (requested com.materialkolor:material-color-utilities:{strictly 5.0.1})
2026-10-08T19:21:07.8820868Z      +--- com.materialkolor:material-kolor-android:5.0.1
2026-10-08T19:21:07.8821112Z      |    \--- com.materialkolor:material-kolor:5.0.1
2026-10-08T19:21:07.8821964Z      |         \--- debugRuntimeClasspath (requested com.materialkolor:material-kolor:{strictly 5.0.1})
2026-10-08T19:21:07.8822505Z      \--- top.yukonga.miuix.kmp:miuix-ui-android:0.9.4
2026-10-08T19:21:07.8822774Z           +--- debugRuntimeClasspath
2026-10-08T19:21:07.8822994Z           \--- top.yukonga.miuix.kmp:miuix-ui:0.9.4
2026-10-08T19:21:07.8823258Z                \--- top.yukonga.miuix.kmp:miuix-preference-android:0.9.4
2026-10-08T19:21:07.8823732Z                     \--- debugRuntimeClasspath
2026-10-08T19:21:07.8823939Z 
2026-10-08T19:21:07.8824097Z com.materialkolor:material-kolor:5.0.1
2026-10-08T19:21:07.8824378Z   Variant androidRuntimeElements-published:
2026-10-08T19:21:07.8824645Z     | Attribute Name                                  | Provided     | Requested    |
2026-10-08T19:21:07.8824943Z     |-------------------------------------------------|--------------|--------------|
2026-10-08T19:21:07.8825587Z     | org.gradle.libraryelements                      | aar          |              |
2026-10-08T19:21:07.8825950Z     | org.gradle.status                               | release      |              |
2026-10-08T19:21:07.8826257Z     | org.gradle.category                             | library      | library      |
2026-10-08T19:21:07.8826614Z     | org.gradle.jvm.environment                      | android      | android      |
2026-10-08T19:21:07.8827137Z     | org.gradle.usage                                | java-runtime | java-runtime |
2026-10-08T19:21:07.8827516Z     | org.jetbrains.kotlin.platform.type              | androidJvm   | androidJvm   |
2026-10-08T19:21:07.8827867Z     | com.android.build.api.attributes.AgpVersionAttr |              | 9.3.0        |
2026-10-08T19:21:07.8828321Z     | com.android.build.api.attributes.BuildTypeAttr  |              | debug        |
2026-10-08T19:21:07.8828644Z 
2026-10-08T19:21:07.8828866Z com.materialkolor:material-kolor:{strictly 5.0.1} -> 5.0.1
2026-10-08T19:21:07.8829245Z \--- debugRuntimeClasspath
2026-10-08T19:21:07.8829407Z 
2026-10-08T19:21:07.8829599Z com.materialkolor:material-kolor-android:5.0.1
2026-10-08T19:21:07.8829972Z   Variant androidRuntimeElements-published:
2026-10-08T19:21:07.8830276Z     | Attribute Name                                  | Provided     | Requested    |
2026-10-08T19:21:07.8830567Z     |-------------------------------------------------|--------------|--------------|
2026-10-08T19:21:07.8830926Z     | org.gradle.libraryelements                      | aar          |              |
2026-10-08T19:21:07.8831551Z     | org.gradle.status                               | release      |              |
2026-10-08T19:21:07.8832006Z     | org.gradle.category                             | library      | library      |
2026-10-08T19:21:07.8832320Z     | org.gradle.jvm.environment                      | android      | android      |
2026-10-08T19:21:07.8832633Z     | org.gradle.usage                                | java-runtime | java-runtime |
2026-10-08T19:21:07.8833147Z     | org.jetbrains.kotlin.platform.type              | androidJvm   | androidJvm   |
2026-10-08T19:21:07.8833736Z     | com.android.build.api.attributes.AgpVersionAttr |              | 9.3.0        |
2026-10-08T19:21:07.8834167Z     | com.android.build.api.attributes.BuildTypeAttr  |              | debug        |
2026-10-08T19:21:07.8834360Z 
2026-10-08T19:21:07.8834480Z com.materialkolor:material-kolor-android:5.0.1
2026-10-08T19:21:07.8834755Z \--- com.materialkolor:material-kolor:5.0.1
2026-10-08T19:21:07.8835274Z      \--- debugRuntimeClasspath (requested com.materialkolor:material-kolor:{strictly 5.0.1})
2026-10-08T19:21:07.8835566Z 
2026-10-08T19:21:07.8836088Z (*) - Indicates repeated occurrences of a transitive dependency subtree. Gradle expands transitive dependency subtrees only once per project; repeat occurrences only display the root of the subtree, followed by this annotation.
2026-10-08T19:21:07.8836730Z 
2026-10-08T19:21:07.8837031Z A web-based, searchable dependency report is available by adding the --scan option.
2026-10-08T19:21:07.8837506Z gradle/actions: Writing build results to /home/runner/work/_temp/.gradle-actions/build-results/__run_22-1791487259605.json
2026-10-08T19:21:07.8837765Z 
2026-10-08T19:21:07.8837888Z BUILD SUCCESSFUL in 10s
2026-10-08T19:21:07.8838173Z 1 actionable task: 1 executed
2026-10-08T19:21:07.8838739Z Consider enabling configuration cache to speed up this build: https://docs.gradle.org/9.5.0/userguide/configuration_cache_enabling.html
2026-10-08T19:21:07.8867106Z ##[group]Run gradle --no-daemon --max-workers=2 -Dorg.gradle.jvmargs='-Xmx3g -Dfile.encoding=UTF-8' :app:assembleDebug --stacktrace
2026-10-08T19:21:07.8867989Z [36;1mgradle --no-daemon --max-workers=2 -Dorg.gradle.jvmargs='-Xmx3g -Dfile.encoding=UTF-8' :app:assembleDebug --stacktrace[0m
2026-10-08T19:21:07.8933669Z shell: /usr/bin/bash -e {0}
2026-10-08T19:21:07.8933952Z env:
2026-10-08T19:21:07.8934244Z   HETU_TEST_KEYSTORE: /home/runner/.android/hetu-ui10-debug.jks
2026-10-08T19:21:07.8934606Z   HETU_EXPECTED_TESTS: 706
2026-10-08T19:21:07.8934869Z   HETU_EXPECTED_TEST_XML_FILES: 77
2026-10-08T19:21:07.8935134Z   HETU_EXPECTED_VERSION: 2093
2026-10-08T19:21:07.8935325Z   HETU_EXPECTED_VERSION_NAME: 0.12.20-v20-glass
2026-10-08T19:21:07.8935586Z   JAVA_HOME: /opt/hostedtoolcache/Java_Temurin-Hotspot_jdk/21.0.12-1/x64
2026-10-08T19:21:07.8935929Z   JAVA_HOME_21_X64: /opt/hostedtoolcache/Java_Temurin-Hotspot_jdk/21.0.12-1/x64
2026-10-08T19:21:07.8936388Z   GRADLE_ACTION_ID: gradle/actions/setup-gradle
2026-10-08T19:21:07.8936687Z   GRADLE_USER_HOME: /home/runner/.gradle
2026-10-08T19:21:07.8936879Z   GRADLE_BUILD_ACTION_SETUP_COMPLETED: true
2026-10-08T19:21:07.8937071Z   GRADLE_BUILD_ACTION_CACHE_RESTORED: true
2026-10-08T19:21:07.8937345Z   DEVELOCITY_INJECTION_INIT_SCRIPT_NAME: gradle-actions.inject-develocity.init.gradle
2026-10-08T19:21:07.8937796Z   DEVELOCITY_INJECTION_CUSTOM_VALUE: gradle-actions
2026-10-08T19:21:07.8938125Z   GITHUB_DEPENDENCY_GRAPH_ENABLED: false
2026-10-08T19:21:07.8938313Z ##[endgroup]
2026-10-08T19:21:08.3875658Z To honour the JVM settings for this build a single-use Daemon process will be forked. For more on this, please refer to https://docs.gradle.org/9.5.0/userguide/gradle_daemon.html#sec:disabling_the_daemon in the Gradle documentation.
2026-10-08T19:21:08.8858578Z Daemon will be stopped at the end of the build 
2026-10-08T19:21:13.6853272Z Configuration 'debugCompileClasspath' was resolved during configuration time.
2026-10-08T19:21:13.6882740Z This is a build performance and scalability issue.
2026-10-08T19:21:13.6885427Z See https://github.com/gradle/gradle/issues/2298
2026-10-08T19:21:13.6919191Z Run with --info for a stacktrace.
2026-10-08T19:21:13.7854291Z Configuration 'debugRuntimeClasspath' was resolved during configuration time.
2026-10-08T19:21:13.7892343Z This is a build performance and scalability issue.
2026-10-08T19:21:13.7942339Z See https://github.com/gradle/gradle/issues/2298
2026-10-08T19:21:13.7955794Z Run with --info for a stacktrace.
2026-10-08T19:21:14.1860532Z > Task :app:preBuild UP-TO-DATE
2026-10-08T19:21:14.1866627Z > Task :app:preDebugBuild UP-TO-DATE
2026-10-08T19:21:14.2853478Z > Task :app:mergeDebugNativeDebugMetadata NO-SOURCE
2026-10-08T19:21:14.2854080Z > Task :app:generateDebugBuildConfig
2026-10-08T19:21:14.3873868Z > Task :app:generateDebugResources
2026-10-08T19:21:15.4851505Z 
2026-10-08T19:21:15.4852498Z > Task :app:prepareLibraryDefinitionsDebug
2026-10-08T19:21:15.4853573Z GitHub `rate_limit` exhausted. Won't be able to use the GitHub API. Please check if the token is provided, or enable `offlineMode`.
2026-10-08T19:21:15.6853547Z 
2026-10-08T19:21:15.6863529Z > Task :app:packageDebugResources
2026-10-08T19:21:15.8852576Z > Task :app:processDebugNavigationResources
2026-10-08T19:21:17.7882716Z > Task :app:javaPreCompileDebug
2026-10-08T19:21:17.7902314Z > Task :app:generateDebugAssets UP-TO-DATE
2026-10-08T19:21:17.8852625Z > Task :app:parseDebugLocalResources
2026-10-08T19:21:18.1853321Z > Task :app:mergeDebugAssets
2026-10-08T19:21:18.2857982Z > Task :app:generateDebugRFile
2026-10-08T19:21:19.2853289Z > Task :app:compressDebugAssets
2026-10-08T19:21:21.4862843Z > Task :app:generateDebugGlobalSynthetics
2026-10-08T19:21:21.6904794Z > Task :app:checkDebugDuplicateClasses
2026-10-08T19:21:21.6925927Z > Task :app:desugarDebugFileDependencies
2026-10-08T19:21:34.4857649Z > Task :app:mergeExtDexDebug
2026-10-08T19:21:34.4872139Z > Task :app:mergeLibDexDebug
2026-10-08T19:21:34.5868074Z > Task :app:checkDebugAarMetadata
2026-10-08T19:21:34.6912613Z > Task :app:mapDebugSourceSetPaths
2026-10-08T19:21:34.6972658Z > Task :app:compileDebugNavigationResources
2026-10-08T19:21:36.5872927Z > Task :app:mergeDebugResources
2026-10-08T19:21:36.6884260Z > Task :app:createDebugCompatibleScreenManifests
2026-10-08T19:21:36.6918988Z > Task :app:extractDeepLinksDebug
2026-10-08T19:21:37.1852877Z > Task :app:processDebugMainManifest
2026-10-08T19:21:37.2875813Z > Task :app:processDebugManifest
2026-10-08T19:21:37.2902401Z > Task :app:processDebugManifestForPackage
2026-10-08T19:21:38.0868455Z > Task :app:processDebugResources
2026-10-08T19:21:38.4853439Z > Task :app:mergeDebugJniLibFolders
2026-10-08T19:21:39.0873202Z > Task :app:mergeDebugNativeLibs
2026-10-08T19:21:39.2862156Z 
2026-10-08T19:21:39.2882460Z > Task :app:stripDebugDebugSymbols
2026-10-08T19:21:39.2963176Z Unable to strip the following libraries, packaging them as they are: libandroidx.graphics.path.so. Run with --info option to learn more.
2026-10-08T19:21:39.3022198Z 
2026-10-08T19:21:39.3042828Z > Task :app:validateSigningDebug
2026-10-08T19:21:39.3892655Z > Task :app:writeDebugAppMetadata
2026-10-08T19:21:39.3902076Z > Task :app:writeDebugSigningConfigVersions
2026-10-08T19:21:48.2856196Z > Task :app:compileDebugKotlin
2026-10-08T19:22:24.5853378Z w: file:///home/runner/work/hetu/hetu/android-app/app/src/main/java/io/github/xgl34222220/hetu/AutoMirroredIconCompat.kt:9:27 'val Icons.Rounded.ArrowBack: ImageVector' is deprecated. Use the AutoMirrored version at Icons.AutoMirrored.Rounded.ArrowBack.
2026-10-08T19:22:24.5873747Z w: file:///home/runner/work/hetu/hetu/android-app/app/src/main/java/io/github/xgl34222220/hetu/CompactHomeDashboard.kt:345:40 'val Icons.Rounded.Sort: ImageVector' is deprecated. Use the AutoMirrored version at Icons.AutoMirrored.Rounded.Sort.
2026-10-08T19:22:24.5926944Z w: file:///home/runner/work/hetu/hetu/android-app/app/src/main/java/io/github/xgl34222220/hetu/CompactMainActivity.kt:91:42 'val Icons.Rounded.Rule: ImageVector' is deprecated. Use the AutoMirrored version at Icons.AutoMirrored.Rounded.Rule.
2026-10-08T19:22:24.5933140Z w: file:///home/runner/work/hetu/hetu/android-app/app/src/main/java/io/github/xgl34222220/hetu/CompactMainActivity.kt:489:68 'val Icons.Rounded.Rule: ImageVector' is deprecated. Use the AutoMirrored version at Icons.AutoMirrored.Rounded.Rule.
2026-10-08T19:22:24.5935371Z w: file:///home/runner/work/hetu/hetu/android-app/app/src/main/java/io/github/xgl34222220/hetu/ConfigIconCompatRoot.kt:8:27 'val Icons.Rounded.InsertDriveFile: ImageVector' is deprecated. Use the AutoMirrored version at Icons.AutoMirrored.Rounded.InsertDriveFile.
2026-10-08T19:22:24.5937739Z w: file:///home/runner/work/hetu/hetu/android-app/app/src/main/java/io/github/xgl34222220/hetu/CrystalWorkspace.kt:81:47 'val Icons.Rounded.Article: ImageVector' is deprecated. Use the AutoMirrored version at Icons.AutoMirrored.Rounded.Article.
2026-10-08T19:22:24.5939968Z w: file:///home/runner/work/hetu/hetu/android-app/app/src/main/java/io/github/xgl34222220/hetu/EditorWorkbench.kt:94:36 'val Icons.Rounded.Undo: ImageVector' is deprecated. Use the AutoMirrored version at Icons.AutoMirrored.Rounded.Undo.
2026-10-08T19:22:24.5942161Z w: file:///home/runner/work/hetu/hetu/android-app/app/src/main/java/io/github/xgl34222220/hetu/EditorWorkbench.kt:95:36 'val Icons.Rounded.Redo: ImageVector' is deprecated. Use the AutoMirrored version at Icons.AutoMirrored.Rounded.Redo.
2026-10-08T19:22:24.5944251Z w: file:///home/runner/work/hetu/hetu/android-app/app/src/main/java/io/github/xgl34222220/hetu/EditorWorkbench.kt:98:38 'val Icons.Rounded.FormatListBulleted: ImageVector' is deprecated. Use the AutoMirrored version at Icons.AutoMirrored.Rounded.FormatListBulleted.
2026-10-08T19:22:24.5946394Z w: file:///home/runner/work/hetu/hetu/android-app/app/src/main/java/io/github/xgl34222220/hetu/EditorWorkbench.kt:99:36 'val Icons.Rounded.FactCheck: ImageVector' is deprecated. Use the AutoMirrored version at Icons.AutoMirrored.Rounded.FactCheck.
2026-10-08T19:22:24.5952806Z w: file:///home/runner/work/hetu/hetu/android-app/app/src/main/java/io/github/xgl34222220/hetu/HetuMainActivity.kt:67:42 'val Icons.Rounded.Rule: ImageVector' is deprecated. Use the AutoMirrored version at Icons.AutoMirrored.Rounded.Rule.
2026-10-08T19:22:24.5954866Z w: file:///home/runner/work/hetu/hetu/android-app/app/src/main/java/io/github/xgl34222220/hetu/HetuMainActivity.kt:351:40 'val Icons.Rounded.Rule: ImageVector' is deprecated. Use the AutoMirrored version at Icons.AutoMirrored.Rounded.Rule.
2026-10-08T19:22:24.5957600Z w: file:///home/runner/work/hetu/hetu/android-app/app/src/main/java/io/github/xgl34222220/hetu/HomeInteraction7.kt:194:9 'constructor(skipPartiallyExpanded: Boolean, positionalThreshold: () -> Float, velocityThreshold: () -> Float, initialValue: SheetValue = ..., confirmValueChange: (SheetValue) -> Boolean = ..., skipHiddenState: Boolean = ...): SheetState' is deprecated. Use the primary constructor that takes a set of enabled values.
2026-10-08T19:22:24.5959891Z w: file:///home/runner/work/hetu/hetu/android-app/app/src/main/java/io/github/xgl34222220/hetu/MonitoringWorkspace.kt:257:26 Condition is always 'true'.
2026-10-08T19:22:24.5961221Z w: file:///home/runner/work/hetu/hetu/android-app/app/src/main/java/io/github/xgl34222220/hetu/MonitoringWorkspace.kt:279:22 Condition is always 'true'.
2026-10-08T19:22:24.5962840Z w: file:///home/runner/work/hetu/hetu/android-app/app/src/main/java/io/github/xgl34222220/hetu/MonitoringWorkspace.kt:395:48 Condition is always 'true'.
2026-10-08T19:22:24.5964699Z w: file:///home/runner/work/hetu/hetu/android-app/app/src/main/java/io/github/xgl34222220/hetu/MotionMaterials12.kt:234:22 'fun <T> updateTransition(transitionState: MutableTransitionState<T>, label: String? = ...): Transition<T>' is deprecated. Use rememberTransition() instead.
2026-10-08T19:22:24.5967042Z w: file:///home/runner/work/hetu/hetu/android-app/app/src/main/java/io/github/xgl34222220/hetu/ProxyAdblockChainActivity.kt:430:103 'val Icons.Rounded.FactCheck: ImageVector' is deprecated. Use the AutoMirrored version at Icons.AutoMirrored.Rounded.FactCheck.
2026-10-08T19:22:24.5969252Z w: file:///home/runner/work/hetu/hetu/android-app/app/src/main/java/io/github/xgl34222220/hetu/ProxyAppSelectionActivity.kt:134:48 'val Icons.Rounded.Sort: ImageVector' is deprecated. Use the AutoMirrored version at Icons.AutoMirrored.Rounded.Sort.
2026-10-08T19:22:24.5971121Z w: file:///home/runner/work/hetu/hetu/android-app/app/src/main/java/io/github/xgl34222220/hetu/ProxyComposeController.kt:664:35 Unnecessary safe call on a non-null receiver of type 'JSONObject'.
2026-10-08T19:22:24.5973050Z w: file:///home/runner/work/hetu/hetu/android-app/app/src/main/java/io/github/xgl34222220/hetu/ProxyLatencyHistory.kt:57:56 Unnecessary non-null assertion (!!) on a non-null receiver of type 'CoreLatencySample'.
2026-10-08T19:22:24.5974856Z w: file:///home/runner/work/hetu/hetu/android-app/app/src/main/java/io/github/xgl34222220/hetu/ProxyLatencyHistory.kt:60:78 Unnecessary non-null assertion (!!) on a non-null receiver of type 'CoreLatencySample'.
2026-10-08T19:22:24.5976760Z w: file:///home/runner/work/hetu/hetu/android-app/app/src/main/java/io/github/xgl34222220/hetu/ProxyReferenceExtras.kt:451:44 'val Icons.Rounded.Sort: ImageVector' is deprecated. Use the AutoMirrored version at Icons.AutoMirrored.Rounded.Sort.
2026-10-08T19:22:24.5978862Z w: file:///home/runner/work/hetu/hetu/android-app/app/src/main/java/io/github/xgl34222220/hetu/ProxyReferenceExtras.kt:846:44 'val Icons.Rounded.LibraryBooks: ImageVector' is deprecated. Use the AutoMirrored version at Icons.AutoMirrored.Rounded.LibraryBooks.
2026-10-08T19:22:24.5981026Z w: file:///home/runner/work/hetu/hetu/android-app/app/src/main/java/io/github/xgl34222220/hetu/ProxyReferenceExtras.kt:915:40 'val Icons.Rounded.OpenInNew: ImageVector' is deprecated. Use the AutoMirrored version at Icons.AutoMirrored.Rounded.OpenInNew.
2026-10-08T19:22:24.5983363Z w: file:///home/runner/work/hetu/hetu/android-app/app/src/main/java/io/github/xgl34222220/hetu/ProxySubStoreActivity.kt:313:56 'static field SOFT_INPUT_ADJUST_RESIZE: Int' is deprecated. Deprecated in Java.
2026-10-08T19:22:24.5985670Z w: file:///home/runner/work/hetu/hetu/android-app/app/src/main/java/io/github/xgl34222220/hetu/ProxySubscriptionActivity.kt:869:48 'val Icons.Rounded.FormatListBulleted: ImageVector' is deprecated. Use the AutoMirrored version at Icons.AutoMirrored.Rounded.FormatListBulleted.
2026-10-08T19:22:24.5987933Z w: file:///home/runner/work/hetu/hetu/android-app/app/src/main/java/io/github/xgl34222220/hetu/ReferenceProxyActivity.kt:1491:43 'val Icons.Rounded.Article: ImageVector' is deprecated. Use the AutoMirrored version at Icons.AutoMirrored.Rounded.Article.
2026-10-08T19:22:24.5990164Z w: file:///home/runner/work/hetu/hetu/android-app/app/src/main/java/io/github/xgl34222220/hetu/ReferenceProxyActivity.kt:4131:42 'val Icons.Rounded.Article: ImageVector' is deprecated. Use the AutoMirrored version at Icons.AutoMirrored.Rounded.Article.
2026-10-08T19:22:24.5992496Z w: file:///home/runner/work/hetu/hetu/android-app/app/src/main/java/io/github/xgl34222220/hetu/ReferenceProxyActivity.kt:4167:42 'val Icons.Rounded.AltRoute: ImageVector' is deprecated. Use the AutoMirrored version at Icons.AutoMirrored.Rounded.AltRoute.
2026-10-08T19:22:24.5994750Z w: file:///home/runner/work/hetu/hetu/android-app/app/src/main/java/io/github/xgl34222220/hetu/ReferenceProxyActivity.kt:4536:50 'val LocalClipboardManager: ProvidableCompositionLocal<ClipboardManager>' is deprecated. Use LocalClipboard instead which supports suspend functions.
2026-10-08T19:22:24.5996969Z w: file:///home/runner/work/hetu/hetu/android-app/app/src/main/java/io/github/xgl34222220/hetu/Runtime146FeaturesActivity.kt:85:38 'val Icons.Rounded.Article: ImageVector' is deprecated. Use the AutoMirrored version at Icons.AutoMirrored.Rounded.Article.
2026-10-08T19:22:24.5999291Z w: file:///home/runner/work/hetu/hetu/android-app/app/src/main/java/io/github/xgl34222220/hetu/SafeWebViewHost.kt:45:56 'static field SOFT_INPUT_ADJUST_RESIZE: Int' is deprecated. Deprecated in Java.
2026-10-08T19:22:24.6001760Z w: file:///home/runner/work/hetu/hetu/android-app/app/src/main/java/io/github/xgl34222220/hetu/SubscriptionHealthSettings.kt:91:22 'fun rememberModalBottomSheetState(skipPartiallyExpanded: Boolean = ..., confirmValueChange: (SheetValue) -> Boolean = ...): SheetState' is deprecated. Use rememberBottomSheetState with Hidden initial value.
2026-10-08T19:22:24.6004159Z w: file:///home/runner/work/hetu/hetu/android-app/app/src/main/java/io/github/xgl34222220/hetu/UiFeedback.kt:66:21 'val LocalClipboardManager: ProvidableCompositionLocal<ClipboardManager>' is deprecated. Use LocalClipboard instead which supports suspend functions.
2026-10-08T19:22:24.6006405Z w: file:///home/runner/work/hetu/hetu/android-app/app/src/main/java/io/github/xgl34222220/hetu/app/ActivityExtras.kt:136:42 'val Icons.Rounded.Article: ImageVector' is deprecated. Use the AutoMirrored version at Icons.AutoMirrored.Rounded.Article.
2026-10-08T19:22:24.6008545Z w: file:///home/runner/work/hetu/hetu/android-app/app/src/main/java/io/github/xgl34222220/hetu/app/AdblockScreen.kt:183:39 'val Icons.Rounded.HelpOutline: ImageVector' is deprecated. Use the AutoMirrored version at Icons.AutoMirrored.Rounded.HelpOutline.
2026-10-08T19:22:24.6010749Z w: file:///home/runner/work/hetu/hetu/android-app/app/src/main/java/io/github/xgl34222220/hetu/app/ConfigIconCompat.kt:12:27 'val Icons.Rounded.InsertDriveFile: ImageVector' is deprecated. Use the AutoMirrored version at Icons.AutoMirrored.Rounded.InsertDriveFile.
2026-10-08T19:22:24.6013067Z w: file:///home/runner/work/hetu/hetu/android-app/app/src/main/java/io/github/xgl34222220/hetu/app/ConnectionsScreen.kt:130:76 'val Icons.Rounded.Sort: ImageVector' is deprecated. Use the AutoMirrored version at Icons.AutoMirrored.Rounded.Sort.
2026-10-08T19:22:24.6015597Z w: file:///home/runner/work/hetu/hetu/android-app/app/src/main/java/io/github/xgl34222220/hetu/app/HxComponents.kt:774:22 'fun rememberModalBottomSheetState(skipPartiallyExpanded: Boolean = ..., confirmValueChange: (SheetValue) -> Boolean = ...): SheetState' is deprecated. Use rememberBottomSheetState with Hidden initial value.
2026-10-08T19:22:24.6017661Z w: file:///home/runner/work/hetu/hetu/android-app/app/src/main/java/io/github/xgl34222220/hetu/app/HxMotionKit.kt:295:64 Unnecessary non-null assertion (!!) on a non-null receiver of type 'HazeState'.
2026-10-08T19:22:24.6019546Z w: file:///home/runner/work/hetu/hetu/android-app/app/src/main/java/io/github/xgl34222220/hetu/app/PanelOverviewScreen.kt:96:43 'val Icons.Rounded.Sort: ImageVector' is deprecated. Use the AutoMirrored version at Icons.AutoMirrored.Rounded.Sort.
2026-10-08T19:22:24.6021637Z w: file:///home/runner/work/hetu/hetu/android-app/app/src/main/java/io/github/xgl34222220/hetu/app/ProxiesScreen.kt:242:58 'val Icons.Rounded.Sort: ImageVector' is deprecated. Use the AutoMirrored version at Icons.AutoMirrored.Rounded.Sort.
2026-10-08T19:22:24.6023175Z w: file:///home/runner/work/hetu/hetu/android-app/app/src/main/java/io/github/xgl34222220/hetu/app/ProxiesScreen.kt:1147:25 Condition is always 'true'.
2026-10-08T19:22:24.6024538Z w: file:///home/runner/work/hetu/hetu/android-app/app/src/main/java/io/github/xgl34222220/hetu/app/ProxiesScreen.kt:1149:25 Condition is always 'true'.
2026-10-08T19:22:24.6026136Z w: file:///home/runner/work/hetu/hetu/android-app/app/src/main/java/io/github/xgl34222220/hetu/app/RulesScreen.kt:106:59 'val Icons.Rounded.Rule: ImageVector' is deprecated. Use the AutoMirrored version at Icons.AutoMirrored.Rounded.Rule.
2026-10-08T19:22:24.6028310Z w: file:///home/runner/work/hetu/hetu/android-app/app/src/main/java/io/github/xgl34222220/hetu/home/HomeRoute.kt:165:22 'fun rememberModalBottomSheetState(skipPartiallyExpanded: Boolean = ..., confirmValueChange: (SheetValue) -> Boolean = ...): SheetState' is deprecated. Use rememberBottomSheetState with Hidden initial value.
2026-10-08T19:22:24.6030485Z w: file:///home/runner/work/hetu/hetu/android-app/app/src/main/java/io/github/xgl34222220/hetu/tools/ToolsVpnConsent.kt:40:25 Unnecessary non-null assertion (!!) on a non-null receiver of type 'ActivityResultLauncher<Intent>'.
2026-10-08T19:22:24.6032594Z w: file:///home/runner/work/hetu/hetu/android-app/app/src/main/java/io/github/xgl34222220/hetu/ui/BaiZeIcons.kt:75:43 'val Icons.Outlined.AltRoute: ImageVector' is deprecated. Use the AutoMirrored version at Icons.AutoMirrored.Outlined.AltRoute.
2026-10-08T19:22:24.6034683Z w: file:///home/runner/work/hetu/hetu/android-app/app/src/main/java/io/github/xgl34222220/hetu/ui/BaiZeIcons.kt:83:32 'val Icons.Outlined.Launch: ImageVector' is deprecated. Use the AutoMirrored version at Icons.AutoMirrored.Outlined.Launch.
2026-10-08T19:22:24.6036292Z w: file:///home/runner/work/hetu/hetu/android-app/app/src/main/java/io/github/xgl34222220/hetu/ui/HetuGlassDock.kt:317:25 Expression is unused.
2026-10-08T19:22:24.6037539Z w: file:///home/runner/work/hetu/hetu/android-app/app/src/main/java/io/github/xgl34222220/hetu/ui/HetuMotion.kt:131:13 Expression is unused.
2026-10-08T19:22:24.6038784Z w: file:///home/runner/work/hetu/hetu/android-app/app/src/main/java/io/github/xgl34222220/hetu/ui/HetuMotion.kt:165:13 Expression is unused.
2026-10-08T19:22:24.6040545Z w: file:///home/runner/work/hetu/hetu/android-app/app/src/main/java/io/github/xgl34222220/hetu/ui/HetuUiKit.kt:183:37 'val Icons.Outlined.Article: ImageVector' is deprecated. Use the AutoMirrored version at Icons.AutoMirrored.Outlined.Article.
2026-10-08T19:22:24.6042712Z w: file:///home/runner/work/hetu/hetu/android-app/app/src/main/java/io/github/xgl34222220/hetu/ui/HetuUiKit.kt:188:38 'val Icons.Outlined.AltRoute: ImageVector' is deprecated. Use the AutoMirrored version at Icons.AutoMirrored.Outlined.AltRoute.
2026-10-08T19:22:24.6045112Z w: file:///home/runner/work/hetu/hetu/android-app/app/src/main/java/io/github/xgl34222220/hetu/ui/ReferenceMiuix.kt:30:30 'fun rememberModalBottomSheetState(skipPartiallyExpanded: Boolean = ..., confirmValueChange: (SheetValue) -> Boolean = ...): SheetState' is deprecated. Use rememberBottomSheetState with Hidden initial value.
2026-10-08T19:22:28.4866325Z 
2026-10-08T19:22:28.4868316Z > Task :app:compileDebugJavaWithJavac
2026-10-08T19:22:28.4873437Z Note: Some input files use or override a deprecated API.
2026-10-08T19:22:28.4912845Z Note: Recompile with -Xlint:deprecation for details.
2026-10-08T19:22:29.2864500Z 
2026-10-08T19:22:29.2873131Z > Task :app:processDebugJavaRes
2026-10-08T19:22:30.7892849Z > Task :app:mergeDebugJavaResource
2026-10-08T19:22:52.0852596Z > Task :app:dexBuilderDebug
2026-10-08T19:22:54.4882840Z > Task :app:mergeProjectDexDebug
2026-10-08T19:22:57.6856720Z > Task :app:packageDebug
2026-10-08T19:22:57.6859025Z > Task :app:createDebugApkListingFileRedirect
2026-10-08T19:22:57.6859647Z > Task :app:assembleDebug
2026-10-08T19:22:57.7856598Z gradle/actions: Writing build results to /home/runner/work/_temp/.gradle-actions/build-results/__run_23-1791487270034.json
2026-10-08T19:22:57.7861203Z 
2026-10-08T19:22:57.7862246Z [Incubating] Problems report is available at: file:///home/runner/work/hetu/hetu/android-app/build/reports/problems/problems-report.html
2026-10-08T19:22:57.7863032Z 
2026-10-08T19:22:57.7863287Z BUILD SUCCESSFUL in 1m 49s
2026-10-08T19:22:57.7863737Z 39 actionable tasks: 39 executed
2026-10-08T19:22:57.8193561Z Consider enabling configuration cache to speed up this build: https://docs.gradle.org/9.5.0/userguide/configuration_cache_enabling.html
2026-10-08T19:22:58.1420986Z ##[group]Run python3 .github/scripts/verify_packaged_runtime.py verify
2026-10-08T19:22:58.1421335Z [36;1mpython3 .github/scripts/verify_packaged_runtime.py verify[0m
2026-10-08T19:22:58.1474696Z shell: /usr/bin/bash -e {0}
2026-10-08T19:22:58.1474880Z env:
2026-10-08T19:22:58.1475079Z   HETU_TEST_KEYSTORE: /home/runner/.android/hetu-ui10-debug.jks
2026-10-08T19:22:58.1475330Z   HETU_EXPECTED_TESTS: 706
2026-10-08T19:22:58.1475504Z   HETU_EXPECTED_TEST_XML_FILES: 77
2026-10-08T19:22:58.1475700Z   HETU_EXPECTED_VERSION: 2093
2026-10-08T19:22:58.1475896Z   HETU_EXPECTED_VERSION_NAME: 0.12.20-v20-glass
2026-10-08T19:22:58.1476175Z   JAVA_HOME: /opt/hostedtoolcache/Java_Temurin-Hotspot_jdk/21.0.12-1/x64
2026-10-08T19:22:58.1476481Z   JAVA_HOME_21_X64: /opt/hostedtoolcache/Java_Temurin-Hotspot_jdk/21.0.12-1/x64
2026-10-08T19:22:58.1476754Z   GRADLE_ACTION_ID: gradle/actions/setup-gradle
2026-10-08T19:22:58.1476960Z   GRADLE_USER_HOME: /home/runner/.gradle
2026-10-08T19:22:58.1477182Z   GRADLE_BUILD_ACTION_SETUP_COMPLETED: true
2026-10-08T19:22:58.1477389Z   GRADLE_BUILD_ACTION_CACHE_RESTORED: true
2026-10-08T19:22:58.1477673Z   DEVELOCITY_INJECTION_INIT_SCRIPT_NAME: gradle-actions.inject-develocity.init.gradle
2026-10-08T19:22:58.1477973Z   DEVELOCITY_INJECTION_CUSTOM_VALUE: gradle-actions
2026-10-08T19:22:58.1478188Z   GITHUB_DEPENDENCY_GRAPH_ENABLED: false
2026-10-08T19:22:58.1478371Z ##[endgroup]
2026-10-08T19:22:59.1673211Z APK runtime verified: all 23 entries match tested source/pinned originals
2026-10-08T19:22:59.1771087Z ##[group]Run python3 .github/scripts/verify_materialkolor_abi.py android-app/app/build/outputs/apk/debug/app-debug.apk --output out/verification/materialkolor-abi.json
2026-10-08T19:22:59.1771996Z [36;1mpython3 .github/scripts/verify_materialkolor_abi.py android-app/app/build/outputs/apk/debug/app-debug.apk --output out/verification/materialkolor-abi.json[0m
2026-10-08T19:22:59.1827917Z shell: /usr/bin/bash -e {0}
2026-10-08T19:22:59.1828120Z env:
2026-10-08T19:22:59.1828329Z   HETU_TEST_KEYSTORE: /home/runner/.android/hetu-ui10-debug.jks
2026-10-08T19:22:59.1828560Z   HETU_EXPECTED_TESTS: 706
2026-10-08T19:22:59.1828736Z   HETU_EXPECTED_TEST_XML_FILES: 77
2026-10-08T19:22:59.1828920Z   HETU_EXPECTED_VERSION: 2093
2026-10-08T19:22:59.1829111Z   HETU_EXPECTED_VERSION_NAME: 0.12.20-v20-glass
2026-10-08T19:22:59.1829371Z   JAVA_HOME: /opt/hostedtoolcache/Java_Temurin-Hotspot_jdk/21.0.12-1/x64
2026-10-08T19:22:59.1829725Z   JAVA_HOME_21_X64: /opt/hostedtoolcache/Java_Temurin-Hotspot_jdk/21.0.12-1/x64
2026-10-08T19:22:59.1829987Z   GRADLE_ACTION_ID: gradle/actions/setup-gradle
2026-10-08T19:22:59.1830422Z   GRADLE_USER_HOME: /home/runner/.gradle
2026-10-08T19:22:59.1830612Z   GRADLE_BUILD_ACTION_SETUP_COMPLETED: true
2026-10-08T19:22:59.1830812Z   GRADLE_BUILD_ACTION_CACHE_RESTORED: true
2026-10-08T19:22:59.1831087Z   DEVELOCITY_INJECTION_INIT_SCRIPT_NAME: gradle-actions.inject-develocity.init.gradle
2026-10-08T19:22:59.1831386Z   DEVELOCITY_INJECTION_CUSTOM_VALUE: gradle-actions
2026-10-08T19:22:59.1831750Z   GITHUB_DEPENDENCY_GRAPH_ENABLED: false
2026-10-08T19:22:59.1831937Z ##[endgroup]
2026-10-08T19:23:00.1752044Z MaterialKolor ABI: 687 constructors, 0 missing; expected-incompatible=False
2026-10-08T19:23:00.1884842Z ##[group]Run python3 .github/scripts/verify_hetu_icons.py apk android-app/app/build/outputs/apk/debug/app-debug.apk
2026-10-08T19:23:00.1885658Z [36;1mpython3 .github/scripts/verify_hetu_icons.py apk android-app/app/build/outputs/apk/debug/app-debug.apk[0m
2026-10-08T19:23:00.1949541Z shell: /usr/bin/bash -e {0}
2026-10-08T19:23:00.1949747Z env:
2026-10-08T19:23:00.1949965Z   HETU_TEST_KEYSTORE: /home/runner/.android/hetu-ui10-debug.jks
2026-10-08T19:23:00.1950204Z   HETU_EXPECTED_TESTS: 706
2026-10-08T19:23:00.1950375Z   HETU_EXPECTED_TEST_XML_FILES: 77
2026-10-08T19:23:00.1950559Z   HETU_EXPECTED_VERSION: 2093
2026-10-08T19:23:00.1950748Z   HETU_EXPECTED_VERSION_NAME: 0.12.20-v20-glass
2026-10-08T19:23:00.1951011Z   JAVA_HOME: /opt/hostedtoolcache/Java_Temurin-Hotspot_jdk/21.0.12-1/x64
2026-10-08T19:23:00.1951315Z   JAVA_HOME_21_X64: /opt/hostedtoolcache/Java_Temurin-Hotspot_jdk/21.0.12-1/x64
2026-10-08T19:23:00.1951763Z   GRADLE_ACTION_ID: gradle/actions/setup-gradle
2026-10-08T19:23:00.1952004Z   GRADLE_USER_HOME: /home/runner/.gradle
2026-10-08T19:23:00.1952196Z   GRADLE_BUILD_ACTION_SETUP_COMPLETED: true
2026-10-08T19:23:00.1952393Z   GRADLE_BUILD_ACTION_CACHE_RESTORED: true
2026-10-08T19:23:00.1952666Z   DEVELOCITY_INJECTION_INIT_SCRIPT_NAME: gradle-actions.inject-develocity.init.gradle
2026-10-08T19:23:00.1952963Z   DEVELOCITY_INJECTION_CUSTOM_VALUE: gradle-actions
2026-10-08T19:23:00.1953173Z   GITHUB_DEPENDENCY_GRAPH_ENABLED: false
2026-10-08T19:23:00.1953356Z ##[endgroup]
2026-10-08T19:23:00.2275984Z ic_hetu_official.webp: 12700 bytes SHA256 ffd1dce1e68a23d47a9a87faf69d94cfbd9dcb428f7cb538fb8ab305199d4fcf verified
2026-10-08T19:23:00.2276931Z ic_hetu_concept.png: 1446228 bytes SHA256 31573825cac7536b442c67e7a8110fd5584715a347d9cc8e9ef50cc66b29d04c verified
2026-10-08T19:23:00.2344209Z ##[group]Run set -euo pipefail
2026-10-08T19:23:00.2344440Z [36;1mset -euo pipefail[0m
2026-10-08T19:23:00.2344789Z [36;1mpython3 .github/scripts/run_continuity93_baseline_hosts.py --historical-before-output out/verification/historical-before92[0m
2026-10-08T19:23:00.2396982Z shell: /usr/bin/bash -e {0}
2026-10-08T19:23:00.2397157Z env:
2026-10-08T19:23:00.2397351Z   HETU_TEST_KEYSTORE: /home/runner/.android/hetu-ui10-debug.jks
2026-10-08T19:23:00.2397582Z   HETU_EXPECTED_TESTS: 706
2026-10-08T19:23:00.2397757Z   HETU_EXPECTED_TEST_XML_FILES: 77
2026-10-08T19:23:00.2397957Z   HETU_EXPECTED_VERSION: 2093
2026-10-08T19:23:00.2398151Z   HETU_EXPECTED_VERSION_NAME: 0.12.20-v20-glass
2026-10-08T19:23:00.2398410Z   JAVA_HOME: /opt/hostedtoolcache/Java_Temurin-Hotspot_jdk/21.0.12-1/x64
2026-10-08T19:23:00.2398709Z   JAVA_HOME_21_X64: /opt/hostedtoolcache/Java_Temurin-Hotspot_jdk/21.0.12-1/x64
2026-10-08T19:23:00.2398974Z   GRADLE_ACTION_ID: gradle/actions/setup-gradle
2026-10-08T19:23:00.2399208Z   GRADLE_USER_HOME: /home/runner/.gradle
2026-10-08T19:23:00.2399401Z   GRADLE_BUILD_ACTION_SETUP_COMPLETED: true
2026-10-08T19:23:00.2399599Z   GRADLE_BUILD_ACTION_CACHE_RESTORED: true
2026-10-08T19:23:00.2399878Z   DEVELOCITY_INJECTION_INIT_SCRIPT_NAME: gradle-actions.inject-develocity.init.gradle
2026-10-08T19:23:00.2400180Z   DEVELOCITY_INJECTION_CUSTOM_VALUE: gradle-actions
2026-10-08T19:23:00.2400388Z   GITHUB_DEPENDENCY_GRAPH_ENABLED: false
2026-10-08T19:23:00.2400571Z ##[endgroup]
2026-10-08T19:25:18.4601873Z {"result": "EXPECTED_REGRESSION_REPRODUCED", "observedRepositoryCommit": "d7295d1aec1ffb17a0076d4dc9a8a4122d467447", "baseCommit": "9fe4931b6e37a1a7f7f78fd27835069e2b354aa7", "changedProductionSourceOnly": "android-app/app/src/main/java/io/github/xgl34222220/hetu/ProxyDashboardRepository.kt", "beforeSourceSha256": "17bc176611252b07769dd90f1a59ce7ad094c4a9222b0d83fe430aa6e789d1ec", "currentSourceSha256": "645e162e0898956659d47ead906446b26f849d63f8bf9038d1fc3ea042aa8af0", "currentTestSourceSha256": "d967e9c9f4b4bdb46525125b0a3aede5321862e69dcdaa5c0f890a42c11dab68", "currentCheckoutUnmodified": true, "suite": "io.github.xgl34222220.hetu.CrossRepositoryMutation91Test", "testcaseFailures": {"otherRepositorySingleAndBulkSubscriptionUpdatesRefreshShortCacheButRejectedUpdatesRetainIt": {"type": "java.io.IOException", "message": "java.io.IOException: \u8282\u70b9\u5df2\u66f4\u65b0\uff0c\u8bf7\u5237\u65b0\u7b56\u7565\u7ec4"}, "otherRepositorySelectionsAndProviderUpdatesRejectLateWebsiteWavesOnlyAfterSuccess": {"type": "java.lang.AssertionError", "message": "java.lang.AssertionError: Other repository's confirmed select rejects the old website wave"}, "otherRepositorySuccessfulSelectionRefreshesNestedShortCacheAndFailedSelectionPreservesIt": {"type": "java.lang.AssertionError", "message": "java.lang.AssertionError: The other page's successful PUT must refresh Outer -> Nested expected:<74> but was:<65>"}, "otherRepositorySelectionsAndProviderUpdatesRejectLateSelectorMapsOnlyAfterSuccess": {"type": "java.lang.AssertionError", "message": "java.lang.AssertionError: Other repository's confirmed select rejects the old Selector map"}}, "xmlSha256": "d0854c5ae28ba2932191cbbe6ff1006444aef2523b43dbb846bceb617d5246be", "tests": 4, "skipped": 0, "gradleExit": 1, "limitations": "Controlled before/after real HTTP JVM fixture, not a phone, Root, radio or Google account result."}
2026-10-08T19:25:21.3468317Z {"exactNewLayerReversed": true, "verifiedPredecessorInputs": 405, "missingUnchangedNativeInputs": [], "currentCheckoutUnmodified": true, "baselineVersion": 2091, "baselineCommit": "d7295d1aec1ffb17a0076d4dc9a8a4122d467447", "historicalBefore": {"result": "PASS", "evidenceSourceCommit": "d7295d1aec1ffb17a0076d4dc9a8a4122d467447", "evidenceVersion": 2091, "candidateCommit": "cffeff08ee38c7220922bdb36de81b621c935daf", "candidateSourceUnaffected": true, "historicalOnly": true, "usedAsCurrent92Acceptance": false, "limitations": "Historical V20.91 before proof; V20.92 current HTTP regression, full XML and sustained traffic are validated separately."}}
2026-10-08T19:27:03.7905874Z {"result": "EXPECTED_REGRESSION_REPRODUCED", "observedRepositoryCommit": "cffeff08ee38c7220922bdb36de81b621c935daf", "baseCommit": "d7295d1aec1ffb17a0076d4dc9a8a4122d467447", "changedProductionSourcesOnly": ["android-app/app/src/main/java/io/github/xgl34222220/hetu/ProxyDashboardRepository.kt", "android-app/app/src/main/java/io/github/xgl34222220/hetu/ToolsRuntimeBridge.kt"], "beforeSourceSha256": {"android-app/app/src/main/java/io/github/xgl34222220/hetu/ProxyDashboardRepository.kt": "645e162e0898956659d47ead906446b26f849d63f8bf9038d1fc3ea042aa8af0", "android-app/app/src/main/java/io/github/xgl34222220/hetu/ToolsRuntimeBridge.kt": "06b93029f588704b80125d049bc014e28103701f103651b88b3752bba63535e4"}, "currentSourceSha256": {"android-app/app/src/main/java/io/github/xgl34222220/hetu/ProxyDashboardRepository.kt": "e0f81aa05b83c172f0264e588ad4a279ee8d8c68b28c62dec206d70262f8b67a", "android-app/app/src/main/java/io/github/xgl34222220/hetu/ToolsRuntimeBridge.kt": "4230adeed8960ff03f10855c69c9b6d8b60e4524896e9be89e1a9f4a9f3d55a3"}, "currentTestSourceSha256": "432dc8e167d2d28703517321b81e1130a73c1a3029c3c4f2d8db3727d248c606", "currentCheckoutUnmodified": true, "suite": "io.github.xgl34222220.hetu.RuleModeMutation92Test", "testcaseFailures": {"latePatchFromReplacedApiCannotReadBackOrConfirmThroughReplacement": {"type": "java.lang.AssertionError", "message": "java.lang.AssertionError: The tool must not confirm an operation from a replaced API"}, "toolRuleModeSwitchRejectsOldWebsiteWaveOnlyAfterSuccessfulPatch": {"type": "java.lang.AssertionError", "message": "java.lang.AssertionError: A successful tool PATCH must supersede the old route wave"}, "successfulPatchInvalidatesOldWaveBeforeHeldReadBackFinishesEvenWhenModeIsUnconfirmed": {"type": "java.lang.AssertionError", "message": "java.lang.AssertionError: A successful tool PATCH must supersede the old route wave"}, "lateReadBackCannotConfirmAfterApiReplacementEvenWhenOldApiReturnsRule": {"type": "java.lang.AssertionError", "message": "java.lang.AssertionError: The tool must not confirm an operation from a replaced API"}, "successfulPatchWithFailedConfirmationStillInvalidatesOldWebsiteWave": {"type": "java.lang.AssertionError", "message": "java.lang.AssertionError: A successful tool PATCH must supersede the old route wave"}}, "xmlSha256": "85ae75250c8ae775326f34e20457a5180affcf130173f7ed95a9dadaf4c06db9", "tests": 5, "skipped": 0, "gradleExit": 1, "limitations": "Current V20.92 HTTP JVM regressions against pinned V20.91 source; no phone, Root, radio or Google authentication claim.", "processWallSeconds": 99.79436568999995}
2026-10-08T19:27:14.2148276Z {"exactNewLayerReversed": true, "verifiedPredecessorInputs": 406, "missingUnchangedNativeInputs": [], "currentCheckoutUnmodified": true, "baselineVersion": 2092, "baselineCommit": "cffeff08ee38c7220922bdb36de81b621c935daf", "historicalBefore": {"result": "PASS", "evidenceSourceCommit": "cffeff08ee38c7220922bdb36de81b621c935daf", "evidenceVersion": 2092, "candidateCommit": "b2c06e11428cf778226da5bf7c4bdd45a7149b57", "candidateSourceUnaffected": true, "historicalOnly": true, "usedAsCurrent93Acceptance": false, "nestedHistoricalEvidence": {"historical-before91": "d7295d1aec1ffb17a0076d4dc9a8a4122d467447"}, "limitations": "Historical V20.91 and V20.92 before proof; current V20.93 HTTP/UI results and sustained traffic are separately validated."}}
2026-10-08T19:27:14.2249677Z ##[group]Run set -euo pipefail
2026-10-08T19:27:14.2249914Z [36;1mset -euo pipefail[0m
2026-10-08T19:27:14.2250248Z [36;1mpython3 ../.github/scripts/continuity93_ci_config.py junit-filters > ../out/verification/function-junit-filter-args.txt[0m
2026-10-08T19:27:14.2250699Z [36;1mmapfile -t FUNCTION_TEST_FILTERS < ../out/verification/function-junit-filter-args.txt[0m
2026-10-08T19:27:14.2251125Z [36;1mgradle --no-daemon --max-workers=2 -Dorg.gradle.jvmargs='-Xmx3g -Dfile.encoding=UTF-8' :app:testDebugUnitTest \[0m
2026-10-08T19:27:14.2251678Z [36;1m  --tests '*RuntimeYaml15Test' --tests '*RuntimeStartup15Test' --tests '*AdblockSnifferTest' \[0m
2026-10-08T19:27:14.2252099Z [36;1m  --tests '*ConceptParity57Test' --tests '*PanelConceptModelTest' --tests '*SettingsConceptParityTest' \[0m
2026-10-08T19:27:14.2252822Z [36;1m  --tests '*CoreManagerConcept57Test' --tests '*SettingsBackupParity57Test' --tests '*ToolsConceptParityTest' --tests '*NativeConceptScreenshotTest' --tests '*SettingsPickerParity58Test' --tests '*LargeTitleParity59Test' --tests '*BootStartup60Test' \[0m
2026-10-08T19:27:14.2255486Z [36;1m  --tests '*ConceptStateCoverageTest' --tests '*ConceptRemainingCoverageTest' --tests '*WanDetails61Test' --tests '*MainLanguageBindingTest' --tests '*PanelLayoutDefaultsTest' --tests '*Runtime146ContractTest' --tests '*PanelModel11Test' --tests '*PanelActionSafetyTest' --tests '*ProxyLatencyRegressionTest' --tests '*DocumentPickerSafetyTest' --tests '*AppCrashReportTest' --tests '*ProxyScriptSafetyTest' --tests '*RootAutostartTest' --tests '*CustomPaletteCompatibilityTest' --tests '*ProxyAdblockExportTest' --tests '*RootHealthUpgradeTest' --tests '*RootNetworkRecoveryTest' --tests '*ProxyNetworkJournalTest' --tests '*NetworkDiagnosticsTest' --tests '*NetworkRecoveryStressTest' --tests '*JournalReliabilityTest' --tests '*NewUiIntegrationTest' --tests '*NewUiShell83Test' --tests '*NewHomePanelInteractionTest' --tests '*UI83ToolsTest' --tests '*UI83EditorHistoryTest' --tests '*ToastFeedbackTest' --tests '*ControllerAuthenticationTest' --tests '*LegacyControllerCredentialTest' --tests '*ControllerReadStateTest' --tests '*PanelControllerErrorTest' --tests '*GoogleConnectionEvidenceTest' --tests '*ToolsPdf85Test' --tests '*ToolsDiagIntakeTest' --tests '*ToolsDnsConsentIntakeTest' "${FUNCTION_TEST_FILTERS[@]}" --stacktrace[0m
2026-10-08T19:27:14.2310543Z shell: /usr/bin/bash -e {0}
2026-10-08T19:27:14.2310711Z env:
2026-10-08T19:27:14.2310902Z   HETU_TEST_KEYSTORE: /home/runner/.android/hetu-ui10-debug.jks
2026-10-08T19:27:14.2311131Z   HETU_EXPECTED_TESTS: 706
2026-10-08T19:27:14.2311304Z   HETU_EXPECTED_TEST_XML_FILES: 77
2026-10-08T19:27:14.2311569Z   HETU_EXPECTED_VERSION: 2093
2026-10-08T19:27:14.2311758Z   HETU_EXPECTED_VERSION_NAME: 0.12.20-v20-glass
2026-10-08T19:27:14.2312012Z   JAVA_HOME: /opt/hostedtoolcache/Java_Temurin-Hotspot_jdk/21.0.12-1/x64
2026-10-08T19:27:14.2312310Z   JAVA_HOME_21_X64: /opt/hostedtoolcache/Java_Temurin-Hotspot_jdk/21.0.12-1/x64
2026-10-08T19:27:14.2312578Z   GRADLE_ACTION_ID: gradle/actions/setup-gradle
2026-10-08T19:27:14.2312786Z   GRADLE_USER_HOME: /home/runner/.gradle
2026-10-08T19:27:14.2312976Z   GRADLE_BUILD_ACTION_SETUP_COMPLETED: true
2026-10-08T19:27:14.2313180Z   GRADLE_BUILD_ACTION_CACHE_RESTORED: true
2026-10-08T19:27:14.2313452Z   DEVELOCITY_INJECTION_INIT_SCRIPT_NAME: gradle-actions.inject-develocity.init.gradle
2026-10-08T19:27:14.2313749Z   DEVELOCITY_INJECTION_CUSTOM_VALUE: gradle-actions
2026-10-08T19:27:14.2313956Z   GITHUB_DEPENDENCY_GRAPH_ENABLED: false
2026-10-08T19:27:14.2314138Z ##[endgroup]
2026-10-08T19:27:25.1954422Z To honour the JVM settings for this build a single-use Daemon process will be forked. For more on this, please refer to https://docs.gradle.org/9.5.0/userguide/gradle_daemon.html#sec:disabling_the_daemon in the Gradle documentation.
2026-10-08T19:27:25.7925242Z Daemon will be stopped at the end of the build 
2026-10-08T19:27:31.2954184Z Configuration 'debugCompileClasspath' was resolved during configuration time.
2026-10-08T19:27:31.2984506Z This is a build performance and scalability issue.
2026-10-08T19:27:31.2992528Z See https://github.com/gradle/gradle/issues/2298
2026-10-08T19:27:31.2993124Z Run with --info for a stacktrace.
2026-10-08T19:27:31.4939090Z Configuration 'debugRuntimeClasspath' was resolved during configuration time.
2026-10-08T19:27:31.4962406Z This is a build performance and scalability issue.
2026-10-08T19:27:31.4973714Z See https://github.com/gradle/gradle/issues/2298
2026-10-08T19:27:31.4974239Z Run with --info for a stacktrace.
2026-10-08T19:27:31.8934543Z > Task :app:preBuild UP-TO-DATE
2026-10-08T19:27:31.8935165Z > Task :app:preDebugBuild UP-TO-DATE
2026-10-08T19:27:31.9927709Z > Task :app:generateDebugBuildConfig UP-TO-DATE
2026-10-08T19:27:31.9956634Z > Task :app:generateDebugResources UP-TO-DATE
2026-10-08T19:27:32.0918317Z > Task :app:prepareLibraryDefinitionsDebug UP-TO-DATE
2026-10-08T19:27:32.0919196Z > Task :app:packageDebugResources UP-TO-DATE
2026-10-08T19:27:32.2918168Z > Task :app:processDebugNavigationResources UP-TO-DATE
2026-10-08T19:27:32.2919104Z > Task :app:parseDebugLocalResources UP-TO-DATE
2026-10-08T19:27:32.2919672Z > Task :app:generateDebugRFile UP-TO-DATE
2026-10-08T19:27:32.4923022Z > Task :app:compileDebugKotlin UP-TO-DATE
2026-10-08T19:27:32.4923706Z > Task :app:javaPreCompileDebug UP-TO-DATE
2026-10-08T19:27:32.5921006Z > Task :app:compileDebugJavaWithJavac UP-TO-DATE
2026-10-08T19:27:32.5952287Z > Task :app:checkDebugAarMetadata UP-TO-DATE
2026-10-08T19:27:32.5982166Z > Task :app:mapDebugSourceSetPaths UP-TO-DATE
2026-10-08T19:27:32.6012043Z > Task :app:compileDebugNavigationResources UP-TO-DATE
2026-10-08T19:27:32.6042112Z > Task :app:mergeDebugResources UP-TO-DATE
2026-10-08T19:27:32.6073140Z > Task :app:createDebugCompatibleScreenManifests UP-TO-DATE
2026-10-08T19:27:32.6088986Z > Task :app:extractDeepLinksDebug UP-TO-DATE
2026-10-08T19:27:32.6943054Z > Task :app:processDebugMainManifest UP-TO-DATE
2026-10-08T19:27:32.6972113Z > Task :app:processDebugManifest UP-TO-DATE
2026-10-08T19:27:32.6993468Z > Task :app:processDebugManifestForPackage UP-TO-DATE
2026-10-08T19:27:32.8917601Z > Task :app:processDebugResources UP-TO-DATE
2026-10-08T19:27:33.0918411Z > Task :app:bundleDebugClassesToRuntimeJar
2026-10-08T19:27:33.0922300Z > Task :app:preDebugUnitTestBuild UP-TO-DATE
2026-10-08T19:27:33.0922702Z > Task :app:bundleDebugClassesToCompileJar
2026-10-08T19:27:33.0923059Z > Task :app:javaPreCompileDebugUnitTest
2026-10-08T19:27:34.1922986Z > Task :app:generateDebugAssets UP-TO-DATE
2026-10-08T19:27:34.2922867Z > Task :app:mergeDebugAssets UP-TO-DATE
2026-10-08T19:27:35.4918073Z > Task :app:packageDebugUnitTestForUnitTest
2026-10-08T19:27:35.8919256Z > Task :app:mergeDebugUnitTestManifest
2026-10-08T19:27:35.8920200Z > Task :app:processDebugUnitTestManifest
2026-10-08T19:27:35.8920838Z > Task :app:generateDebugUnitTestConfig
2026-10-08T19:27:35.8921243Z > Task :app:processDebugJavaRes UP-TO-DATE
2026-10-08T19:27:59.1920062Z 
2026-10-08T19:27:59.1942845Z > Task :app:compileDebugUnitTestKotlin
2026-10-08T19:27:59.1974780Z w: file:///home/runner/work/hetu/hetu/android-app/app/src/test/java/io/github/xgl34222220/hetu/CompactHomeDashboardTest.kt:36:26 'fun <reified A : ComponentActivity> createAndroidComposeRule(effectContext: CoroutineContext = ...): AndroidComposeTestRule<ActivityScenarioRule<A>, A>' is deprecated. Use `androidx.compose.ui.test.junit4.v2.createAndroidComposeRule` instead. The v2 APIs use StandardTestDispatcher instead of UnconfinedTestDispatcher, which aligns with standard coroutine behavior by queuing tasks rather than executing them immediately. Tests relying on immediate execution may require explicit synchronization. Please refer to the migration guide for more details.
2026-10-08T19:27:59.1980424Z w: file:///home/runner/work/hetu/hetu/android-app/app/src/test/java/io/github/xgl34222220/hetu/ConceptParity57Test.kt:26:26 'fun <reified A : ComponentActivity> createAndroidComposeRule(effectContext: CoroutineContext = ...): AndroidComposeTestRule<ActivityScenarioRule<A>, A>' is deprecated. Use `androidx.compose.ui.test.junit4.v2.createAndroidComposeRule` instead. The v2 APIs use StandardTestDispatcher instead of UnconfinedTestDispatcher, which aligns with standard coroutine behavior by queuing tasks rather than executing them immediately. Tests relying on immediate execution may require explicit synchronization. Please refer to the migration guide for more details.
2026-10-08T19:27:59.1993664Z w: file:///home/runner/work/hetu/hetu/android-app/app/src/test/java/io/github/xgl34222220/hetu/ConceptRemainingCoverageTest.kt:59:26 'fun <reified A : ComponentActivity> createAndroidComposeRule(effectContext: CoroutineContext = ...): AndroidComposeTestRule<ActivityScenarioRule<A>, A>' is deprecated. Use `androidx.compose.ui.test.junit4.v2.createAndroidComposeRule` instead. The v2 APIs use StandardTestDispatcher instead of UnconfinedTestDispatcher, which aligns with standard coroutine behavior by queuing tasks rather than executing them immediately. Tests relying on immediate execution may require explicit synchronization. Please refer to the migration guide for more details.
2026-10-08T19:27:59.2003794Z w: file:///home/runner/work/hetu/hetu/android-app/app/src/test/java/io/github/xgl34222220/hetu/ConceptStateCoverageTest.kt:52:26 'fun <reified A : ComponentActivity> createAndroidComposeRule(effectContext: CoroutineContext = ...): AndroidComposeTestRule<ActivityScenarioRule<A>, A>' is deprecated. Use `androidx.compose.ui.test.junit4.v2.createAndroidComposeRule` instead. The v2 APIs use StandardTestDispatcher instead of UnconfinedTestDispatcher, which aligns with standard coroutine behavior by queuing tasks rather than executing them immediately. Tests relying on immediate execution may require explicit synchronization. Please refer to the migration guide for more details.
2026-10-08T19:27:59.2015663Z w: file:///home/runner/work/hetu/hetu/android-app/app/src/test/java/io/github/xgl34222220/hetu/CustomPaletteCompatibilityTest.kt:33:26 'fun <reified A : ComponentActivity> createAndroidComposeRule(effectContext: CoroutineContext = ...): AndroidComposeTestRule<ActivityScenarioRule<A>, A>' is deprecated. Use `androidx.compose.ui.test.junit4.v2.createAndroidComposeRule` instead. The v2 APIs use StandardTestDispatcher instead of UnconfinedTestDispatcher, which aligns with standard coroutine behavior by queuing tasks rather than executing them immediately. Tests relying on immediate execution may require explicit synchronization. Please refer to the migration guide for more details.
2026-10-08T19:27:59.2021961Z w: file:///home/runner/work/hetu/hetu/android-app/app/src/test/java/io/github/xgl34222220/hetu/GlassDockFeedback93Test.kt:43:26 'fun <reified A : ComponentActivity> createAndroidComposeRule(effectContext: CoroutineContext = ...): AndroidComposeTestRule<ActivityScenarioRule<A>, A>' is deprecated. Use `androidx.compose.ui.test.junit4.v2.createAndroidComposeRule` instead. The v2 APIs use StandardTestDispatcher instead of UnconfinedTestDispatcher, which aligns with standard coroutine behavior by queuing tasks rather than executing them immediately. Tests relying on immediate execution may require explicit synchronization. Please refer to the migration guide for more details.
2026-10-08T19:27:59.2036898Z w: file:///home/runner/work/hetu/hetu/android-app/app/src/test/java/io/github/xgl34222220/hetu/GlassMaterial90Test.kt:37:26 'fun <reified A : ComponentActivity> createAndroidComposeRule(effectContext: CoroutineContext = ...): AndroidComposeTestRule<ActivityScenarioRule<A>, A>' is deprecated. Use `androidx.compose.ui.test.junit4.v2.createAndroidComposeRule` instead. The v2 APIs use StandardTestDispatcher instead of UnconfinedTestDispatcher, which aligns with standard coroutine behavior by queuing tasks rather than executing them immediately. Tests relying on immediate execution may require explicit synchronization. Please refer to the migration guide for more details.
2026-10-08T19:27:59.2042334Z w: file:///home/runner/work/hetu/hetu/android-app/app/src/test/java/io/github/xgl34222220/hetu/HomeUi10GridTest.kt:39:24 'fun <reified A : ComponentActivity> createAndroidComposeRule(effectContext: CoroutineContext = ...): AndroidComposeTestRule<ActivityScenarioRule<A>, A>' is deprecated. Use `androidx.compose.ui.test.junit4.v2.createAndroidComposeRule` instead. The v2 APIs use StandardTestDispatcher instead of UnconfinedTestDispatcher, which aligns with standard coroutine behavior by queuing tasks rather than executing them immediately. Tests relying on immediate execution may require explicit synchronization. Please refer to the migration guide for more details.
2026-10-08T19:27:59.2047393Z w: file:///home/runner/work/hetu/hetu/android-app/app/src/test/java/io/github/xgl34222220/hetu/HomeUi11Test.kt:32:26 'fun <reified A : ComponentActivity> createAndroidComposeRule(effectContext: CoroutineContext = ...): AndroidComposeTestRule<ActivityScenarioRule<A>, A>' is deprecated. Use `androidx.compose.ui.test.junit4.v2.createAndroidComposeRule` instead. The v2 APIs use StandardTestDispatcher instead of UnconfinedTestDispatcher, which aligns with standard coroutine behavior by queuing tasks rather than executing them immediately. Tests relying on immediate execution may require explicit synchronization. Please refer to the migration guide for more details.
2026-10-08T19:27:59.2052488Z w: file:///home/runner/work/hetu/hetu/android-app/app/src/test/java/io/github/xgl34222220/hetu/HomeUi5RegressionTest.kt:34:26 'fun <reified A : ComponentActivity> createAndroidComposeRule(effectContext: CoroutineContext = ...): AndroidComposeTestRule<ActivityScenarioRule<A>, A>' is deprecated. Use `androidx.compose.ui.test.junit4.v2.createAndroidComposeRule` instead. The v2 APIs use StandardTestDispatcher instead of UnconfinedTestDispatcher, which aligns with standard coroutine behavior by queuing tasks rather than executing them immediately. Tests relying on immediate execution may require explicit synchronization. Please refer to the migration guide for more details.
2026-10-08T19:27:59.2057568Z w: file:///home/runner/work/hetu/hetu/android-app/app/src/test/java/io/github/xgl34222220/hetu/HomeUi6RegressionTest.kt:39:24 'fun <reified A : ComponentActivity> createAndroidComposeRule(effectContext: CoroutineContext = ...): AndroidComposeTestRule<ActivityScenarioRule<A>, A>' is deprecated. Use `androidx.compose.ui.test.junit4.v2.createAndroidComposeRule` instead. The v2 APIs use StandardTestDispatcher instead of UnconfinedTestDispatcher, which aligns with standard coroutine behavior by queuing tasks rather than executing them immediately. Tests relying on immediate execution may require explicit synchronization. Please refer to the migration guide for more details.
2026-10-08T19:27:59.2062953Z w: file:///home/runner/work/hetu/hetu/android-app/app/src/test/java/io/github/xgl34222220/hetu/HomeUi7InteractionTest.kt:36:26 'fun <reified A : ComponentActivity> createAndroidComposeRule(effectContext: CoroutineContext = ...): AndroidComposeTestRule<ActivityScenarioRule<A>, A>' is deprecated. Use `androidx.compose.ui.test.junit4.v2.createAndroidComposeRule` instead. The v2 APIs use StandardTestDispatcher instead of UnconfinedTestDispatcher, which aligns with standard coroutine behavior by queuing tasks rather than executing them immediately. Tests relying on immediate execution may require explicit synchronization. Please refer to the migration guide for more details.
2026-10-08T19:27:59.2068389Z w: file:///home/runner/work/hetu/hetu/android-app/app/src/test/java/io/github/xgl34222220/hetu/HomeUi8ExperienceTest.kt:30:26 'fun <reified A : ComponentActivity> createAndroidComposeRule(effectContext: CoroutineContext = ...): AndroidComposeTestRule<ActivityScenarioRule<A>, A>' is deprecated. Use `androidx.compose.ui.test.junit4.v2.createAndroidComposeRule` instead. The v2 APIs use StandardTestDispatcher instead of UnconfinedTestDispatcher, which aligns with standard coroutine behavior by queuing tasks rather than executing them immediately. Tests relying on immediate execution may require explicit synchronization. Please refer to the migration guide for more details.
2026-10-08T19:27:59.2073601Z w: file:///home/runner/work/hetu/hetu/android-app/app/src/test/java/io/github/xgl34222220/hetu/HomeUi9BentoTest.kt:32:26 'fun <reified A : ComponentActivity> createAndroidComposeRule(effectContext: CoroutineContext = ...): AndroidComposeTestRule<ActivityScenarioRule<A>, A>' is deprecated. Use `androidx.compose.ui.test.junit4.v2.createAndroidComposeRule` instead. The v2 APIs use StandardTestDispatcher instead of UnconfinedTestDispatcher, which aligns with standard coroutine behavior by queuing tasks rather than executing them immediately. Tests relying on immediate execution may require explicit synchronization. Please refer to the migration guide for more details.
2026-10-08T19:27:59.2078122Z w: file:///home/runner/work/hetu/hetu/android-app/app/src/test/java/io/github/xgl34222220/hetu/MainLanguageBindingTest.kt:39:26 'fun <reified A : ComponentActivity> createAndroidComposeRule(effectContext: CoroutineContext = ...): AndroidComposeTestRule<ActivityScenarioRule<A>, A>' is deprecated. Use `androidx.compose.ui.test.junit4.v2.createAndroidComposeRule` instead. The v2 APIs use StandardTestDispatcher instead of UnconfinedTestDispatcher, which aligns with standard coroutine behavior by queuing tasks rather than executing them immediately. Tests relying on immediate execution may require explicit synchronization. Please refer to the migration guide for more details.
2026-10-08T19:27:59.2083701Z w: file:///home/runner/work/hetu/hetu/android-app/app/src/test/java/io/github/xgl34222220/hetu/MotionUi12Test.kt:35:26 'fun <reified A : ComponentActivity> createAndroidComposeRule(effectContext: CoroutineContext = ...): AndroidComposeTestRule<ActivityScenarioRule<A>, A>' is deprecated. Use `androidx.compose.ui.test.junit4.v2.createAndroidComposeRule` instead. The v2 APIs use StandardTestDispatcher instead of UnconfinedTestDispatcher, which aligns with standard coroutine behavior by queuing tasks rather than executing them immediately. Tests relying on immediate execution may require explicit synchronization. Please refer to the migration guide for more details.
2026-10-08T19:27:59.2088900Z w: file:///home/runner/work/hetu/hetu/android-app/app/src/test/java/io/github/xgl34222220/hetu/NativeConceptScreenshotTest.kt:46:26 'fun <reified A : ComponentActivity> createAndroidComposeRule(effectContext: CoroutineContext = ...): AndroidComposeTestRule<ActivityScenarioRule<A>, A>' is deprecated. Use `androidx.compose.ui.test.junit4.v2.createAndroidComposeRule` instead. The v2 APIs use StandardTestDispatcher instead of UnconfinedTestDispatcher, which aligns with standard coroutine behavior by queuing tasks rather than executing them immediately. Tests relying on immediate execution may require explicit synchronization. Please refer to the migration guide for more details.
2026-10-08T19:27:59.2094267Z w: file:///home/runner/work/hetu/hetu/android-app/app/src/test/java/io/github/xgl34222220/hetu/NativeDockUi4Test.kt:38:26 'fun <reified A : ComponentActivity> createAndroidComposeRule(effectContext: CoroutineContext = ...): AndroidComposeTestRule<ActivityScenarioRule<A>, A>' is deprecated. Use `androidx.compose.ui.test.junit4.v2.createAndroidComposeRule` instead. The v2 APIs use StandardTestDispatcher instead of UnconfinedTestDispatcher, which aligns with standard coroutine behavior by queuing tasks rather than executing them immediately. Tests relying on immediate execution may require explicit synchronization. Please refer to the migration guide for more details.
2026-10-08T19:27:59.2099574Z w: file:///home/runner/work/hetu/hetu/android-app/app/src/test/java/io/github/xgl34222220/hetu/NewHomePanelInteractionTest.kt:42:26 'fun <reified A : ComponentActivity> createAndroidComposeRule(effectContext: CoroutineContext = ...): AndroidComposeTestRule<ActivityScenarioRule<A>, A>' is deprecated. Use `androidx.compose.ui.test.junit4.v2.createAndroidComposeRule` instead. The v2 APIs use StandardTestDispatcher instead of UnconfinedTestDispatcher, which aligns with standard coroutine behavior by queuing tasks rather than executing them immediately. Tests relying on immediate execution may require explicit synchronization. Please refer to the migration guide for more details.
2026-10-08T19:27:59.2104760Z w: file:///home/runner/work/hetu/hetu/android-app/app/src/test/java/io/github/xgl34222220/hetu/NewUiIntegrationTest.kt:24:26 'fun <reified A : ComponentActivity> createAndroidComposeRule(effectContext: CoroutineContext = ...): AndroidComposeTestRule<ActivityScenarioRule<A>, A>' is deprecated. Use `androidx.compose.ui.test.junit4.v2.createAndroidComposeRule` instead. The v2 APIs use StandardTestDispatcher instead of UnconfinedTestDispatcher, which aligns with standard coroutine behavior by queuing tasks rather than executing them immediately. Tests relying on immediate execution may require explicit synchronization. Please refer to the migration guide for more details.
2026-10-08T19:27:59.2109810Z w: file:///home/runner/work/hetu/hetu/android-app/app/src/test/java/io/github/xgl34222220/hetu/NewUiShell83Test.kt:25:26 'fun <reified A : ComponentActivity> createAndroidComposeRule(effectContext: CoroutineContext = ...): AndroidComposeTestRule<ActivityScenarioRule<A>, A>' is deprecated. Use `androidx.compose.ui.test.junit4.v2.createAndroidComposeRule` instead. The v2 APIs use StandardTestDispatcher instead of UnconfinedTestDispatcher, which aligns with standard coroutine behavior by queuing tasks rather than executing them immediately. Tests relying on immediate execution may require explicit synchronization. Please refer to the migration guide for more details.
2026-10-08T19:27:59.2113408Z w: file:///home/runner/work/hetu/hetu/android-app/app/src/test/java/io/github/xgl34222220/hetu/NewUiShell83Test.kt:48:9 Only safe (?.) or non-null asserted (!!.) calls are allowed on a nullable receiver of type 'File?'.
2026-10-08T19:27:59.2117125Z w: file:///home/runner/work/hetu/hetu/android-app/app/src/test/java/io/github/xgl34222220/hetu/PanelControllerErrorTest.kt:33:26 'fun <reified A : ComponentActivity> createAndroidComposeRule(effectContext: CoroutineContext = ...): AndroidComposeTestRule<ActivityScenarioRule<A>, A>' is deprecated. Use `androidx.compose.ui.test.junit4.v2.createAndroidComposeRule` instead. The v2 APIs use StandardTestDispatcher instead of UnconfinedTestDispatcher, which aligns with standard coroutine behavior by queuing tasks rather than executing them immediately. Tests relying on immediate execution may require explicit synchronization. Please refer to the migration guide for more details.
2026-10-08T19:27:59.2122710Z w: file:///home/runner/work/hetu/hetu/android-app/app/src/test/java/io/github/xgl34222220/hetu/PanelExpansionAnchorTest.kt:36:26 'fun <reified A : ComponentActivity> createAndroidComposeRule(effectContext: CoroutineContext = ...): AndroidComposeTestRule<ActivityScenarioRule<A>, A>' is deprecated. Use `androidx.compose.ui.test.junit4.v2.createAndroidComposeRule` instead. The v2 APIs use StandardTestDispatcher instead of UnconfinedTestDispatcher, which aligns with standard coroutine behavior by queuing tasks rather than executing them immediately. Tests relying on immediate execution may require explicit synchronization. Please refer to the migration guide for more details.
2026-10-08T19:27:59.2127959Z w: file:///home/runner/work/hetu/hetu/android-app/app/src/test/java/io/github/xgl34222220/hetu/PanelNavigation13Test.kt:36:26 'fun <reified A : ComponentActivity> createAndroidComposeRule(effectContext: CoroutineContext = ...): AndroidComposeTestRule<ActivityScenarioRule<A>, A>' is deprecated. Use `androidx.compose.ui.test.junit4.v2.createAndroidComposeRule` instead. The v2 APIs use StandardTestDispatcher instead of UnconfinedTestDispatcher, which aligns with standard coroutine behavior by queuing tasks rather than executing them immediately. Tests relying on immediate execution may require explicit synchronization. Please refer to the migration guide for more details.
2026-10-08T19:27:59.2137326Z w: file:///home/runner/work/hetu/hetu/android-app/app/src/test/java/io/github/xgl34222220/hetu/PanelPolish14Test.kt:37:24 'fun <reified A : ComponentActivity> createAndroidComposeRule(effectContext: CoroutineContext = ...): AndroidComposeTestRule<ActivityScenarioRule<A>, A>' is deprecated. Use `androidx.compose.ui.test.junit4.v2.createAndroidComposeRule` instead. The v2 APIs use StandardTestDispatcher instead of UnconfinedTestDispatcher, which aligns with standard coroutine behavior by queuing tasks rather than executing them immediately. Tests relying on immediate execution may require explicit synchronization. Please refer to the migration guide for more details.
2026-10-08T19:27:59.2142784Z w: file:///home/runner/work/hetu/hetu/android-app/app/src/test/java/io/github/xgl34222220/hetu/PanelTouchFeedback93Test.kt:36:26 'fun <reified A : ComponentActivity> createAndroidComposeRule(effectContext: CoroutineContext = ...): AndroidComposeTestRule<ActivityScenarioRule<A>, A>' is deprecated. Use `androidx.compose.ui.test.junit4.v2.createAndroidComposeRule` instead. The v2 APIs use StandardTestDispatcher instead of UnconfinedTestDispatcher, which aligns with standard coroutine behavior by queuing tasks rather than executing them immediately. Tests relying on immediate execution may require explicit synchronization. Please refer to the migration guide for more details.
2026-10-08T19:27:59.2147891Z w: file:///home/runner/work/hetu/hetu/android-app/app/src/test/java/io/github/xgl34222220/hetu/PanelUi11Test.kt:35:26 'fun <reified A : ComponentActivity> createAndroidComposeRule(effectContext: CoroutineContext = ...): AndroidComposeTestRule<ActivityScenarioRule<A>, A>' is deprecated. Use `androidx.compose.ui.test.junit4.v2.createAndroidComposeRule` instead. The v2 APIs use StandardTestDispatcher instead of UnconfinedTestDispatcher, which aligns with standard coroutine behavior by queuing tasks rather than executing them immediately. Tests relying on immediate execution may require explicit synchronization. Please refer to the migration guide for more details.
2026-10-08T19:27:59.2151065Z w: file:///home/runner/work/hetu/hetu/android-app/app/src/test/java/io/github/xgl34222220/hetu/RuleRequestOwnership90Test.kt:424:70 Unnecessary non-null assertion (!!) on a non-null receiver of type 'Intent'.
2026-10-08T19:27:59.2152825Z w: file:///home/runner/work/hetu/hetu/android-app/app/src/test/java/io/github/xgl34222220/hetu/RuleRequestOwnership90Test.kt:433:69 Unnecessary non-null assertion (!!) on a non-null receiver of type 'Intent'.
2026-10-08T19:27:59.2156611Z w: file:///home/runner/work/hetu/hetu/android-app/app/src/test/java/io/github/xgl34222220/hetu/SettingsConceptParityTest.kt:32:26 'fun <reified A : ComponentActivity> createAndroidComposeRule(effectContext: CoroutineContext = ...): AndroidComposeTestRule<ActivityScenarioRule<A>, A>' is deprecated. Use `androidx.compose.ui.test.junit4.v2.createAndroidComposeRule` instead. The v2 APIs use StandardTestDispatcher instead of UnconfinedTestDispatcher, which aligns with standard coroutine behavior by queuing tasks rather than executing them immediately. Tests relying on immediate execution may require explicit synchronization. Please refer to the migration guide for more details.
2026-10-08T19:27:59.2161917Z w: file:///home/runner/work/hetu/hetu/android-app/app/src/test/java/io/github/xgl34222220/hetu/SettingsGlassContinuationTest.kt:38:26 'fun <reified A : ComponentActivity> createAndroidComposeRule(effectContext: CoroutineContext = ...): AndroidComposeTestRule<ActivityScenarioRule<A>, A>' is deprecated. Use `androidx.compose.ui.test.junit4.v2.createAndroidComposeRule` instead. The v2 APIs use StandardTestDispatcher instead of UnconfinedTestDispatcher, which aligns with standard coroutine behavior by queuing tasks rather than executing them immediately. Tests relying on immediate execution may require explicit synchronization. Please refer to the migration guide for more details.
2026-10-08T19:27:59.2167408Z w: file:///home/runner/work/hetu/hetu/android-app/app/src/test/java/io/github/xgl34222220/hetu/StartupConfigViewerFeedbackTest.kt:74:26 'fun <reified A : ComponentActivity> createAndroidComposeRule(effectContext: CoroutineContext = ...): AndroidComposeTestRule<ActivityScenarioRule<A>, A>' is deprecated. Use `androidx.compose.ui.test.junit4.v2.createAndroidComposeRule` instead. The v2 APIs use StandardTestDispatcher instead of UnconfinedTestDispatcher, which aligns with standard coroutine behavior by queuing tasks rather than executing them immediately. Tests relying on immediate execution may require explicit synchronization. Please refer to the migration guide for more details.
2026-10-08T19:27:59.2172848Z w: file:///home/runner/work/hetu/hetu/android-app/app/src/test/java/io/github/xgl34222220/hetu/ToastFeedbackTest.kt:30:26 'fun <reified A : ComponentActivity> createAndroidComposeRule(effectContext: CoroutineContext = ...): AndroidComposeTestRule<ActivityScenarioRule<A>, A>' is deprecated. Use `androidx.compose.ui.test.junit4.v2.createAndroidComposeRule` instead. The v2 APIs use StandardTestDispatcher instead of UnconfinedTestDispatcher, which aligns with standard coroutine behavior by queuing tasks rather than executing them immediately. Tests relying on immediate execution may require explicit synchronization. Please refer to the migration guide for more details.
2026-10-08T19:27:59.2177666Z w: file:///home/runner/work/hetu/hetu/android-app/app/src/test/java/io/github/xgl34222220/hetu/Ui92IntegrationTest.kt:20:26 'fun createComposeRule(effectContext: CoroutineContext = ...): ComposeContentTestRule' is deprecated. Use `androidx.compose.ui.test.junit4.v2.createComposeRule` instead. The v2 APIs use StandardTestDispatcher instead of UnconfinedTestDispatcher, which aligns with standard coroutine behavior by queuing tasks rather than executing them immediately. Tests relying on immediate execution may require explicit synchronization. Please refer to the migration guide for more details.
2026-10-08T19:27:59.2182709Z w: file:///home/runner/work/hetu/hetu/android-app/app/src/test/java/io/github/xgl34222220/hetu/tools/ToolsDiagIntakeTest.kt:34:26 'fun <reified A : ComponentActivity> createAndroidComposeRule(effectContext: CoroutineContext = ...): AndroidComposeTestRule<ActivityScenarioRule<A>, A>' is deprecated. Use `androidx.compose.ui.test.junit4.v2.createAndroidComposeRule` instead. The v2 APIs use StandardTestDispatcher instead of UnconfinedTestDispatcher, which aligns with standard coroutine behavior by queuing tasks rather than executing them immediately. Tests relying on immediate execution may require explicit synchronization. Please refer to the migration guide for more details.
2026-10-08T19:27:59.2188086Z w: file:///home/runner/work/hetu/hetu/android-app/app/src/test/java/io/github/xgl34222220/hetu/tools/ToolsDnsConsentIntakeTest.kt:39:26 'fun <reified A : ComponentActivity> createAndroidComposeRule(effectContext: CoroutineContext = ...): AndroidComposeTestRule<ActivityScenarioRule<A>, A>' is deprecated. Use `androidx.compose.ui.test.junit4.v2.createAndroidComposeRule` instead. The v2 APIs use StandardTestDispatcher instead of UnconfinedTestDispatcher, which aligns with standard coroutine behavior by queuing tasks rather than executing them immediately. Tests relying on immediate execution may require explicit synchronization. Please refer to the migration guide for more details.
2026-10-08T19:27:59.2193364Z w: file:///home/runner/work/hetu/hetu/android-app/app/src/test/java/io/github/xgl34222220/hetu/tools/ToolsPdf85Test.kt:49:26 'fun <reified A : ComponentActivity> createAndroidComposeRule(effectContext: CoroutineContext = ...): AndroidComposeTestRule<ActivityScenarioRule<A>, A>' is deprecated. Use `androidx.compose.ui.test.junit4.v2.createAndroidComposeRule` instead. The v2 APIs use StandardTestDispatcher instead of UnconfinedTestDispatcher, which aligns with standard coroutine behavior by queuing tasks rather than executing them immediately. Tests relying on immediate execution may require explicit synchronization. Please refer to the migration guide for more details.
2026-10-08T19:28:01.5922176Z 
2026-10-08T19:28:01.5941733Z > Task :app:compileDebugUnitTestJavaWithJavac
2026-10-08T19:28:01.5972686Z > Task :app:processDebugUnitTestJavaRes
2026-10-08T19:28:05.8916073Z 
2026-10-08T19:28:05.8917004Z > Task :app:testDebugUnitTest
2026-10-08T19:28:05.8917213Z 
2026-10-08T19:28:05.8917497Z BootRecoverySafety93Test > nativeRestoreOwnsTheOnlyTaskAndAppWaitingHasATotalDeadline FAILED
2026-10-08T19:28:05.8917947Z     java.lang.AssertionError at BootRecoverySafety93Test.kt:372
2026-10-08T19:28:56.2915701Z 
2026-10-08T19:28:56.2919365Z GlassDockFeedback93Test > batterySaverDropsOffscreenEffectsAndMotionThenRestoresUserPreferences FAILED
2026-10-08T19:28:56.2920058Z     java.lang.AssertionError at GlassDockFeedback93Test.kt:142
2026-10-08T19:29:05.1915216Z 
2026-10-08T19:29:05.1915978Z LatencyFeedbackRecovery93Test > cancelledGroupCannotPublishLateResultsAndReleasesEveryBusyOwner FAILED
2026-10-08T19:29:05.1916452Z     java.lang.AssertionError at LatencyFeedbackRecovery93Test.kt:177
2026-10-08T19:29:19.1939819Z 
2026-10-08T19:29:19.1941101Z PanelExpansionAnchorTest > launcherLowerHalfExpansionRetainsTheTappedGroupPosition FAILED
2026-10-08T19:29:19.1942268Z     java.lang.AssertionError at PanelExpansionAnchorTest.kt:103
2026-10-08T19:29:46.5916668Z 
2026-10-08T19:29:46.5928690Z StartupConfigViewerFeedbackTest > actualSettingsClipboardRejectionAndMissingServiceStayVisibleAndKeepAllBytes FAILED
2026-10-08T19:29:46.5932211Z     java.lang.IllegalStateException at StartupConfigViewerFeedbackTest.kt:428
2026-10-08T19:29:46.5933169Z         Caused by: java.lang.IllegalStateException at StartupConfigViewerFeedbackTest.kt:428
2026-10-08T19:29:47.8915590Z 
2026-10-08T19:29:47.8930135Z StartupConfigViewerFeedbackTest > actualToolsClipboardRejectionAndMissingServiceNeverClaimSuccess FAILED
2026-10-08T19:29:47.8931080Z     java.lang.IllegalStateException at StartupConfigViewerFeedbackTest.kt:454
2026-10-08T19:29:48.1916607Z 
2026-10-08T19:29:48.1918110Z StartupConfigViewerFeedbackTest > boundedViewerMeasuresOnlySmallUnicodeParagraphsAndShowsLongLineEnd FAILED
2026-10-08T19:29:48.1919121Z     java.lang.AssertionError at StartupConfigViewerFeedbackTest.kt:358
2026-10-08T19:29:58.7925615Z 
2026-10-08T19:29:58.7999297Z 706 tests completed, 7 failed
2026-10-08T19:29:58.9952331Z 
2026-10-08T19:29:58.9952386Z 
2026-10-08T19:29:58.9972455Z FAILURE: Build failed with an exception.
2026-10-08T19:29:58.9974120Z > Task :app:testDebugUnitTest FAILED
2026-10-08T19:29:58.9980075Z 
2026-10-08T19:29:58.9980262Z * What went wrong:
2026-10-08T19:29:58.9980658Z Execution failed for task ':app:testDebugUnitTest'.
2026-10-08T19:29:58.9982153Z > There were failing tests. See the report at: file:///home/runner/work/hetu/hetu/android-app/app/build/reports/tests/testDebugUnitTest/index.html
2026-10-08T19:29:58.9982702Z 
2026-10-08T19:29:58.9982802Z * Try:
2026-10-08T19:29:58.9983259Z > Run with --scan to get full insights from a Build Scan (powered by Develocity).
2026-10-08T19:29:58.9983584Z 
2026-10-08T19:29:58.9983691Z * Exception is:
2026-10-08T19:29:58.9984242Z org.gradle.api.tasks.TaskExecutionException: Execution failed for task ':app:testDebugUnitTest'.
2026-10-08T19:29:58.9985257Z 	at org.gradle.api.internal.tasks.execution.ExecuteActionsTaskExecuter.lambda$executeIfValid$1(ExecuteActionsTaskExecuter.java:135)
2026-10-08T19:29:58.9986091Z 	at org.gradle.internal.Try$Failure.ifSuccessfulOrElse(Try.java:288)
2026-10-08T19:29:58.9986919Z 	at org.gradle.api.internal.tasks.execution.ExecuteActionsTaskExecuter.executeIfValid(ExecuteActionsTaskExecuter.java:133)
2026-10-08T19:29:58.9987961Z 	at org.gradle.api.internal.tasks.execution.ExecuteActionsTaskExecuter.execute(ExecuteActionsTaskExecuter.java:121)
2026-10-08T19:29:58.9989120Z 	at org.gradle.api.internal.tasks.execution.ProblemsTaskPathTrackingTaskExecuter.execute(ProblemsTaskPathTrackingTaskExecuter.java:41)
2026-10-08T19:29:58.9990281Z 	at org.gradle.api.internal.tasks.execution.ResolveTaskExecutionModeExecuter.execute(ResolveTaskExecutionModeExecuter.java:51)
2026-10-08T19:29:58.9991382Z 	at org.gradle.api.internal.tasks.execution.FinalizePropertiesTaskExecuter.execute(FinalizePropertiesTaskExecuter.java:46)
2026-10-08T19:29:58.9992808Z 	at org.gradle.api.internal.tasks.execution.SkipTaskWithNoActionsExecuter.execute(SkipTaskWithNoActionsExecuter.java:57)
2026-10-08T19:29:58.9993799Z 	at org.gradle.api.internal.tasks.execution.SkipOnlyIfTaskExecuter.execute(SkipOnlyIfTaskExecuter.java:74)
2026-10-08T19:29:58.9994740Z 	at org.gradle.api.internal.tasks.execution.CatchExceptionTaskExecuter.execute(CatchExceptionTaskExecuter.java:36)
2026-10-08T19:29:58.9995646Z 	at org.gradle.api.internal.tasks.execution.EventFiringTaskExecuter$1.executeTask(EventFiringTaskExecuter.java:77)
2026-10-08T19:29:58.9996518Z 	at org.gradle.api.internal.tasks.execution.EventFiringTaskExecuter$1.call(EventFiringTaskExecuter.java:55)
2026-10-08T19:29:58.9997407Z 	at org.gradle.api.internal.tasks.execution.EventFiringTaskExecuter$1.call(EventFiringTaskExecuter.java:52)
2026-10-08T19:29:58.9998439Z 	at org.gradle.internal.operations.DefaultBuildOperationRunner$CallableBuildOperationWorker.execute(DefaultBuildOperationRunner.java:210)
2026-10-08T19:29:58.9999607Z 	at org.gradle.internal.operations.DefaultBuildOperationRunner$CallableBuildOperationWorker.execute(DefaultBuildOperationRunner.java:205)
2026-10-08T19:29:59.0000655Z 	at org.gradle.internal.operations.DefaultBuildOperationRunner$2.execute(DefaultBuildOperationRunner.java:67)
2026-10-08T19:29:59.0021109Z 	at org.gradle.internal.operations.DefaultBuildOperationRunner$2.execute(DefaultBuildOperationRunner.java:60)
2026-10-08T19:29:59.0022383Z 	at org.gradle.internal.operations.DefaultBuildOperationRunner.execute(DefaultBuildOperationRunner.java:167)
2026-10-08T19:29:59.0023325Z 	at org.gradle.internal.operations.DefaultBuildOperationRunner.execute(DefaultBuildOperationRunner.java:60)
2026-10-08T19:29:59.0024232Z 	at org.gradle.internal.operations.DefaultBuildOperationRunner.call(DefaultBuildOperationRunner.java:54)
2026-10-08T19:29:59.0025139Z 	at org.gradle.api.internal.tasks.execution.EventFiringTaskExecuter.execute(EventFiringTaskExecuter.java:52)
2026-10-08T19:29:59.0026035Z 	at org.gradle.execution.plan.DefaultNodeExecutor.executeLocalTaskNode(DefaultNodeExecutor.java:55)
2026-10-08T19:29:59.0026818Z 	at org.gradle.execution.plan.DefaultNodeExecutor.execute(DefaultNodeExecutor.java:34)
2026-10-08T19:29:59.0027734Z 	at org.gradle.execution.taskgraph.DefaultTaskExecutionGraph$InvokeNodeExecutorsAction.execute(DefaultTaskExecutionGraph.java:355)
2026-10-08T19:29:59.0029064Z 	at org.gradle.execution.taskgraph.DefaultTaskExecutionGraph$InvokeNodeExecutorsAction.execute(DefaultTaskExecutionGraph.java:343)
2026-10-08T19:29:59.0040252Z 	at org.gradle.execution.taskgraph.DefaultTaskExecutionGraph$BuildOperationAwareExecutionAction.lambda$execute$0(DefaultTaskExecutionGraph.java:339)
2026-10-08T19:29:59.0041549Z 	at org.gradle.internal.operations.CurrentBuildOperationRef.with(CurrentBuildOperationRef.java:84)
2026-10-08T19:29:59.0042585Z 	at org.gradle.execution.taskgraph.DefaultTaskExecutionGraph$BuildOperationAwareExecutionAction.execute(DefaultTaskExecutionGraph.java:339)
2026-10-08T19:29:59.0043774Z 	at org.gradle.execution.taskgraph.DefaultTaskExecutionGraph$BuildOperationAwareExecutionAction.execute(DefaultTaskExecutionGraph.java:328)
2026-10-08T19:29:59.0044786Z 	at org.gradle.execution.plan.DefaultPlanExecutor$ExecutorWorker.execute(DefaultPlanExecutor.java:459)
2026-10-08T19:29:59.0045615Z 	at org.gradle.execution.plan.DefaultPlanExecutor$ExecutorWorker.run(DefaultPlanExecutor.java:376)
2026-10-08T19:29:59.0046373Z 	at org.gradle.execution.plan.DefaultPlanExecutor.process(DefaultPlanExecutor.java:111)
2026-10-08T19:29:59.0047265Z 	at org.gradle.execution.taskgraph.DefaultTaskExecutionGraph.executeWithServices(DefaultTaskExecutionGraph.java:146)
2026-10-08T19:29:59.0048229Z 	at org.gradle.execution.taskgraph.DefaultTaskExecutionGraph.execute(DefaultTaskExecutionGraph.java:131)
2026-10-08T19:29:59.0049085Z 	at org.gradle.execution.SelectedTaskExecutionAction.execute(SelectedTaskExecutionAction.java:35)
2026-10-08T19:29:59.0050302Z 	at org.gradle.execution.BuildOperationFiringBuildWorkerExecutor$ExecuteTasks.call(BuildOperationFiringBuildWorkerExecutor.java:54)
2026-10-08T19:29:59.0051557Z 	at org.gradle.execution.BuildOperationFiringBuildWorkerExecutor$ExecuteTasks.call(BuildOperationFiringBuildWorkerExecutor.java:43)
2026-10-08T19:29:59.0066348Z 	at org.gradle.internal.operations.DefaultBuildOperationRunner$CallableBuildOperationWorker.execute(DefaultBuildOperationRunner.java:210)
2026-10-08T19:29:59.0067535Z 	at org.gradle.internal.operations.DefaultBuildOperationRunner$CallableBuildOperationWorker.execute(DefaultBuildOperationRunner.java:205)
2026-10-08T19:29:59.0068583Z 	at org.gradle.internal.operations.DefaultBuildOperationRunner$2.execute(DefaultBuildOperationRunner.java:67)
2026-10-08T19:29:59.0069509Z 	at org.gradle.internal.operations.DefaultBuildOperationRunner$2.execute(DefaultBuildOperationRunner.java:60)
2026-10-08T19:29:59.0070434Z 	at org.gradle.internal.operations.DefaultBuildOperationRunner.execute(DefaultBuildOperationRunner.java:167)
2026-10-08T19:29:59.0071364Z 	at org.gradle.internal.operations.DefaultBuildOperationRunner.execute(DefaultBuildOperationRunner.java:60)
2026-10-08T19:29:59.0072672Z 	at org.gradle.internal.operations.DefaultBuildOperationRunner.call(DefaultBuildOperationRunner.java:54)
2026-10-08T19:29:59.0073658Z 	at org.gradle.execution.BuildOperationFiringBuildWorkerExecutor.execute(BuildOperationFiringBuildWorkerExecutor.java:40)
2026-10-08T19:29:59.0074716Z 	at org.gradle.internal.build.DefaultBuildLifecycleController.lambda$executeTasks$11(DefaultBuildLifecycleController.java:323)
2026-10-08T19:29:59.0075673Z 	at org.gradle.internal.model.StateTransitionController.doTransition(StateTransitionController.java:304)
2026-10-08T19:29:59.0076588Z 	at org.gradle.internal.model.StateTransitionController.lambda$tryTransition$9(StateTransitionController.java:215)
2026-10-08T19:29:59.0077411Z 	at org.gradle.internal.work.DefaultSynchronizer.withLock(DefaultSynchronizer.java:45)
2026-10-08T19:29:59.0078227Z 	at org.gradle.internal.model.StateTransitionController.tryTransition(StateTransitionController.java:215)
2026-10-08T19:29:59.0079177Z 	at org.gradle.internal.build.DefaultBuildLifecycleController.executeTasks(DefaultBuildLifecycleController.java:314)
2026-10-08T19:29:59.0080238Z 	at org.gradle.internal.build.DefaultBuildWorkGraphController$DefaultBuildWorkGraph.runWork(DefaultBuildWorkGraphController.java:220)
2026-10-08T19:29:59.0081616Z 	at org.gradle.internal.work.DefaultWorkerLeaseService.lambda$withLocksAcquired$0(DefaultWorkerLeaseService.java:280)
2026-10-08T19:29:59.0082554Z 	at org.gradle.internal.work.ResourceLockStatistics$1.measure(ResourceLockStatistics.java:43)
2026-10-08T19:29:59.0083411Z 	at org.gradle.internal.work.DefaultWorkerLeaseService.withLocksAcquired(DefaultWorkerLeaseService.java:278)
2026-10-08T19:29:59.0084310Z 	at org.gradle.internal.work.DefaultWorkerLeaseService.withLocks(DefaultWorkerLeaseService.java:270)
2026-10-08T19:29:59.0085199Z 	at org.gradle.internal.work.DefaultWorkerLeaseService.runAsWorkerThread(DefaultWorkerLeaseService.java:129)
2026-10-08T19:29:59.0086072Z 	at org.gradle.composite.internal.DefaultBuildController.doRun(DefaultBuildController.java:182)
2026-10-08T19:29:59.0086961Z 	at org.gradle.composite.internal.DefaultBuildController$BuildOpRunnable.lambda$run$0(DefaultBuildController.java:199)
2026-10-08T19:29:59.0087866Z 	at org.gradle.internal.operations.CurrentBuildOperationRef.with(CurrentBuildOperationRef.java:84)
2026-10-08T19:29:59.0088731Z 	at org.gradle.composite.internal.DefaultBuildController$BuildOpRunnable.run(DefaultBuildController.java:199)
2026-10-08T19:29:59.0089618Z 	at org.gradle.internal.concurrent.ExecutorPolicy$CatchAndRecordFailures.onExecute(ExecutorPolicy.java:64)
2026-10-08T19:29:59.0090452Z 	at org.gradle.internal.concurrent.AbstractManagedExecutor$1.run(AbstractManagedExecutor.java:47)
2026-10-08T19:29:59.0095323Z Caused by: org.gradle.api.internal.exceptions.MarkedVerificationException: There were failing tests. See the report at: file:///home/runner/work/hetu/hetu/android-app/app/build/reports/tests/testDebugUnitTest/index.html
2026-10-08T19:29:59.0096544Z 	at org.gradle.api.tasks.testing.AbstractTestTask.executeTests(AbstractTestTask.java:615)
2026-10-08T19:29:59.0097194Z 	at org.gradle.api.tasks.testing.Test.executeTests(Test.java:759)
2026-10-08T19:29:59.0097888Z 	at com.android.build.gradle.tasks.factory.AndroidUnitTest.executeTests(AndroidUnitTest.java:203)
2026-10-08T19:29:59.0098596Z 	at org.gradle.internal.reflect.JavaMethod.invoke(JavaMethod.java:125)
2026-10-08T19:29:59.0099343Z 	at org.gradle.api.internal.project.taskfactory.StandardTaskAction.doExecute(StandardTaskAction.java:58)
2026-10-08T19:29:59.0100224Z 	at org.gradle.api.internal.project.taskfactory.StandardTaskAction.execute(StandardTaskAction.java:51)
2026-10-08T19:29:59.0101092Z 	at org.gradle.api.internal.project.taskfactory.StandardTaskAction.execute(StandardTaskAction.java:29)
2026-10-08T19:29:59.0102111Z 	at org.gradle.api.internal.tasks.execution.TaskExecution$3.run(TaskExecution.java:259)
2026-10-08T19:29:59.0102942Z 	at org.gradle.internal.operations.DefaultBuildOperationRunner$1.execute(DefaultBuildOperationRunner.java:30)
2026-10-08T19:29:59.0103865Z 	at org.gradle.internal.operations.DefaultBuildOperationRunner$1.execute(DefaultBuildOperationRunner.java:27)
2026-10-08T19:29:59.0104769Z 	at org.gradle.internal.operations.DefaultBuildOperationRunner$2.execute(DefaultBuildOperationRunner.java:67)
2026-10-08T19:29:59.0105667Z 	at org.gradle.internal.operations.DefaultBuildOperationRunner$2.execute(DefaultBuildOperationRunner.java:60)
2026-10-08T19:29:59.0106581Z 	at org.gradle.internal.operations.DefaultBuildOperationRunner.execute(DefaultBuildOperationRunner.java:167)
2026-10-08T19:29:59.0107493Z 	at org.gradle.internal.operations.DefaultBuildOperationRunner.execute(DefaultBuildOperationRunner.java:60)
2026-10-08T19:29:59.0108393Z 	at org.gradle.internal.operations.DefaultBuildOperationRunner.run(DefaultBuildOperationRunner.java:48)
2026-10-08T19:29:59.0109224Z 	at org.gradle.api.internal.tasks.execution.TaskExecution.executeAction(TaskExecution.java:244)
2026-10-08T19:29:59.0110020Z 	at org.gradle.api.internal.tasks.execution.TaskExecution.executeActions(TaskExecution.java:227)
2026-10-08T19:29:59.0110913Z 	at org.gradle.api.internal.tasks.execution.TaskExecution.executeWithPreviousOutputFiles(TaskExecution.java:210)
2026-10-08T19:29:59.0112016Z 	at org.gradle.api.internal.tasks.execution.TaskExecution.execute(TaskExecution.java:176)
2026-10-08T19:29:59.0112693Z 	at org.gradle.internal.execution.steps.ExecuteStep.executeInternal(ExecuteStep.java:167)
2026-10-08T19:29:59.0113351Z 	at org.gradle.internal.execution.steps.ExecuteStep.access$000(ExecuteStep.java:47)
2026-10-08T19:29:59.0119790Z 	at org.gradle.internal.execution.steps.ExecuteStep$1.call(ExecuteStep.java:137)
2026-10-08T19:29:59.0120459Z 	at org.gradle.internal.execution.steps.ExecuteStep$1.call(ExecuteStep.java:134)
2026-10-08T19:29:59.0121527Z 	at org.gradle.internal.operations.DefaultBuildOperationRunner$CallableBuildOperationWorker.execute(DefaultBuildOperationRunner.java:210)
2026-10-08T19:29:59.0122800Z 	at org.gradle.internal.operations.DefaultBuildOperationRunner$CallableBuildOperationWorker.execute(DefaultBuildOperationRunner.java:205)
2026-10-08T19:29:59.0123848Z 	at org.gradle.internal.operations.DefaultBuildOperationRunner$2.execute(DefaultBuildOperationRunner.java:67)
2026-10-08T19:29:59.0124777Z 	at org.gradle.internal.operations.DefaultBuildOperationRunner$2.execute(DefaultBuildOperationRunner.java:60)
2026-10-08T19:29:59.0125696Z 	at org.gradle.internal.operations.DefaultBuildOperationRunner.execute(DefaultBuildOperationRunner.java:167)
2026-10-08T19:29:59.0126621Z 	at org.gradle.internal.operations.DefaultBuildOperationRunner.execute(DefaultBuildOperationRunner.java:60)
2026-10-08T19:29:59.0127511Z 	at org.gradle.internal.operations.DefaultBuildOperationRunner.call(DefaultBuildOperationRunner.java:54)
2026-10-08T19:29:59.0128284Z 	at org.gradle.internal.execution.steps.ExecuteStep.execute(ExecuteStep.java:134)
2026-10-08T19:29:59.0129153Z 	at org.gradle.internal.execution.steps.ExecuteStep$Mutable.execute(ExecuteStep.java:80)
2026-10-08T19:29:59.0129941Z 	at org.gradle.internal.execution.steps.CancelExecutionStep.execute(CancelExecutionStep.java:42)
2026-10-08T19:29:59.0130743Z 	at org.gradle.internal.execution.steps.TimeoutStep.executeWithoutTimeout(TimeoutStep.java:75)
2026-10-08T19:29:59.0131721Z 	at org.gradle.internal.execution.steps.TimeoutStep.execute(TimeoutStep.java:55)
2026-10-08T19:29:59.0132542Z 	at org.gradle.internal.execution.steps.PreCreateOutputParentsStep.execute(PreCreateOutputParentsStep.java:51)
2026-10-08T19:29:59.0133489Z 	at org.gradle.internal.execution.steps.PreCreateOutputParentsStep.execute(PreCreateOutputParentsStep.java:29)
2026-10-08T19:29:59.0134476Z 	at org.gradle.internal.execution.steps.RemovePreviousOutputsStep.executeMutable(RemovePreviousOutputsStep.java:67)
2026-10-08T19:29:59.0135479Z 	at org.gradle.internal.execution.steps.RemovePreviousOutputsStep.executeMutable(RemovePreviousOutputsStep.java:39)
2026-10-08T19:29:59.0136311Z 	at org.gradle.internal.execution.steps.MutableStep.execute(MutableStep.java:26)
2026-10-08T19:29:59.0137151Z 	at org.gradle.internal.execution.steps.BroadcastChangingOutputsStep.execute(BroadcastChangingOutputsStep.java:42)
2026-10-08T19:29:59.0138141Z 	at org.gradle.internal.execution.steps.BroadcastChangingOutputsStep.execute(BroadcastChangingOutputsStep.java:24)
2026-10-08T19:29:59.0139179Z 	at org.gradle.internal.execution.steps.CaptureOutputsAfterExecutionStep.execute(CaptureOutputsAfterExecutionStep.java:69)
2026-10-08T19:29:59.0140254Z 	at org.gradle.internal.execution.steps.CaptureOutputsAfterExecutionStep.execute(CaptureOutputsAfterExecutionStep.java:46)
2026-10-08T19:29:59.0141260Z 	at org.gradle.internal.execution.steps.ResolveInputChangesStep.executeMutable(ResolveInputChangesStep.java:39)
2026-10-08T19:29:59.0142417Z 	at org.gradle.internal.execution.steps.ResolveInputChangesStep.executeMutable(ResolveInputChangesStep.java:28)
2026-10-08T19:29:59.0143254Z 	at org.gradle.internal.execution.steps.MutableStep.execute(MutableStep.java:26)
2026-10-08T19:29:59.0144010Z 	at org.gradle.internal.execution.steps.BuildCacheStep.executeWithoutCache(BuildCacheStep.java:189)
2026-10-08T19:29:59.0144864Z 	at org.gradle.internal.execution.steps.BuildCacheStep.lambda$execute$1(BuildCacheStep.java:76)
2026-10-08T19:29:59.0166170Z 	at org.gradle.internal.Either$Right.fold(Either.java:176)
2026-10-08T19:29:59.0166793Z 	at org.gradle.internal.execution.caching.CachingState.fold(CachingState.java:62)
2026-10-08T19:29:59.0167476Z 	at org.gradle.internal.execution.steps.BuildCacheStep.execute(BuildCacheStep.java:74)
2026-10-08T19:29:59.0168173Z 	at org.gradle.internal.execution.steps.BuildCacheStep.execute(BuildCacheStep.java:49)
2026-10-08T19:29:59.0169005Z 	at org.gradle.internal.execution.steps.StoreExecutionStateStep.executeMutable(StoreExecutionStateStep.java:46)
2026-10-08T19:29:59.0169968Z 	at org.gradle.internal.execution.steps.StoreExecutionStateStep.executeMutable(StoreExecutionStateStep.java:35)
2026-10-08T19:29:59.0170838Z 	at org.gradle.internal.execution.steps.MutableStep.execute(MutableStep.java:26)
2026-10-08T19:29:59.0175161Z 	at org.gradle.internal.execution.steps.SkipUpToDateStep.executeBecause(SkipUpToDateStep.java:75)
2026-10-08T19:29:59.0176048Z 	at org.gradle.internal.execution.steps.SkipUpToDateStep.lambda$execute$2(SkipUpToDateStep.java:53)
2026-10-08T19:29:59.0176855Z 	at org.gradle.internal.execution.steps.SkipUpToDateStep.execute(SkipUpToDateStep.java:53)
2026-10-08T19:29:59.0177618Z 	at org.gradle.internal.execution.steps.SkipUpToDateStep.execute(SkipUpToDateStep.java:35)
2026-10-08T19:29:59.0178613Z 	at org.gradle.internal.execution.steps.legacy.MarkSnapshottingInputsFinishedStep.execute(MarkSnapshottingInputsFinishedStep.java:37)
2026-10-08T19:29:59.0179808Z 	at org.gradle.internal.execution.steps.legacy.MarkSnapshottingInputsFinishedStep.execute(MarkSnapshottingInputsFinishedStep.java:27)
2026-10-08T19:29:59.0181197Z 	at org.gradle.internal.execution.steps.ResolveMutableCachingStateStep.executeDelegate(ResolveMutableCachingStateStep.java:70)
2026-10-08T19:29:59.0182546Z 	at org.gradle.internal.execution.steps.ResolveMutableCachingStateStep.executeDelegate(ResolveMutableCachingStateStep.java:32)
2026-10-08T19:29:59.0184266Z 	at org.gradle.internal.execution.steps.AbstractResolveCachingStateStep.execute(AbstractResolveCachingStateStep.java:69)
2026-10-08T19:29:59.0185354Z 	at org.gradle.internal.execution.steps.AbstractResolveCachingStateStep.execute(AbstractResolveCachingStateStep.java:37)
2026-10-08T19:29:59.0186351Z 	at org.gradle.internal.execution.steps.ResolveChangesStep.executeMutable(ResolveChangesStep.java:63)
2026-10-08T19:29:59.0187250Z 	at org.gradle.internal.execution.steps.ResolveChangesStep.executeMutable(ResolveChangesStep.java:34)
2026-10-08T19:29:59.0188034Z 	at org.gradle.internal.execution.steps.MutableStep.execute(MutableStep.java:26)
2026-10-08T19:29:59.0188810Z 	at org.gradle.internal.execution.steps.ValidateStep$Mutable.executeDelegate(ValidateStep.java:79)
2026-10-08T19:29:59.0189638Z 	at org.gradle.internal.execution.steps.ValidateStep$Mutable.executeDelegate(ValidateStep.java:65)
2026-10-08T19:29:59.0190403Z 	at org.gradle.internal.execution.steps.ValidateStep.execute(ValidateStep.java:99)
2026-10-08T19:29:59.0191142Z 	at org.gradle.internal.execution.steps.ValidateStep$Mutable.execute(ValidateStep.java:65)
2026-10-08T19:29:59.0192235Z 	at org.gradle.internal.execution.steps.CaptureMutableStateBeforeExecutionStep.executeMutable(CaptureMutableStateBeforeExecutionStep.java:86)
2026-10-08T19:29:59.0193383Z 	at org.gradle.internal.execution.steps.CaptureMutableStateBeforeExecutionStep.execute(CaptureMutableStateBeforeExecutionStep.java:65)
2026-10-08T19:29:59.0194460Z 	at org.gradle.internal.execution.steps.CaptureMutableStateBeforeExecutionStep.execute(CaptureMutableStateBeforeExecutionStep.java:45)
2026-10-08T19:29:59.0195502Z 	at org.gradle.internal.execution.steps.SkipEmptyMutableWorkStep.executeWithNonEmptySources(SkipEmptyMutableWorkStep.java:210)
2026-10-08T19:29:59.0196460Z 	at org.gradle.internal.execution.steps.SkipEmptyMutableWorkStep.executeMutable(SkipEmptyMutableWorkStep.java:90)
2026-10-08T19:29:59.0197356Z 	at org.gradle.internal.execution.steps.SkipEmptyMutableWorkStep.executeMutable(SkipEmptyMutableWorkStep.java:53)
2026-10-08T19:29:59.0198272Z 	at org.gradle.internal.execution.steps.MutableStep.execute(MutableStep.java:26)
2026-10-08T19:29:59.0199128Z 	at org.gradle.internal.execution.steps.legacy.MarkSnapshottingInputsStartedStep.execute(MarkSnapshottingInputsStartedStep.java:38)
2026-10-08T19:29:59.0200210Z 	at org.gradle.internal.execution.steps.LoadPreviousExecutionStateStep.executeMutable(LoadPreviousExecutionStateStep.java:36)
2026-10-08T19:29:59.0201276Z 	at org.gradle.internal.execution.steps.LoadPreviousExecutionStateStep.executeMutable(LoadPreviousExecutionStateStep.java:23)
2026-10-08T19:29:59.0216555Z 	at org.gradle.internal.execution.steps.MutableStep.execute(MutableStep.java:26)
2026-10-08T19:29:59.0217484Z 	at org.gradle.internal.execution.steps.HandleStaleOutputsStep.executeMutable(HandleStaleOutputsStep.java:77)
2026-10-08T19:29:59.0218440Z 	at org.gradle.internal.execution.steps.HandleStaleOutputsStep.executeMutable(HandleStaleOutputsStep.java:43)
2026-10-08T19:29:59.0219247Z 	at org.gradle.internal.execution.steps.MutableStep.execute(MutableStep.java:26)
2026-10-08T19:29:59.0220149Z 	at org.gradle.internal.execution.steps.AssignMutableWorkspaceStep.lambda$executeMutable$0(AssignMutableWorkspaceStep.java:34)
2026-10-08T19:29:59.0221085Z 	at org.gradle.api.internal.tasks.execution.TaskExecution$4.withWorkspace(TaskExecution.java:305)
2026-10-08T19:29:59.0237599Z 	at org.gradle.internal.execution.steps.AssignMutableWorkspaceStep.executeMutable(AssignMutableWorkspaceStep.java:30)
2026-10-08T19:29:59.0238674Z 	at org.gradle.internal.execution.steps.AssignMutableWorkspaceStep.executeMutable(AssignMutableWorkspaceStep.java:21)
2026-10-08T19:29:59.0239529Z 	at org.gradle.internal.execution.steps.MutableStep.execute(MutableStep.java:26)
2026-10-08T19:29:59.0251951Z 	at org.gradle.internal.execution.steps.ChoosePipelineStep.execute(ChoosePipelineStep.java:40)
2026-10-08T19:29:59.0252922Z 	at org.gradle.internal.execution.steps.ChoosePipelineStep.execute(ChoosePipelineStep.java:23)
2026-10-08T19:29:59.0253982Z 	at org.gradle.internal.execution.steps.ExecuteWorkBuildOperationFiringStep.lambda$execute$2(ExecuteWorkBuildOperationFiringStep.java:67)
2026-10-08T19:29:59.0255166Z 	at org.gradle.internal.execution.steps.ExecuteWorkBuildOperationFiringStep.execute(ExecuteWorkBuildOperationFiringStep.java:67)
2026-10-08T19:29:59.0256294Z 	at org.gradle.internal.execution.steps.ExecuteWorkBuildOperationFiringStep.execute(ExecuteWorkBuildOperationFiringStep.java:39)
2026-10-08T19:29:59.0257193Z 	at org.gradle.internal.execution.steps.IdentityCacheStep.execute(IdentityCacheStep.java:46)
2026-10-08T19:29:59.0257963Z 	at org.gradle.internal.execution.steps.IdentityCacheStep.execute(IdentityCacheStep.java:34)
2026-10-08T19:29:59.0258695Z 	at org.gradle.internal.execution.steps.IdentifyStep.execute(IdentifyStep.java:56)
2026-10-08T19:29:59.0259376Z 	at org.gradle.internal.execution.steps.IdentifyStep.execute(IdentifyStep.java:38)
2026-10-08T19:29:59.0260150Z 	at org.gradle.internal.execution.impl.DefaultExecutionEngine$1.execute(DefaultExecutionEngine.java:68)
2026-10-08T19:29:59.0261118Z 	at org.gradle.api.internal.tasks.execution.ExecuteActionsTaskExecuter.executeIfValid(ExecuteActionsTaskExecuter.java:132)
2026-10-08T19:29:59.0261940Z 	... 60 more
2026-10-08T19:29:59.0262084Z 
2026-10-08T19:29:59.0262091Z 
2026-10-08T19:29:59.0262219Z BUILD FAILED in 2m 34s
2026-10-08T19:29:59.0262905Z gradle/actions: Writing build results to /home/runner/work/_temp/.gradle-actions/build-results/__run_28-1791487647050.json
2026-10-08T19:29:59.0263372Z 
2026-10-08T19:29:59.0263949Z [Incubating] Problems report is available at: file:///home/runner/work/hetu/hetu/android-app/build/reports/problems/problems-report.html
2026-10-08T19:29:59.0264683Z 33 actionable tasks: 11 executed, 22 up-to-date
2026-10-08T19:29:59.4081338Z ##[error]Process completed with exit code 1.
2026-10-08T19:29:59.4113095Z ##[group]Run python3 .github/scripts/verify_stability90_supplemental.py --results out/supplemental36/test-results
2026-10-08T19:29:59.4113584Z [36;1mpython3 .github/scripts/verify_stability90_supplemental.py --results out/supplemental36/test-results[0m
2026-10-08T19:29:59.4207654Z shell: /usr/bin/bash -e {0}
2026-10-08T19:29:59.4207832Z env:
2026-10-08T19:29:59.4208022Z   HETU_TEST_KEYSTORE: /home/runner/.android/hetu-ui10-debug.jks
2026-10-08T19:29:59.4208256Z   HETU_EXPECTED_TESTS: 706
2026-10-08T19:29:59.4208428Z   HETU_EXPECTED_TEST_XML_FILES: 77
2026-10-08T19:29:59.4208613Z   HETU_EXPECTED_VERSION: 2093
2026-10-08T19:29:59.4208803Z   HETU_EXPECTED_VERSION_NAME: 0.12.20-v20-glass
2026-10-08T19:29:59.4209063Z   JAVA_HOME: /opt/hostedtoolcache/Java_Temurin-Hotspot_jdk/21.0.12-1/x64
2026-10-08T19:29:59.4209363Z   JAVA_HOME_21_X64: /opt/hostedtoolcache/Java_Temurin-Hotspot_jdk/21.0.12-1/x64
2026-10-08T19:29:59.4209628Z   GRADLE_ACTION_ID: gradle/actions/setup-gradle
2026-10-08T19:29:59.4209857Z   GRADLE_USER_HOME: /home/runner/.gradle
2026-10-08T19:29:59.4210051Z   GRADLE_BUILD_ACTION_SETUP_COMPLETED: true
2026-10-08T19:29:59.4210253Z   GRADLE_BUILD_ACTION_CACHE_RESTORED: true
2026-10-08T19:29:59.4210536Z   DEVELOCITY_INJECTION_INIT_SCRIPT_NAME: gradle-actions.inject-develocity.init.gradle
2026-10-08T19:29:59.4210836Z   DEVELOCITY_INJECTION_CUSTOM_VALUE: gradle-actions
2026-10-08T19:29:59.4211050Z   GITHUB_DEPENDENCY_GRAPH_ENABLED: false
2026-10-08T19:29:59.4211230Z ##[endgroup]
2026-10-08T19:29:59.5586528Z Traceback (most recent call last):
2026-10-08T19:29:59.5587179Z   File "/home/runner/work/hetu/hetu/.github/scripts/verify_stability90_supplemental.py", line 56, in <module>
2026-10-08T19:29:59.5587707Z     report = verify(args.results)
2026-10-08T19:29:59.5588008Z              ^^^^^^^^^^^^^^^^^^^^
2026-10-08T19:29:59.5588529Z   File "/home/runner/work/hetu/hetu/.github/scripts/verify_stability90_supplemental.py", line 43, in verify
2026-10-08T19:29:59.5589290Z     assert set(suites) == set(expected), ('Missing supplemental suites', sorted(set(expected) - set(suites)))
2026-10-08T19:29:59.5589792Z            ^^^^^^^^^^^^^^^^^^^^^^^^^^^^
2026-10-08T19:29:59.5590879Z AssertionError: ('Missing supplemental suites', ['io.github.xgl34222220.hetu.CompactHomeDashboardTest', 'io.github.xgl34222220.hetu.NodeSelectionContinuityTest', 'io.github.xgl34222220.hetu.Ui92IntegrationTest'])
2026-10-08T19:29:59.5703452Z ##[error]Process completed with exit code 1.
2026-10-08T19:29:59.5772641Z ##[group]Run actions/upload-artifact@v4
2026-10-08T19:29:59.5772833Z with:
2026-10-08T19:29:59.5772993Z   name: Hetu-V20.93-supplemental-36-tests
2026-10-08T19:29:59.5773187Z   path: out/supplemental36/
2026-10-08T19:29:59.5773365Z   if-no-files-found: error
2026-10-08T19:29:59.5773538Z   compression-level: 6
2026-10-08T19:29:59.5773696Z   overwrite: false
2026-10-08T19:29:59.5773852Z   include-hidden-files: false
2026-10-08T19:29:59.5774023Z env:
2026-10-08T19:29:59.5774210Z   HETU_TEST_KEYSTORE: /home/runner/.android/hetu-ui10-debug.jks
2026-10-08T19:29:59.5774443Z   HETU_EXPECTED_TESTS: 706
2026-10-08T19:29:59.5774615Z   HETU_EXPECTED_TEST_XML_FILES: 77
2026-10-08T19:29:59.5774803Z   HETU_EXPECTED_VERSION: 2093
2026-10-08T19:29:59.5775002Z   HETU_EXPECTED_VERSION_NAME: 0.12.20-v20-glass
2026-10-08T19:29:59.5775265Z   JAVA_HOME: /opt/hostedtoolcache/Java_Temurin-Hotspot_jdk/21.0.12-1/x64
2026-10-08T19:29:59.5775584Z   JAVA_HOME_21_X64: /opt/hostedtoolcache/Java_Temurin-Hotspot_jdk/21.0.12-1/x64
2026-10-08T19:29:59.5775847Z   GRADLE_ACTION_ID: gradle/actions/setup-gradle
2026-10-08T19:29:59.5776052Z   GRADLE_USER_HOME: /home/runner/.gradle
2026-10-08T19:29:59.5776245Z   GRADLE_BUILD_ACTION_SETUP_COMPLETED: true
2026-10-08T19:29:59.5776447Z   GRADLE_BUILD_ACTION_CACHE_RESTORED: true
2026-10-08T19:29:59.5776725Z   DEVELOCITY_INJECTION_INIT_SCRIPT_NAME: gradle-actions.inject-develocity.init.gradle
2026-10-08T19:29:59.5777025Z   DEVELOCITY_INJECTION_CUSTOM_VALUE: gradle-actions
2026-10-08T19:29:59.5777233Z   GITHUB_DEPENDENCY_GRAPH_ENABLED: false
2026-10-08T19:29:59.5777417Z ##[endgroup]
2026-10-08T19:29:59.6989556Z (node:271780) [DEP0040] DeprecationWarning: The `punycode` module is deprecated. Please use a userland alternative instead.
2026-10-08T19:29:59.6990500Z (Use `node --trace-deprecation ...` to show where the warning was created)
2026-10-08T19:29:59.7024552Z With the provided path, there will be 1 file uploaded
2026-10-08T19:29:59.7027890Z Artifact name is valid!
2026-10-08T19:29:59.7028361Z Root directory input is valid!
2026-10-08T19:29:59.9910124Z Beginning upload of artifact content to blob storage
2026-10-08T19:30:00.0025923Z (node:271780) [DEP0169] DeprecationWarning: `url.parse()` behavior is not standardized and prone to errors that have security implications. Use the WHATWG URL API instead. CVEs are not issued for `url.parse()` vulnerabilities.
2026-10-08T19:30:00.1491035Z Uploaded bytes 379
2026-10-08T19:30:00.1873191Z Finished uploading artifact content to blob storage!
2026-10-08T19:30:00.1873893Z SHA256 digest of uploaded artifact zip is 7a409bb592672c36e7258dc8f7f9d504863c2c6dc657c1a9b3d2ae2c93ca28be
2026-10-08T19:30:00.1875040Z Finalizing artifact upload
2026-10-08T19:30:00.4939948Z Artifact Hetu-V20.93-supplemental-36-tests.zip successfully finalized. Artifact ID 11573738297
2026-10-08T19:30:00.4940759Z Artifact Hetu-V20.93-supplemental-36-tests has been successfully uploaded! Final size is 379 bytes. Artifact ID is 11573738297
2026-10-08T19:30:00.4944644Z Artifact download URL: https://github.com/xgl34222220-ops/hetu/actions/runs/37829980900/artifacts/11573738297
2026-10-08T19:30:00.5052109Z ##[group]Run python3 .github/scripts/transport_ui93_pngs.py --group host
2026-10-08T19:30:00.5052441Z [36;1mpython3 .github/scripts/transport_ui93_pngs.py --group host[0m
2026-10-08T19:30:00.5105520Z shell: /usr/bin/bash -e {0}
2026-10-08T19:30:00.5105693Z env:
2026-10-08T19:30:00.5105887Z   HETU_TEST_KEYSTORE: /home/runner/.android/hetu-ui10-debug.jks
2026-10-08T19:30:00.5106124Z   HETU_EXPECTED_TESTS: 706
2026-10-08T19:30:00.5106298Z   HETU_EXPECTED_TEST_XML_FILES: 77
2026-10-08T19:30:00.5106487Z   HETU_EXPECTED_VERSION: 2093
2026-10-08T19:30:00.5106680Z   HETU_EXPECTED_VERSION_NAME: 0.12.20-v20-glass
2026-10-08T19:30:00.5106951Z   JAVA_HOME: /opt/hostedtoolcache/Java_Temurin-Hotspot_jdk/21.0.12-1/x64
2026-10-08T19:30:00.5107252Z   JAVA_HOME_21_X64: /opt/hostedtoolcache/Java_Temurin-Hotspot_jdk/21.0.12-1/x64
2026-10-08T19:30:00.5107517Z   GRADLE_ACTION_ID: gradle/actions/setup-gradle
2026-10-08T19:30:00.5133014Z   GRADLE_USER_HOME: /home/runner/.gradle
2026-10-08T19:30:00.5133279Z   GRADLE_BUILD_ACTION_SETUP_COMPLETED: true
2026-10-08T19:30:00.5133483Z   GRADLE_BUILD_ACTION_CACHE_RESTORED: true
2026-10-08T19:30:00.5133764Z   DEVELOCITY_INJECTION_INIT_SCRIPT_NAME: gradle-actions.inject-develocity.init.gradle
2026-10-08T19:30:00.5134066Z   DEVELOCITY_INJECTION_CUSTOM_VALUE: gradle-actions
2026-10-08T19:30:00.5134275Z   GITHUB_DEPENDENCY_GRAPH_ENABLED: false
2026-10-08T19:30:00.5134460Z ##[endgroup]
2026-10-08T19:30:00.5443196Z HETU_UI93_PNG {"version":1,"commit":"b2c06e11428cf778226da5bf7c4bdd45a7149b57","kind":"limits","group":"host","allowedFiles":23,"maxFileBytes":524288,"maxGroupBytes":4194304,"chunkBytes":3072}
2026-10-08T19:30:00.5445131Z HETU_UI93_PNG {"version":1,"commit":"b2c06e11428cf778226da5bf7c4bdd45a7149b57","kind":"file","path":"android-app/app/build/outputs/glass90/light-home.png","optional":false,"bytes":180780,"status":"ready","sha256":"492a48a28252f0311af3ae698dc54ade39cfd0e36dd643d737d40c36c312e592","width":393,"height":852,"chunks":59}
2026-10-08T19:30:00.6938595Z HETU_UI93_PNG {"version":1,"commit":"b2c06e11428cf778226da5bf7c4bdd45a7149b57","kind":"end","path":"android-app/app/build/outputs/glass90/light-home.png","chunks":59,"bytes":180780,"sha256":"492a48a28252f0311af3ae698dc54ade39cfd0e36dd643d737d40c36c312e592"}
2026-10-08T19:30:00.6939787Z HETU_UI93_PNG {"version":1,"commit":"b2c06e11428cf778226da5bf7c4bdd45a7149b57","kind":"file","path":"android-app/app/build/outputs/glass90/light-panel.png","optional":false,"bytes":197998,"status":"ready","sha256":"4b75d721de1356476b6019153edcd3466fc207ff283751224483e108ebb917f9","width":393,"height":852,"chunks":65}
2026-10-08T19:30:00.8529335Z HETU_UI93_PNG {"version":1,"commit":"b2c06e11428cf778226da5bf7c4bdd45a7149b57","kind":"end","path":"android-app/app/build/outputs/glass90/light-panel.png","chunks":65,"bytes":197998,"sha256":"4b75d721de1356476b6019153edcd3466fc207ff283751224483e108ebb917f9"}
2026-10-08T19:30:00.8530700Z HETU_UI93_PNG {"version":1,"commit":"b2c06e11428cf778226da5bf7c4bdd45a7149b57","kind":"file","path":"android-app/app/build/outputs/glass90/light-tools.png","optional":false,"bytes":160865,"status":"ready","sha256":"f21239b47ac2e13bc7517f922dd23136dca2a18f5ec16bcd7734badb892b1812","width":393,"height":852,"chunks":53}
2026-10-08T19:30:00.9718988Z HETU_UI93_PNG {"version":1,"commit":"b2c06e11428cf778226da5bf7c4bdd45a7149b57","kind":"end","path":"android-app/app/build/outputs/glass90/light-tools.png","chunks":53,"bytes":160865,"sha256":"f21239b47ac2e13bc7517f922dd23136dca2a18f5ec16bcd7734badb892b1812"}
2026-10-08T19:30:00.9720203Z HETU_UI93_PNG {"version":1,"commit":"b2c06e11428cf778226da5bf7c4bdd45a7149b57","kind":"file","path":"android-app/app/build/outputs/glass90/light-settings.png","optional":false,"bytes":158057,"status":"ready","sha256":"b91417cd6bdcb59bd114919f89f09dbf569a94605418f8ff9eb60d401c0166fb","width":393,"height":852,"chunks":52}
2026-10-08T19:30:01.0905341Z HETU_UI93_PNG {"version":1,"commit":"b2c06e11428cf778226da5bf7c4bdd45a7149b57","kind":"end","path":"android-app/app/build/outputs/glass90/light-settings.png","chunks":52,"bytes":158057,"sha256":"b91417cd6bdcb59bd114919f89f09dbf569a94605418f8ff9eb60d401c0166fb"}
2026-10-08T19:30:01.0906641Z HETU_UI93_PNG {"version":1,"commit":"b2c06e11428cf778226da5bf7c4bdd45a7149b57","kind":"file","path":"android-app/app/build/outputs/glass90/dark-home.png","optional":false,"bytes":189257,"status":"ready","sha256":"f3bce820822c0a95cc48244ad5202ef32dd9440360a76ce411b5201abcaa2b45","width":393,"height":852,"chunks":62}
2026-10-08T19:30:01.2327373Z HETU_UI93_PNG {"version":1,"commit":"b2c06e11428cf778226da5bf7c4bdd45a7149b57","kind":"end","path":"android-app/app/build/outputs/glass90/dark-home.png","chunks":62,"bytes":189257,"sha256":"f3bce820822c0a95cc48244ad5202ef32dd9440360a76ce411b5201abcaa2b45"}
2026-10-08T19:30:01.2328559Z HETU_UI93_PNG {"version":1,"commit":"b2c06e11428cf778226da5bf7c4bdd45a7149b57","kind":"file","path":"android-app/app/build/outputs/glass90/dark-panel.png","optional":false,"bytes":221096,"status":"ready","sha256":"318e30ba0ec8c3a0c1eab771711c2bf4a376e889a3fda83f4781eac3208bb516","width":393,"height":852,"chunks":72}
2026-10-08T19:30:01.4019986Z HETU_UI93_PNG {"version":1,"commit":"b2c06e11428cf778226da5bf7c4bdd45a7149b57","kind":"end","path":"android-app/app/build/outputs/glass90/dark-panel.png","chunks":72,"bytes":221096,"sha256":"318e30ba0ec8c3a0c1eab771711c2bf4a376e889a3fda83f4781eac3208bb516"}
2026-10-08T19:30:01.4021180Z HETU_UI93_PNG {"version":1,"commit":"b2c06e11428cf778226da5bf7c4bdd45a7149b57","kind":"file","path":"android-app/app/build/outputs/glass90/dark-tools.png","optional":false,"bytes":165459,"status":"ready","sha256":"b5bf3a7b1b3bfdd498e573a245ca3104dbf1f606e34a6540a8616a0c3af35d11","width":393,"height":852,"chunks":54}
2026-10-08T19:30:01.5259370Z HETU_UI93_PNG {"version":1,"commit":"b2c06e11428cf778226da5bf7c4bdd45a7149b57","kind":"end","path":"android-app/app/build/outputs/glass90/dark-tools.png","chunks":54,"bytes":165459,"sha256":"b5bf3a7b1b3bfdd498e573a245ca3104dbf1f606e34a6540a8616a0c3af35d11"}
2026-10-08T19:30:01.5260694Z HETU_UI93_PNG {"version":1,"commit":"b2c06e11428cf778226da5bf7c4bdd45a7149b57","kind":"file","path":"android-app/app/build/outputs/glass90/dark-settings.png","optional":false,"bytes":162324,"status":"ready","sha256":"38c133a08bed03494b812ac6c4ddb8cd8f6b435af3996be6b1729d77cd888521","width":393,"height":852,"chunks":53}
2026-10-08T19:30:01.6502640Z HETU_UI93_PNG {"version":1,"commit":"b2c06e11428cf778226da5bf7c4bdd45a7149b57","kind":"end","path":"android-app/app/build/outputs/glass90/dark-settings.png","chunks":53,"bytes":162324,"sha256":"38c133a08bed03494b812ac6c4ddb8cd8f6b435af3996be6b1729d77cd888521"}
2026-10-08T19:30:01.6503853Z HETU_UI93_PNG {"version":1,"commit":"b2c06e11428cf778226da5bf7c4bdd45a7149b57","kind":"file","path":"android-app/app/build/outputs/ui93/group-collapsed-measuring.png","optional":false,"bytes":195114,"status":"ready","sha256":"ab9241487ce4611186545f64456e4c554cdf447208915506620e5e7d111df9b2","width":393,"height":852,"chunks":64}
2026-10-08T19:30:01.7964631Z HETU_UI93_PNG {"version":1,"commit":"b2c06e11428cf778226da5bf7c4bdd45a7149b57","kind":"end","path":"android-app/app/build/outputs/ui93/group-collapsed-measuring.png","chunks":64,"bytes":195114,"sha256":"ab9241487ce4611186545f64456e4c554cdf447208915506620e5e7d111df9b2"}
2026-10-08T19:30:01.7965865Z HETU_UI93_PNG {"version":1,"commit":"b2c06e11428cf778226da5bf7c4bdd45a7149b57","kind":"file","path":"android-app/app/build/outputs/ui93/node-measurement-failed.png","optional":false,"bytes":178340,"status":"ready","sha256":"8763d92493f483888ff3c4be2fd542d04f127a1b0d63c21aeaa477013183f2ad","width":393,"height":852,"chunks":59}
2026-10-08T19:30:01.9360993Z HETU_UI93_PNG {"version":1,"commit":"b2c06e11428cf778226da5bf7c4bdd45a7149b57","kind":"end","path":"android-app/app/build/outputs/ui93/node-measurement-failed.png","chunks":59,"bytes":178340,"sha256":"8763d92493f483888ff3c4be2fd542d04f127a1b0d63c21aeaa477013183f2ad"}
2026-10-08T19:30:01.9362315Z HETU_UI93_PNG {"version":1,"commit":"b2c06e11428cf778226da5bf7c4bdd45a7149b57","kind":"file","path":"android-app/app/build/outputs/ui93/compact-large-font-node.png","optional":false,"bytes":174397,"status":"ready","sha256":"d733be5983e848db85179cbfc55e54c852d71dadbb269d182f2d9a1ec137a711","width":393,"height":852,"chunks":57}
2026-10-08T19:30:02.0728239Z HETU_UI93_PNG {"version":1,"commit":"b2c06e11428cf778226da5bf7c4bdd45a7149b57","kind":"end","path":"android-app/app/build/outputs/ui93/compact-large-font-node.png","chunks":57,"bytes":174397,"sha256":"d733be5983e848db85179cbfc55e54c852d71dadbb269d182f2d9a1ec137a711"}
2026-10-08T19:30:02.0729465Z HETU_UI93_PNG {"version":1,"commit":"b2c06e11428cf778226da5bf7c4bdd45a7149b57","kind":"file","path":"android-app/app/build/outputs/ui93/delay-result-settled.png","optional":false,"bytes":4614,"status":"ready","sha256":"c760a46d7e9a535053d8f0954586840583ac4a1c93c6eb3abe27702f85004eb9","width":393,"height":852,"chunks":2}
2026-10-08T19:30:02.0830985Z HETU_UI93_PNG {"version":1,"commit":"b2c06e11428cf778226da5bf7c4bdd45a7149b57","kind":"end","path":"android-app/app/build/outputs/ui93/delay-result-settled.png","chunks":2,"bytes":4614,"sha256":"c760a46d7e9a535053d8f0954586840583ac4a1c93c6eb3abe27702f85004eb9"}
2026-10-08T19:30:02.0832275Z HETU_UI93_PNG {"version":1,"commit":"b2c06e11428cf778226da5bf7c4bdd45a7149b57","kind":"file","path":"android-app/app/build/outputs/ui93/dock-large-font-2x.png","optional":false,"bytes":172275,"status":"ready","sha256":"65b3bf71913349815d26c803e2b0510cd2cb12620017416065c3cd4bd78bef7f","width":393,"height":852,"chunks":57}
2026-10-08T19:30:02.2215210Z HETU_UI93_PNG {"version":1,"commit":"b2c06e11428cf778226da5bf7c4bdd45a7149b57","kind":"end","path":"android-app/app/build/outputs/ui93/dock-large-font-2x.png","chunks":57,"bytes":172275,"sha256":"65b3bf71913349815d26c803e2b0510cd2cb12620017416065c3cd4bd78bef7f"}
2026-10-08T19:30:02.2216456Z HETU_UI93_PNG {"version":1,"commit":"b2c06e11428cf778226da5bf7c4bdd45a7149b57","kind":"file","path":"android-app/app/build/outputs/ui93/dock-attached.png","optional":false,"bytes":167863,"status":"ready","sha256":"62979a0033b2b018f50fd0c7290c16f9fe07dfbf452f170b9d0a7839a377bfa7","width":393,"height":852,"chunks":55}
2026-10-08T19:30:02.3491087Z HETU_UI93_PNG {"version":1,"commit":"b2c06e11428cf778226da5bf7c4bdd45a7149b57","kind":"end","path":"android-app/app/build/outputs/ui93/dock-attached.png","chunks":55,"bytes":167863,"sha256":"62979a0033b2b018f50fd0c7290c16f9fe07dfbf452f170b9d0a7839a377bfa7"}
2026-10-08T19:30:02.3492423Z HETU_UI93_PNG {"version":1,"commit":"b2c06e11428cf778226da5bf7c4bdd45a7149b57","kind":"file","path":"android-app/app/build/outputs/ui93/dock-repeated-taps-settled.png","optional":false,"bytes":169828,"status":"ready","sha256":"59da7722dc2d9abbd53a2d956501f765c782bbd07d1ec7b6c5f0df0a072e39de","width":393,"height":852,"chunks":56}
2026-10-08T19:30:02.4807395Z HETU_UI93_PNG {"version":1,"commit":"b2c06e11428cf778226da5bf7c4bdd45a7149b57","kind":"end","path":"android-app/app/build/outputs/ui93/dock-repeated-taps-settled.png","chunks":56,"bytes":169828,"sha256":"59da7722dc2d9abbd53a2d956501f765c782bbd07d1ec7b6c5f0df0a072e39de"}
2026-10-08T19:30:02.4808645Z HETU_UI93_PNG {"version":1,"commit":"b2c06e11428cf778226da5bf7c4bdd45a7149b57","kind":"file","path":"android-app/app/build/outputs/ui93/dock-motion-off-after-2s.png","optional":false,"bytes":169828,"status":"ready","sha256":"59da7722dc2d9abbd53a2d956501f765c782bbd07d1ec7b6c5f0df0a072e39de","width":393,"height":852,"chunks":56}
2026-10-08T19:30:02.6114796Z HETU_UI93_PNG {"version":1,"commit":"b2c06e11428cf778226da5bf7c4bdd45a7149b57","kind":"end","path":"android-app/app/build/outputs/ui93/dock-motion-off-after-2s.png","chunks":56,"bytes":169828,"sha256":"59da7722dc2d9abbd53a2d956501f765c782bbd07d1ec7b6c5f0df0a072e39de"}
2026-10-08T19:30:02.6116161Z HETU_UI93_PNG {"version":1,"commit":"b2c06e11428cf778226da5bf7c4bdd45a7149b57","kind":"file","path":"android-app/app/build/outputs/startup-config-feedback/settings-actual-large-entry.png","optional":false,"bytes":169146,"status":"ready","sha256":"5a05f264561ad231cad2a28cc22ce30ad0e42468949eb43df17e2b32388edcdf","width":393,"height":852,"chunks":56}
2026-10-08T19:30:02.7389426Z HETU_UI93_PNG {"version":1,"commit":"b2c06e11428cf778226da5bf7c4bdd45a7149b57","kind":"end","path":"android-app/app/build/outputs/startup-config-feedback/settings-actual-large-entry.png","chunks":56,"bytes":169146,"sha256":"5a05f264561ad231cad2a28cc22ce30ad0e42468949eb43df17e2b32388edcdf"}
2026-10-08T19:30:02.7390761Z HETU_UI93_PNG {"version":1,"commit":"b2c06e11428cf778226da5bf7c4bdd45a7149b57","kind":"file","path":"android-app/app/build/outputs/startup-config-feedback/settings-visible-eof.png","optional":false,"bytes":136047,"status":"ready","sha256":"4d55f8b372cec5a522761278ec438074c0e3c3abba61bfaf63f2ac006be7c2f1","width":393,"height":852,"chunks":45}
2026-10-08T19:30:02.8418994Z HETU_UI93_PNG {"version":1,"commit":"b2c06e11428cf778226da5bf7c4bdd45a7149b57","kind":"end","path":"android-app/app/build/outputs/startup-config-feedback/settings-visible-eof.png","chunks":45,"bytes":136047,"sha256":"4d55f8b372cec5a522761278ec438074c0e3c3abba61bfaf63f2ac006be7c2f1"}
2026-10-08T19:30:02.8420339Z HETU_UI93_PNG {"version":1,"commit":"b2c06e11428cf778226da5bf7c4bdd45a7149b57","kind":"file","path":"android-app/app/build/outputs/startup-config-feedback/settings-actual-read-error.png","optional":false,"bytes":133441,"status":"ready","sha256":"e5f37e3f730581b3e20d881e7ab7ec26af0aeb0a6bbea553dd8c27f9a8f43ce7","width":393,"height":852,"chunks":44}
2026-10-08T19:30:02.9422608Z HETU_UI93_PNG {"version":1,"commit":"b2c06e11428cf778226da5bf7c4bdd45a7149b57","kind":"end","path":"android-app/app/build/outputs/startup-config-feedback/settings-actual-read-error.png","chunks":44,"bytes":133441,"sha256":"e5f37e3f730581b3e20d881e7ab7ec26af0aeb0a6bbea553dd8c27f9a8f43ce7"}
2026-10-08T19:30:02.9423950Z HETU_UI93_PNG {"version":1,"commit":"b2c06e11428cf778226da5bf7c4bdd45a7149b57","kind":"file","path":"android-app/app/build/outputs/startup-config-feedback/tools-actual-large-entry.png","optional":false,"bytes":146006,"status":"ready","sha256":"61a225373fce2fd3b940bd80ed8c8f78c527f1419464f27f8c6544b585d5450c","width":393,"height":852,"chunks":48}
2026-10-08T19:30:03.0498920Z HETU_UI93_PNG {"version":1,"commit":"b2c06e11428cf778226da5bf7c4bdd45a7149b57","kind":"end","path":"android-app/app/build/outputs/startup-config-feedback/tools-actual-large-entry.png","chunks":48,"bytes":146006,"sha256":"61a225373fce2fd3b940bd80ed8c8f78c527f1419464f27f8c6544b585d5450c"}
2026-10-08T19:30:03.0500256Z HETU_UI93_PNG {"version":1,"commit":"b2c06e11428cf778226da5bf7c4bdd45a7149b57","kind":"file","path":"android-app/app/build/outputs/glass91/dark-settings-group.png","optional":false,"bytes":181563,"status":"ready","sha256":"e2c09c3aba0a50be39a5dafa10fe89f4bbbcc94b9656d3a2e465a9ce2af45400","width":393,"height":852,"chunks":60}
2026-10-08T19:30:03.1848694Z HETU_UI93_PNG {"version":1,"commit":"b2c06e11428cf778226da5bf7c4bdd45a7149b57","kind":"end","path":"android-app/app/build/outputs/glass91/dark-settings-group.png","chunks":60,"bytes":181563,"sha256":"e2c09c3aba0a50be39a5dafa10fe89f4bbbcc94b9656d3a2e465a9ce2af45400"}
2026-10-08T19:30:03.1850019Z HETU_UI93_PNG {"version":1,"commit":"b2c06e11428cf778226da5bf7c4bdd45a7149b57","kind":"file","path":"android-app/app/build/outputs/concept-state-coverage/04-009-theme-motion.png","optional":false,"bytes":161143,"status":"ready","sha256":"184eee6585a2006f8213b20a62405b44f5a408f7f44c8cb3fff52914be320305","width":393,"height":852,"chunks":53}
2026-10-08T19:30:03.3038137Z HETU_UI93_PNG {"version":1,"commit":"b2c06e11428cf778226da5bf7c4bdd45a7149b57","kind":"end","path":"android-app/app/build/outputs/concept-state-coverage/04-009-theme-motion.png","chunks":53,"bytes":161143,"sha256":"184eee6585a2006f8213b20a62405b44f5a408f7f44c8cb3fff52914be320305"}
2026-10-08T19:30:03.3039442Z HETU_UI93_PNG {"version":1,"commit":"b2c06e11428cf778226da5bf7c4bdd45a7149b57","kind":"file","path":"android-app/app/build/outputs/concept-state-coverage/04-029-mirror-dialog.png","optional":false,"bytes":97246,"status":"ready","sha256":"0fc83b46b835e7cae44299b26051973722ae38a727e5ad48e93625084dae09a9","width":393,"height":852,"chunks":32}
2026-10-08T19:30:03.3763796Z HETU_UI93_PNG {"version":1,"commit":"b2c06e11428cf778226da5bf7c4bdd45a7149b57","kind":"end","path":"android-app/app/build/outputs/concept-state-coverage/04-029-mirror-dialog.png","chunks":32,"bytes":97246,"sha256":"0fc83b46b835e7cae44299b26051973722ae38a727e5ad48e93625084dae09a9"}
2026-10-08T19:30:03.3768732Z HETU_UI93_PNG {"version":1,"commit":"b2c06e11428cf778226da5bf7c4bdd45a7149b57","kind":"summary","group":"host","bytes":3692687,"transported":23,"states":{"android-app/app/build/outputs/glass90/light-home.png":"ready","android-app/app/build/outputs/glass90/light-panel.png":"ready","android-app/app/build/outputs/glass90/light-tools.png":"ready","android-app/app/build/outputs/glass90/light-settings.png":"ready","android-app/app/build/outputs/glass90/dark-home.png":"ready","android-app/app/build/outputs/glass90/dark-panel.png":"ready","android-app/app/build/outputs/glass90/dark-tools.png":"ready","android-app/app/build/outputs/glass90/dark-settings.png":"ready","android-app/app/build/outputs/ui93/group-collapsed-measuring.png":"ready","android-app/app/build/outputs/ui93/node-measurement-failed.png":"ready","android-app/app/build/outputs/ui93/compact-large-font-node.png":"ready","android-app/app/build/outputs/ui93/delay-result-settled.png":"ready","android-app/app/build/outputs/ui93/dock-large-font-2x.png":"ready","android-app/app/build/outputs/ui93/dock-attached.png":"ready","android-app/app/build/outputs/ui93/dock-repeated-taps-settled.png":"ready","android-app/app/build/outputs/ui93/dock-motion-off-after-2s.png":"ready","android-app/app/build/outputs/startup-config-feedback/settings-actual-large-entry.png":"ready","android-app/app/build/outputs/startup-config-feedback/settings-visible-eof.png":"ready","android-app/app/build/outputs/startup-config-feedback/settings-actual-read-error.png":"ready","android-app/app/build/outputs/startup-config-feedback/tools-actual-large-entry.png":"ready","android-app/app/build/outputs/glass91/dark-settings-group.png":"ready","android-app/app/build/outputs/concept-state-coverage/04-009-theme-motion.png":"ready","android-app/app/build/outputs/concept-state-coverage/04-029-mirror-dialog.png":"ready"},"isScreenshotOrTestAcceptance":false}
2026-10-08T19:30:03.3803803Z ##[group]Run actions/upload-artifact@v4
2026-10-08T19:30:03.3804001Z with:
2026-10-08T19:30:03.3804147Z   if-no-files-found: warn
2026-10-08T19:30:03.3804324Z   name: Hetu-V20.93-UI-verification
2026-10-08T19:30:03.3805651Z   path: android-app/app/build/test-results/testDebugUnitTest/
android-app/app/build/reports/tests/testDebugUnitTest/
android-app/app/build/reports/lint-results-debug.*
android-app/app/build/outputs/pdf85/
android-app/app/build/outputs/ui83/
android-app/app/build/outputs/concept59/
android-app/app/build/outputs/concept-state-coverage/
android-app/app/build/outputs/concept-remaining-coverage/
out/verification/
docs/qa/concept-173-current.json
docs/qa/concept-173-current.md

android-app/app/build/outputs/glass90/
android-app/app/build/outputs/startup-config-feedback/
android-app/app/build/outputs/ui93/
android-app/app/build/outputs/glass91/

2026-10-08T19:30:03.3807010Z   compression-level: 6
2026-10-08T19:30:03.3807169Z   overwrite: false
2026-10-08T19:30:03.3807341Z   include-hidden-files: false
2026-10-08T19:30:03.3807555Z env:
2026-10-08T19:30:03.3807741Z   HETU_TEST_KEYSTORE: /home/runner/.android/hetu-ui10-debug.jks
2026-10-08T19:30:03.3807973Z   HETU_EXPECTED_TESTS: 706
2026-10-08T19:30:03.3808146Z   HETU_EXPECTED_TEST_XML_FILES: 77
2026-10-08T19:30:03.3808332Z   HETU_EXPECTED_VERSION: 2093
2026-10-08T19:30:03.3808522Z   HETU_EXPECTED_VERSION_NAME: 0.12.20-v20-glass
2026-10-08T19:30:03.3808781Z   JAVA_HOME: /opt/hostedtoolcache/Java_Temurin-Hotspot_jdk/21.0.12-1/x64
2026-10-08T19:30:03.3809088Z   JAVA_HOME_21_X64: /opt/hostedtoolcache/Java_Temurin-Hotspot_jdk/21.0.12-1/x64
2026-10-08T19:30:03.3809357Z   GRADLE_ACTION_ID: gradle/actions/setup-gradle
2026-10-08T19:30:03.3809561Z   GRADLE_USER_HOME: /home/runner/.gradle
2026-10-08T19:30:03.3809754Z   GRADLE_BUILD_ACTION_SETUP_COMPLETED: true
2026-10-08T19:30:03.3809960Z   GRADLE_BUILD_ACTION_CACHE_RESTORED: true
2026-10-08T19:30:03.3810239Z   DEVELOCITY_INJECTION_INIT_SCRIPT_NAME: gradle-actions.inject-develocity.init.gradle
2026-10-08T19:30:03.3810537Z   DEVELOCITY_INJECTION_CUSTOM_VALUE: gradle-actions
2026-10-08T19:30:03.3810751Z   GITHUB_DEPENDENCY_GRAPH_ENABLED: false
2026-10-08T19:30:03.3810929Z ##[endgroup]
2026-10-08T19:30:03.4893268Z (node:271799) [DEP0040] DeprecationWarning: The `punycode` module is deprecated. Please use a userland alternative instead.
2026-10-08T19:30:03.4893769Z (Use `node --trace-deprecation ...` to show where the warning was created)
2026-10-08T19:30:03.5895861Z Multiple search paths detected. Calculating the least common ancestor of all paths
2026-10-08T19:30:03.5898639Z The least common ancestor is /home/runner/work/hetu/hetu. This will be the root directory of the artifact
2026-10-08T19:30:03.5899081Z With the provided path, there will be 717 files uploaded
2026-10-08T19:30:03.5902640Z Artifact name is valid!
2026-10-08T19:30:03.5903107Z Root directory input is valid!
2026-10-08T19:30:03.8898059Z Beginning upload of artifact content to blob storage
2026-10-08T19:30:04.1535412Z (node:271799) [DEP0169] DeprecationWarning: `url.parse()` behavior is not standardized and prone to errors that have security implications. Use the WHATWG URL API instead. CVEs are not issued for `url.parse()` vulnerabilities.
2026-10-08T19:30:04.7264505Z Uploaded bytes 8388608
2026-10-08T19:30:04.7709009Z Uploaded bytes 16777216
2026-10-08T19:30:05.0218145Z Uploaded bytes 25165824
2026-10-08T19:30:05.1462277Z Uploaded bytes 33554432
2026-10-08T19:30:05.3063910Z Uploaded bytes 40910565
2026-10-08T19:30:05.3515696Z Finished uploading artifact content to blob storage!
2026-10-08T19:30:05.3517633Z SHA256 digest of uploaded artifact zip is 31791838b3467dc7f13b89f8a56082480381938e6af3084b1a08362fe22f2c13
2026-10-08T19:30:05.3518987Z Finalizing artifact upload
2026-10-08T19:30:05.6089998Z Artifact Hetu-V20.93-UI-verification.zip successfully finalized. Artifact ID 11573563725
2026-10-08T19:30:05.6091878Z Artifact Hetu-V20.93-UI-verification has been successfully uploaded! Final size is 40910565 bytes. Artifact ID is 11573563725
2026-10-08T19:30:05.6096390Z Artifact download URL: https://github.com/xgl34222220-ops/hetu/actions/runs/37829980900/artifacts/11573563725
2026-10-08T19:30:05.6360395Z Post job cleanup.
2026-10-08T19:30:05.7849493Z In post-action step
2026-10-08T19:30:05.7857136Z Cache is read-only: will not save state for use in subsequent builds.
2026-10-08T19:30:05.7860726Z Generating Job Summary
2026-10-08T19:30:05.7876069Z Completed post-action step
2026-10-08T19:30:05.8007202Z Post job cleanup.
2026-10-08T19:30:05.8970317Z (node:271824) [DEP0040] DeprecationWarning: The `punycode` module is deprecated. Please use a userland alternative instead.
2026-10-08T19:30:05.8971739Z (Use `node --trace-deprecation ...` to show where the warning was created)
2026-10-08T19:30:05.9165975Z Post job cleanup.
2026-10-08T19:30:05.9862081Z [command]/usr/bin/git version
2026-10-08T19:30:05.9872190Z git version 2.55.0
2026-10-08T19:30:05.9893661Z Temporarily overriding HOME='/home/runner/work/_temp/7e952129-5e16-4cb4-8ed6-2a1a25f7d7d1' before making global git config changes
2026-10-08T19:30:05.9894854Z Adding repository directory to the temporary git global config as a safe directory
2026-10-08T19:30:05.9895669Z [command]/usr/bin/git config --global --add safe.directory /home/runner/work/hetu/hetu
2026-10-08T19:30:05.9973988Z [command]/usr/bin/git config --local --name-only --get-regexp core\.sshCommand
2026-10-08T19:30:06.0013680Z [command]/usr/bin/git submodule foreach --recursive sh -c "git config --local --name-only --get-regexp 'core\.sshCommand' && git config --local --unset-all 'core.sshCommand' || :"
2026-10-08T19:30:06.0214468Z [command]/usr/bin/git config --local --name-only --get-regexp http\.https\:\/\/github\.com\/\.extraheader
2026-10-08T19:30:06.0240630Z http.https://github.com/.extraheader
2026-10-08T19:30:06.0251771Z [command]/usr/bin/git config --local --unset-all http.https://github.com/.extraheader
2026-10-08T19:30:06.0285919Z [command]/usr/bin/git submodule foreach --recursive sh -c "git config --local --name-only --get-regexp 'http\.https\:\/\/github\.com\/\.extraheader' && git config --local --unset-all 'http.https://github.com/.extraheader' || :"
2026-10-08T19:30:06.0526238Z [command]/usr/bin/git config --local --name-only --get-regexp ^includeIf\.gitdir:
2026-10-08T19:30:06.0560514Z [command]/usr/bin/git submodule foreach --recursive git config --local --show-origin --name-only --get-regexp remote.origin.url
2026-10-08T19:30:06.0878957Z Cleaning up orphan processes
2026-10-08T19:30:06.1108242Z ##[warning]Node.js 20 is deprecated. The following actions target Node.js 20 but are being forced to run on Node.js 24: actions/cache/restore@v4, actions/checkout@v4, actions/setup-java@v4, actions/setup-node@v4, actions/upload-artifact@v4, gradle/actions/setup-gradle@v4. For more information see: https://github.blog/changelog/2025-09-19-deprecation-of-node-20-on-github-actions-runners/

