2026-10-05T21:34:00.5999477Z Current runner version: '2.337.0'
2026-10-05T21:34:00.6015963Z ##[group]Runner Image Provisioner
2026-10-05T21:34:00.6016499Z Hosted Compute Agent
2026-10-05T21:34:00.6016856Z Version: 20260901.588
2026-10-05T21:34:00.6017340Z Commit: f88ec8081b781fac6c440065ac7ff9e710ce3d0b
2026-10-05T21:34:00.6017772Z Build Date: 2026-09-01T19:56:44Z
2026-10-05T21:34:00.6018206Z Worker ID: {089bc585-b51e-4a4f-94cf-5dd6ddb43a4b}
2026-10-05T21:34:00.6018639Z Azure Region: westus2
2026-10-05T21:34:00.6018985Z ##[endgroup]
2026-10-05T21:34:00.6020008Z ##[group]Operating System
2026-10-05T21:34:00.6020373Z Ubuntu
2026-10-05T21:34:00.6020679Z 24.04.5
2026-10-05T21:34:00.6021048Z LTS
2026-10-05T21:34:00.6021361Z ##[endgroup]
2026-10-05T21:34:00.6021784Z ##[group]Runner Image
2026-10-05T21:34:00.6022140Z Image: ubuntu-24.04
2026-10-05T21:34:00.6022469Z Version: 20260927.320.1
2026-10-05T21:34:00.6023263Z Included Software: https://github.com/actions/runner-images/blob/ubuntu24/20260927.320/images/ubuntu/Ubuntu2404-Readme.md
2026-10-05T21:34:00.6024254Z Image Release: https://github.com/actions/runner-images/releases/tag/ubuntu24%2F20260927.320
2026-10-05T21:34:00.6024820Z ##[endgroup]
2026-10-05T21:34:00.6025519Z ##[group]GITHUB_TOKEN Permissions
2026-10-05T21:34:00.6026679Z Actions: read
2026-10-05T21:34:00.6027042Z Contents: read
2026-10-05T21:34:00.6027441Z Metadata: read
2026-10-05T21:34:00.6027775Z ##[endgroup]
2026-10-05T21:34:00.6029040Z Secret source: Actions
2026-10-05T21:34:00.6029602Z Cache mode: write
2026-10-05T21:34:00.6030255Z Prepare workflow directory
2026-10-05T21:34:00.7348414Z Prepare all required actions
2026-10-05T21:34:00.7379527Z Getting action download info
2026-10-05T21:34:01.0979395Z Download action repository 'actions/checkout@v4' (SHA:11d5960a326750d5838078e36cf38b85af677262)
2026-10-05T21:34:01.1919968Z Download action repository 'actions/setup-node@v4' (SHA:49933ea5288caeca8642d1e84afbd3f7d6820020)
2026-10-05T21:34:01.3015524Z Download action repository 'actions/setup-java@v4' (SHA:cf277c60eb25467037889841efdb72551f06f6c3)
2026-10-05T21:34:01.6439519Z Download action repository 'actions/cache@v4' (SHA:0057852bfaa89a56745cba8c7296529d2fc39830)
2026-10-05T21:34:01.7790118Z Download action repository 'gradle/actions@v4' (SHA:ed408507eac070d1f99cc633dbcf757c94c7933a)
2026-10-05T21:34:02.7987991Z Download action repository 'actions/upload-artifact@v4' (SHA:ea165f8d65b6e75b540449e92b4886f43607fa02)
2026-10-05T21:34:03.0397911Z Complete job name: build
2026-10-05T21:34:03.0875708Z ##[group]Run actions/checkout@v4
2026-10-05T21:34:03.0876014Z with:
2026-10-05T21:34:03.0876168Z   repository: xgl34222220-ops/hetu
2026-10-05T21:34:03.0877568Z   token: ***
2026-10-05T21:34:03.0877712Z   ssh-strict: true
2026-10-05T21:34:03.0877863Z   ssh-user: git
2026-10-05T21:34:03.0878014Z   persist-credentials: true
2026-10-05T21:34:03.0878175Z   clean: true
2026-10-05T21:34:03.0878329Z   sparse-checkout-cone-mode: true
2026-10-05T21:34:03.0878502Z   fetch-depth: 1
2026-10-05T21:34:03.0878647Z   fetch-tags: false
2026-10-05T21:34:03.0878811Z   show-progress: true
2026-10-05T21:34:03.0878967Z   lfs: false
2026-10-05T21:34:03.0879099Z   submodules: false
2026-10-05T21:34:03.0879245Z   set-safe-directory: true
2026-10-05T21:34:03.0879413Z   allow-unsafe-pr-checkout: false
2026-10-05T21:34:03.0879780Z env:
2026-10-05T21:34:03.0879963Z   HETU_TEST_KEYSTORE: /home/runner/.android/hetu-ui10-debug.jks
2026-10-05T21:34:03.0880182Z ##[endgroup]
2026-10-05T21:34:03.1540068Z Syncing repository: xgl34222220-ops/hetu
2026-10-05T21:34:03.1541619Z ##[group]Getting Git version info
2026-10-05T21:34:03.1542047Z Working directory is '/home/runner/work/hetu/hetu'
2026-10-05T21:34:03.1542570Z [command]/usr/bin/git version
2026-10-05T21:34:03.1601328Z git version 2.55.0
2026-10-05T21:34:03.1616916Z ##[endgroup]
2026-10-05T21:34:03.1628412Z Temporarily overriding HOME='/home/runner/work/_temp/59a529de-14ec-4327-8b8e-d2c0d38aa319' before making global git config changes
2026-10-05T21:34:03.1628940Z Adding repository directory to the temporary git global config as a safe directory
2026-10-05T21:34:03.1632209Z [command]/usr/bin/git config --global --add safe.directory /home/runner/work/hetu/hetu
2026-10-05T21:34:03.1680234Z Deleting the contents of '/home/runner/work/hetu/hetu'
2026-10-05T21:34:03.1683496Z ##[group]Initializing the repository
2026-10-05T21:34:03.1686658Z [command]/usr/bin/git init /home/runner/work/hetu/hetu
2026-10-05T21:34:03.1790592Z hint: Using 'master' as the name for the initial branch. This default branch name
2026-10-05T21:34:03.1791390Z hint: will change to "main" in Git 3.0. To configure the initial branch name
2026-10-05T21:34:03.1791854Z hint: to use in all of your new repositories, which will suppress this warning,
2026-10-05T21:34:03.1792215Z hint: call:
2026-10-05T21:34:03.1792453Z hint:
2026-10-05T21:34:03.1792773Z hint: 	git config --global init.defaultBranch <name>
2026-10-05T21:34:03.1793084Z hint:
2026-10-05T21:34:03.1793376Z hint: Names commonly chosen instead of 'master' are 'main', 'trunk' and
2026-10-05T21:34:03.1793858Z hint: 'development'. The just-created branch can be renamed via this command:
2026-10-05T21:34:03.1794249Z hint:
2026-10-05T21:34:03.1794489Z hint: 	git branch -m <name>
2026-10-05T21:34:03.1794729Z hint:
2026-10-05T21:34:03.1795053Z hint: Disable this message with "git config set advice.defaultBranchName false"
2026-10-05T21:34:03.1795550Z Initialized empty Git repository in /home/runner/work/hetu/hetu/.git/
2026-10-05T21:34:03.1805467Z [command]/usr/bin/git remote add origin https://github.com/xgl34222220-ops/hetu
2026-10-05T21:34:03.1852268Z ##[endgroup]
2026-10-05T21:34:03.1852565Z ##[group]Disabling automatic garbage collection
2026-10-05T21:34:03.1856347Z [command]/usr/bin/git config --local gc.auto 0
2026-10-05T21:34:03.1885564Z ##[endgroup]
2026-10-05T21:34:03.1885848Z ##[group]Setting up auth
2026-10-05T21:34:03.1901002Z [command]/usr/bin/git config --local --name-only --get-regexp core\.sshCommand
2026-10-05T21:34:03.1927845Z [command]/usr/bin/git submodule foreach --recursive sh -c "git config --local --name-only --get-regexp 'core\.sshCommand' && git config --local --unset-all 'core.sshCommand' || :"
2026-10-05T21:34:03.2237732Z [command]/usr/bin/git config --local --name-only --get-regexp http\.https\:\/\/github\.com\/\.extraheader
2026-10-05T21:34:03.2268705Z [command]/usr/bin/git submodule foreach --recursive sh -c "git config --local --name-only --get-regexp 'http\.https\:\/\/github\.com\/\.extraheader' && git config --local --unset-all 'http.https://github.com/.extraheader' || :"
2026-10-05T21:34:03.2463319Z [command]/usr/bin/git config --local --name-only --get-regexp ^includeIf\.gitdir:
2026-10-05T21:34:03.2504169Z [command]/usr/bin/git submodule foreach --recursive git config --local --show-origin --name-only --get-regexp remote.origin.url
2026-10-05T21:34:03.2711822Z [command]/usr/bin/git config --local http.https://github.com/.extraheader AUTHORIZATION: basic ***
2026-10-05T21:34:03.2753527Z ##[endgroup]
2026-10-05T21:34:03.2753936Z ##[group]Fetching the repository
2026-10-05T21:34:03.2759628Z [command]/usr/bin/git -c protocol.version=2 fetch --no-tags --prune --no-recurse-submodules --depth=1 origin +7b8de498dc3c4cd7d044bdbee0e7efe2233d7953:refs/remotes/origin/test/v20.76-new-ui
2026-10-05T21:34:05.0361626Z From https://github.com/xgl34222220-ops/hetu
2026-10-05T21:34:05.0362127Z  * [new ref]         7b8de498dc3c4cd7d044bdbee0e7efe2233d7953 -> origin/test/v20.76-new-ui
2026-10-05T21:34:05.0365360Z ##[endgroup]
2026-10-05T21:34:05.0365749Z ##[group]Determining the checkout info
2026-10-05T21:34:05.0367686Z ##[endgroup]
2026-10-05T21:34:05.0373125Z [command]/usr/bin/git sparse-checkout disable
2026-10-05T21:34:05.0423527Z [command]/usr/bin/git config --local --unset-all extensions.worktreeConfig
2026-10-05T21:34:05.0451433Z ##[group]Checking out the ref
2026-10-05T21:34:05.0467120Z [command]/usr/bin/git checkout --progress --force -B test/v20.76-new-ui refs/remotes/origin/test/v20.76-new-ui
2026-10-05T21:34:05.1509004Z Switched to a new branch 'test/v20.76-new-ui'
2026-10-05T21:34:05.1513193Z branch 'test/v20.76-new-ui' set up to track 'origin/test/v20.76-new-ui'.
2026-10-05T21:34:05.1524571Z ##[endgroup]
2026-10-05T21:34:05.1564633Z [command]/usr/bin/git log -1 --format=%H
2026-10-05T21:34:05.1588822Z 7b8de498dc3c4cd7d044bdbee0e7efe2233d7953
2026-10-05T21:34:05.1795359Z ##[group]Run actions/setup-node@v4
2026-10-05T21:34:05.1795550Z with:
2026-10-05T21:34:05.1795665Z   node-version: 24
2026-10-05T21:34:05.1795786Z   always-auth: false
2026-10-05T21:34:05.1795909Z   check-latest: false
2026-10-05T21:34:05.1797246Z   token: ***
2026-10-05T21:34:05.1797363Z env:
2026-10-05T21:34:05.1797518Z   HETU_TEST_KEYSTORE: /home/runner/.android/hetu-ui10-debug.jks
2026-10-05T21:34:05.1797710Z ##[endgroup]
2026-10-05T21:34:05.2724341Z Found in cache @ /opt/hostedtoolcache/node/24.21.0/x64
2026-10-05T21:34:05.2727178Z (node:2081) [DEP0040] DeprecationWarning: The `punycode` module is deprecated. Please use a userland alternative instead.
2026-10-05T21:34:05.2727703Z (Use `node --trace-deprecation ...` to show where the warning was created)
2026-10-05T21:34:05.2728994Z ##[group]Environment details
2026-10-05T21:34:05.5814461Z node: v24.21.0
2026-10-05T21:34:05.5814816Z npm: 11.19.0
2026-10-05T21:34:05.5815005Z yarn: 1.22.22
2026-10-05T21:34:05.5815938Z ##[endgroup]
2026-10-05T21:34:05.5924127Z ##[group]Run set -euo pipefail
2026-10-05T21:34:05.5924382Z [36;1mset -euo pipefail[0m
2026-10-05T21:34:05.5924624Z [36;1mgit fetch --no-tags --depth=1 origin 1dbe40cc4e312c230524092dfe32a2c6cfb5f25d[0m
2026-10-05T21:34:05.5924929Z [36;1mgit fetch --no-tags --depth=1 origin 2730954591393c1b81f747cef72adb8940c5a82c[0m
2026-10-05T21:34:05.5925220Z [36;1mgit fetch --no-tags --depth=1 origin ec211b9ad81748dee30fec43f0a25849559e4623[0m
2026-10-05T21:34:05.5925494Z [36;1mpython3 .github/scripts/functionfix_ci_config.py export[0m
2026-10-05T21:34:05.6164523Z shell: /usr/bin/bash -e {0}
2026-10-05T21:34:05.6164688Z env:
2026-10-05T21:34:05.6164852Z   HETU_TEST_KEYSTORE: /home/runner/.android/hetu-ui10-debug.jks
2026-10-05T21:34:05.6165070Z ##[endgroup]
2026-10-05T21:34:05.9620996Z From https://github.com/xgl34222220-ops/hetu
2026-10-05T21:34:05.9621522Z  * branch            1dbe40cc4e312c230524092dfe32a2c6cfb5f25d -> FETCH_HEAD
2026-10-05T21:34:06.4287116Z From https://github.com/xgl34222220-ops/hetu
2026-10-05T21:34:06.4287604Z  * branch            2730954591393c1b81f747cef72adb8940c5a82c -> FETCH_HEAD
2026-10-05T21:34:06.7871461Z From https://github.com/xgl34222220-ops/hetu
2026-10-05T21:34:06.7871942Z  * branch            ec211b9ad81748dee30fec43f0a25849559e4623 -> FETCH_HEAD
2026-10-05T21:34:06.8193460Z {"HETU_EXPECTED_TESTS": 542, "HETU_EXPECTED_TEST_XML_FILES": 56, "HETU_EXPECTED_VERSION": 2086, "HETU_EXPECTED_VERSION_NAME": "0.12.16-v20-fix"}
2026-10-05T21:34:06.8262920Z ##[group]Run set -euo pipefail
2026-10-05T21:34:06.8263116Z [36;1mset -euo pipefail[0m
2026-10-05T21:34:06.8263275Z [36;1mmkdir -p "$RUNNER_TEMP/hetu-v2081-source"[0m
2026-10-05T21:34:06.8263625Z [36;1mgh run download 37171744564 --repo "$GITHUB_REPOSITORY" --name Hetu-V20.81-effective-source --dir "$RUNNER_TEMP/hetu-v2081-source"[0m
2026-10-05T21:34:06.8264040Z [36;1mARCHIVE="$RUNNER_TEMP/hetu-v2081-source/Hetu-V20.81-effective-source.tar.gz"[0m
2026-10-05T21:34:06.8264359Z [36;1m# Only ignored native binaries are restored; all effective source is checked in.[0m
2026-10-05T21:34:06.8264597Z [36;1mpython3 - "$ARCHIVE" <<'PYINNER'[0m
2026-10-05T21:34:06.8264759Z [36;1mimport hashlib,sys,tarfile[0m
2026-10-05T21:34:06.8264914Z [36;1mfrom pathlib import Path[0m
2026-10-05T21:34:06.8265057Z [36;1mp=Path(sys.argv[1])[0m
2026-10-05T21:34:06.8265370Z [36;1massert hashlib.sha256(p.read_bytes()).hexdigest()=='6190b4fd4fcd011cae77e81cdd33b5270e557194c56bf88d0a824d74d811b730'[0m
2026-10-05T21:34:06.8265671Z [36;1mwith tarfile.open(p) as z:[0m
2026-10-05T21:34:06.8265818Z [36;1m for m in z.getmembers():[0m
2026-10-05T21:34:06.8266279Z [36;1m  if m.isfile() and (m.name.startswith('android-app/app/src/main/jniLibs/') or m.name.startswith('android-app/app/src/main/assets/mihomo-root/') or m.name=='android-app/app/src/main/assets/mihomo-revision.txt'):[0m
2026-10-05T21:34:06.8266979Z [36;1m   q=Path(m.name);q.parent.mkdir(parents=True,exist_ok=True);q.write_bytes(z.extractfile(m).read())[0m
2026-10-05T21:34:06.8267231Z [36;1mPYINNER[0m
2026-10-05T21:34:06.8267399Z [36;1mpython3 .github/scripts/prepare_new_ui_source.py "$ARCHIVE"[0m
2026-10-05T21:34:06.8267658Z [36;1mpython3 .github/scripts/functionfix_ci_config.py runtime-snapshot[0m
2026-10-05T21:34:06.8267899Z [36;1msh -n android-app/app/src/main/assets/hetu-root.sh[0m
2026-10-05T21:34:06.8268118Z [36;1msh -n android-app/app/src/main/assets/hetu-autostart.sh[0m
2026-10-05T21:34:06.8268396Z [36;1mpython3 tools/qa/test_root_health.py 2>&1 | tee out/verification/root-health-tests.txt[0m
2026-10-05T21:34:06.8268733Z [36;1mpython3 tools/qa/test_google_firewall.py 2>&1 | tee out/verification/google-firewall-tests.txt[0m
2026-10-05T21:34:06.8269072Z [36;1mpython3 tools/qa/test_root_autostart.py 2>&1 | tee out/verification/root-autostart-tests.txt[0m
2026-10-05T21:34:06.8269543Z [36;1mpython3 tools/qa/test_network_recovery_stress.py --before out/verification/v2078-network-service.java --output out/verification/network-recovery-stress.json[0m
2026-10-05T21:34:06.8270257Z [36;1mpython3 tools/qa/test_network_journal_stress.py --before out/verification/v2079-network-journal.java --output out/verification/network-journal-stress.json[0m
2026-10-05T21:34:06.8270827Z [36;1mpython3 tools/qa/test_network_journal_symbols.py --before out/verification/v2080-network-journal.java --output out/verification/network-journal-symbols.json[0m
2026-10-05T21:34:06.8321413Z shell: /usr/bin/bash -e {0}
2026-10-05T21:34:06.8321555Z env:
2026-10-05T21:34:06.8321707Z   HETU_TEST_KEYSTORE: /home/runner/.android/hetu-ui10-debug.jks
2026-10-05T21:34:06.8321897Z   HETU_EXPECTED_TESTS: 542
2026-10-05T21:34:06.8322033Z   HETU_EXPECTED_TEST_XML_FILES: 56
2026-10-05T21:34:06.8322177Z   HETU_EXPECTED_VERSION: 2086
2026-10-05T21:34:06.8322332Z   HETU_EXPECTED_VERSION_NAME: 0.12.16-v20-fix
2026-10-05T21:34:06.8323786Z   GH_TOKEN: ***
2026-10-05T21:34:06.8323903Z ##[endgroup]
2026-10-05T21:34:18.2835456Z {"baseCommit": "37e963d488a38900263e33cb8b2047f487bd6dcf", "baseRun": 37171744564, "archiveSha256": "6190b4fd4fcd011cae77e81cdd33b5270e557194c56bf88d0a824d74d811b730", "integrationPatchSha256": "3f08f86d8413c9a905de1eae0c5347e8f7c5dd4032ee4a8e6181d439abda7002", "baselineFiles": 307, "changedOrAddedFiles": 31, "checkoutMatchesGeneratedSource": true, "historicPatchesAppliedToCheckout": false, "presentationLayer": {"baseCommit": "aa599a53856fb26b4d256ba345a496b2a178b3b8", "baseRun": 37211142058, "patchSha256": "a466e4fce0e2e4ec9564760a1089b250f24d90032b123faea90fcee4c241e514", "changedOrAddedFiles": 68, "protectedRuntimeUnchanged": true}, "controllerAuthenticationLayer": {"baseCommit": "a93a756d8578cf3afa60ee090405535ad097e49e", "baseRun": 37240041766, "baseAndroidAppTree": "2c698fb681f647e4c3a1d0050bf806a9f4cc5de2", "patchSha256": "327983504205ff1ec26a3c6804a83ae08802a7d4f723de280a92af708e3ea4ee", "changedOrAddedFiles": 17, "runtimePayloadsUnchanged": true, "dependenciesUnchanged": true, "manifestAndPermissionsUnchanged": true, "unchangedOutsideAuthScope": true, "baselineUnitTests": 392, "expectedUnitTests": 422, "newTestCounts": {"ToastFeedbackTest": 6, "ControllerAuthenticationTest": 11, "LegacyControllerCredentialTest": 3, "ControllerReadStateTest": 6, "PanelControllerErrorTest": 4}}, "pdfReferenceLayer": {"patchSha256": "09e5f3c1fec4ddcd86e546f6270bf687cbf14aa518764e640c7ff5f77e966d66", "frozenInputs": 332, "homeAndPanelUnchanged": true, "runtimePayloadsUnchanged": true, "manifestDependenciesAndSigningUnchanged": true, "expectedUnitTests": 479}, "toolsIntakeLayer": {"baseCommit": "2730954591393c1b81f747cef72adb8940c5a82c", "baseAndroidAppTree": "930994157562814a8e22aeeb1873d8eeb0a51f64", "patchSha256": "108ae764ec0a8cf9a5cafc827d093bedd0f039f6944f7cd9848304e0a2fb7b3b", "changedOrAddedFiles": 5, "frozenInputs": 374, "homeAndPanelUnchanged": true, "runtimePayloadsUnchanged": true, "manifestDependenciesAndSigningUnchanged": true, "baselineUnitTests": 479, "expectedUnitTests": 487, "newTestCounts": {"tools.ToolsDnsConsentIntakeTest": 5, "tools.ToolsDiagIntakeTest": 3}}, "finalPdfGeometryLayer": {"baseCommit": "ec211b9ad81748dee30fec43f0a25849559e4623", "patchSha256": "564581886f89da03b19602a67047016051e9b39abf04047f4b51e00d6b5d9066", "changedOrAddedFiles": 4, "frozenInputs": 375, "expectedUnitTests": 487, "exactWholeFilePresentationTransforms": true, "priorLayersUnchanged": true}, "functionFixLayer": {"baseCommit": "1dbe40cc4e312c230524092dfe32a2c6cfb5f25d", "patchSha256": "2a394afc8381d8390d34e0c29c150a5850d11299fb28b3bc41ba3c70135f6b62", "changedOrAddedFiles": 16, "frozenInputs": 370, "baselineUnitTests": 487, "expectedUnitTests": 542, "expectedTestXmlFiles": 56, "newTestCounts": {"io.github.xgl34222220.hetu.PanelExpansionAnchorTest": 4, "io.github.xgl34222220.hetu.ProxyDashboardProbeSafetyTest": 10, "io.github.xgl34222220.hetu.ProxySubscriptionIntegrityTest": 12, "io.github.xgl34222220.hetu.RootFakeIpRangesTest": 13, "io.github.xgl34222220.hetu.PanelRequestOwnershipTest": 16}, "allOriginal487TestsPreserved": true, "rootScriptSha256": "bdee8678922f3c4cdb12ebab532175e67816dce429b64fa632c6641c4fb2d45e", "runtimePayloadCount": 23}}
2026-10-05T21:34:18.4916508Z Snapshot verified: 21 unchanged runtime payloads + tested shell + 1 added boot script
2026-10-05T21:34:18.9325509Z test_core_birth_change_during_validation_refuses_publication (__main__.RootHealth.test_core_birth_change_during_validation_refuses_publication) ... ok
2026-10-05T21:34:19.3017028Z test_core_identity_failure_is_degraded_despite_reachable_listener_fixture (__main__.RootHealth.test_core_identity_failure_is_degraded_despite_reachable_listener_fixture) ... ok
2026-10-05T21:34:19.4494939Z test_corrupt_legacy_snapshot_is_never_accepted (__main__.RootHealth.test_corrupt_legacy_snapshot_is_never_accepted) ... ok
2026-10-05T21:34:19.9747935Z test_failed_metadata_publish_restores_original_manifest (__main__.RootHealth.test_failed_metadata_publish_restores_original_manifest) ... ok
2026-10-05T21:34:21.0009358Z test_known_upgrade_repairs_only_metadata_preserving_core_and_saved_rules (__main__.RootHealth.test_known_upgrade_repairs_only_metadata_preserving_core_and_saved_rules) ... ok
2026-10-05T21:34:21.8926602Z test_missing_listener_stays_degraded_and_is_not_hidden (__main__.RootHealth.test_missing_listener_stays_degraded_and_is_not_hidden) ... ok
2026-10-05T21:34:22.2831060Z test_missing_manifest_is_not_reconstructed_from_reachable_sockets (__main__.RootHealth.test_missing_manifest_is_not_reconstructed_from_reachable_sockets) ... ok
2026-10-05T21:34:25.2110146Z test_missing_owned_chain_and_duplicate_hook_are_repaired (__main__.RootHealth.test_missing_owned_chain_and_duplicate_hook_are_repaired) ... ok
2026-10-05T21:34:26.7825461Z test_missing_route_and_policy_rule_are_detected_and_repaired (__main__.RootHealth.test_missing_route_and_policy_rule_are_detected_and_repaired) ... ok
2026-10-05T21:34:27.5547991Z test_other_owner_at_priority_does_not_get_overwritten (__main__.RootHealth.test_other_owner_at_priority_does_not_get_overwritten) ... ok
2026-10-05T21:34:27.7371793Z test_other_session_difference_is_not_a_known_tail_migration (__main__.RootHealth.test_other_session_difference_is_not_a_known_tail_migration) ... ok
2026-10-05T21:34:27.8697815Z test_pid_tampering_still_invalidates_manifest (__main__.RootHealth.test_pid_tampering_still_invalidates_manifest) ... ok
2026-10-05T21:34:28.2481812Z test_previous_ordering_reproduces_reported_metadata_fault (__main__.RootHealth.test_previous_ordering_reproduces_reported_metadata_fault) ... ok
2026-10-05T21:34:28.3704661Z test_production_entry_refuses_an_unauthorized_root_identity (__main__.RootHealth.test_production_entry_refuses_an_unauthorized_root_identity) ... ok
2026-10-05T21:34:28.6104926Z test_real_start_google_disabled_has_complete_healthy_baseline (__main__.RootHealth.test_real_start_google_disabled_has_complete_healthy_baseline) ... ok
2026-10-05T21:34:28.8703416Z test_real_start_google_enabled_keeps_baseline_and_runs_cleanup (__main__.RootHealth.test_real_start_google_enabled_keeps_baseline_and_runs_cleanup) ... ok
2026-10-05T21:34:29.3868469Z test_reused_shell_pid_cannot_overwrite_an_older_repair_backup (__main__.RootHealth.test_reused_shell_pid_cannot_overwrite_an_older_repair_backup) ... ok
2026-10-05T21:34:29.5296288Z test_session_tampering_still_invalidates_manifest (__main__.RootHealth.test_session_tampering_still_invalidates_manifest) ... ok
2026-10-05T21:34:29.7078316Z test_snapshot_tampering_still_invalidates_checksum (__main__.RootHealth.test_snapshot_tampering_still_invalidates_checksum) ... ok
2026-10-05T21:34:29.8273457Z test_transaction_in_progress_is_unknown_and_read_only (__main__.RootHealth.test_transaction_in_progress_is_unknown_and_read_only) ... ok
2026-10-05T21:34:30.1646791Z test_unknown_table_read_does_not_mutate_network (__main__.RootHealth.test_unknown_table_read_does_not_mutate_network) ... ok
2026-10-05T21:34:30.5655445Z test_upgrade_with_missing_dns_listener_cannot_become_healthy (__main__.RootHealth.test_upgrade_with_missing_dns_listener_cannot_become_healthy) ... ok
2026-10-05T21:34:30.9617923Z test_upgrade_with_missing_route_is_reported_and_refuses_rebaselining (__main__.RootHealth.test_upgrade_with_missing_route_is_reported_and_refuses_rebaselining) ... ok
2026-10-05T21:34:31.3177573Z test_upgrade_with_unknown_read_refuses_metadata_and_network_changes (__main__.RootHealth.test_upgrade_with_unknown_read_refuses_metadata_and_network_changes) ... ok
2026-10-05T21:34:32.1959494Z test_watchdog_missing_is_degraded_and_does_not_trigger_network_repair (__main__.RootHealth.test_watchdog_missing_is_degraded_and_does_not_trigger_network_repair) ... ok
2026-10-05T21:34:32.9908414Z test_watchdog_pid_for_an_unrelated_live_process_is_not_accepted (__main__.RootHealth.test_watchdog_pid_for_an_unrelated_live_process_is_not_accepted) ... ok
2026-10-05T21:34:32.9908987Z 
2026-10-05T21:34:32.9909503Z ----------------------------------------------------------------------
2026-10-05T21:34:32.9910006Z Ran 26 tests in 14.449s
2026-10-05T21:34:32.9910097Z 
2026-10-05T21:34:32.9910156Z OK
2026-10-05T21:34:33.5847535Z test_both_families_google_reject_and_drop_removed_by_exact_spec (__main__.GoogleFirewall.test_both_families_google_reject_and_drop_removed_by_exact_spec) ... ok
2026-10-05T21:34:33.5904283Z test_changed_core_pid_never_changes_firewall (__main__.GoogleFirewall.test_changed_core_pid_never_changes_firewall) ... ok
2026-10-05T21:34:33.6510332Z test_current_uid_resolution_includes_work_profile_and_exact_package_names (__main__.GoogleFirewall.test_current_uid_resolution_includes_work_profile_and_exact_package_names) ... ok
2026-10-05T21:34:33.6557093Z test_disabled_session_never_enters_maintenance (__main__.GoogleFirewall.test_disabled_session_never_enters_maintenance) ... ok
2026-10-05T21:34:33.8818576Z test_failed_exact_delete_is_reported_without_flush_fallback (__main__.GoogleFirewall.test_failed_exact_delete_is_reported_without_flush_fallback) ... ok
2026-10-05T21:34:33.8882722Z test_failed_transaction_lock_never_changes_firewall (__main__.GoogleFirewall.test_failed_transaction_lock_never_changes_firewall) ... ok
2026-10-05T21:34:34.1196379Z test_globbing_state_and_wildcard_interface_are_preserved (__main__.GoogleFirewall.test_globbing_state_and_wildcard_interface_are_preserved) ... ok
2026-10-05T21:34:34.3547564Z test_healthy_hetu_rules_still_check_oem_google_rules (__main__.GoogleFirewall.test_healthy_hetu_rules_still_check_oem_google_rules) ... ok
2026-10-05T21:34:34.4156313Z test_no_google_packages_no_firewall_operation (__main__.GoogleFirewall.test_no_google_packages_no_firewall_operation) ... ok
2026-10-05T21:34:34.5126195Z test_older_oem_package_tool_fallback (__main__.GoogleFirewall.test_older_oem_package_tool_fallback) ... ok
2026-10-05T21:34:34.9963651Z test_repeated_cleanup_is_idempotent (__main__.GoogleFirewall.test_repeated_cleanup_is_idempotent) ... ok
2026-10-05T21:34:35.5120718Z test_sixty_second_rate_limit_and_oem_rule_reinsertion (__main__.GoogleFirewall.test_sixty_second_rate_limit_and_oem_rule_reinsertion) ... ok
2026-10-05T21:34:35.5227916Z test_start_protocol_accepts_legacy_and_supported_google_flag (__main__.GoogleFirewall.test_start_protocol_accepts_legacy_and_supported_google_flag) ... ok
2026-10-05T21:34:35.5320628Z test_start_protocol_rejects_invalid_flag_and_other_unsupported_controls (__main__.GoogleFirewall.test_start_protocol_rejects_invalid_flag_and_other_unsupported_controls) ... ok
2026-10-05T21:34:35.7683648Z test_uid_is_resolved_again_after_package_reinstall (__main__.GoogleFirewall.test_uid_is_resolved_again_after_package_reinstall) ... ok
2026-10-05T21:34:36.0026003Z test_unavailable_ipv6_is_nonfatal (__main__.GoogleFirewall.test_unavailable_ipv6_is_nonfatal) ... ok
2026-10-05T21:34:36.2428827Z test_unrelated_uid_accept_inverted_range_and_quoted_rules_preserved (__main__.GoogleFirewall.test_unrelated_uid_accept_inverted_range_and_quoted_rules_preserved) ... ok
2026-10-05T21:34:36.2429384Z 
2026-10-05T21:34:36.2429597Z ----------------------------------------------------------------------
2026-10-05T21:34:36.2430157Z Ran 17 tests in 3.212s
2026-10-05T21:34:36.2430285Z 
2026-10-05T21:34:36.2430363Z OK
2026-10-05T21:34:36.2884868Z test_active_duplicate_worker_cannot_remove_its_lock (__main__.BootWorker.test_active_duplicate_worker_cannot_remove_its_lock) ... ok
2026-10-05T21:34:36.3084138Z test_app_launch_denial_does_not_undo_native_start (__main__.BootWorker.test_app_launch_denial_does_not_undo_native_start) ... ok
2026-10-05T21:34:37.0488694Z test_delayed_system_and_network_still_restore_once (__main__.BootWorker.test_delayed_system_and_network_still_restore_once) ... ok
2026-10-05T21:34:37.0656815Z test_disable_during_wait_cancels (__main__.BootWorker.test_disable_during_wait_cancels) ... ok
2026-10-05T21:34:37.0686752Z test_disabled_never_starts (__main__.BootWorker.test_disabled_never_starts) ... ok
2026-10-05T21:34:37.0800443Z test_existing_core_is_adopted_without_restart (__main__.BootWorker.test_existing_core_is_adopted_without_restart) ... ok
2026-10-05T21:34:37.1240849Z test_failed_start_retries_then_succeeds (__main__.BootWorker.test_failed_start_retries_then_succeeds) ... ok
2026-10-05T21:34:37.1378429Z test_missing_plan_reports_failure (__main__.BootWorker.test_missing_plan_reports_failure) ... ok
2026-10-05T21:34:38.1260534Z test_network_wait_has_a_bound (__main__.BootWorker.test_network_wait_has_a_bound) ... ok
2026-10-05T21:34:38.1468416Z test_previous_boot_stop_does_not_block_new_boot (__main__.BootWorker.test_previous_boot_stop_does_not_block_new_boot) ... ok
2026-10-05T21:34:38.1697090Z test_stale_previous_boot_lock_does_not_block_restore (__main__.BootWorker.test_stale_previous_boot_lock_does_not_block_restore) ... ok
2026-10-05T21:34:38.2004527Z test_stop_during_network_wait_cancels_this_boot (__main__.BootWorker.test_stop_during_network_wait_cancels_this_boot) ... ok
2026-10-05T21:34:38.2082741Z test_native_guard_does_not_restart_a_winning_manual_start (__main__.NativeStartGuard.test_native_guard_does_not_restart_a_winning_manual_start) ... ok
2026-10-05T21:34:38.2158390Z test_native_guard_rechecks_disabled_setting (__main__.NativeStartGuard.test_native_guard_rechecks_disabled_setting) ... ok
2026-10-05T21:34:38.2242889Z test_native_guard_rechecks_explicit_stop_after_lock (__main__.NativeStartGuard.test_native_guard_rechecks_explicit_stop_after_lock) ... ok
2026-10-05T21:34:38.2317705Z test_native_guard_rejects_wrong_boot (__main__.NativeStartGuard.test_native_guard_rejects_wrong_boot) ... ok
2026-10-05T21:34:38.2392847Z test_normal_manual_start_is_not_subject_to_boot_guard (__main__.NativeStartGuard.test_normal_manual_start_is_not_subject_to_boot_guard) ... ok
2026-10-05T21:34:38.2393326Z 
2026-10-05T21:34:38.2393501Z ----------------------------------------------------------------------
2026-10-05T21:34:38.2393717Z Ran 17 tests in 1.958s
2026-10-05T21:34:38.2393798Z 
2026-10-05T21:34:38.2393852Z OK
2026-10-05T21:34:39.5543625Z {"after": {"cycles": 512, "maxQueuedRecoveries": 1, "drainedAttempts": 1, "latestExecuted": 1, "cancelledWantedExecuted": 0, "eventDuringAttemptPreserved": true, "cancelledTimersRetained": 0, "sourceSha256": "30d5420d27203151c7c27b5e192a54d0c5c9de31b3a91ce7ed9bec16851a8e5e", "fixtureOnly": true, "deviceOrNetworkAccess": false}, "before": {"cycles": 512, "maxQueuedRecoveries": 512, "drainedAttempts": 512, "latestExecuted": 1, "cancelledWantedExecuted": 0, "eventDuringAttemptPreserved": true, "cancelledTimersRetained": 4096, "sourceSha256": "b50773343de46622658e65b48a3e00a96863d74033f561fd6bdab304402ae1cd", "fixtureOnly": true, "deviceOrNetworkAccess": false}}
2026-10-05T21:34:42.5633120Z {"after": {"attempts": 3000, "storageLimitBytes": 8192, "storedBytes": 8134, "dropped": 2951, "fullStatusVisible": true, "sensitiveStoredMetadataCopied": false, "oversizedHealthEventBytes": 216, "viewTruncationVisible": true, "sourceSha256": "7286b492510377060d5cd32f2b575e264a4b86f6d51cee8a308dbf8abda45621", "fixtureOnly": true, "deviceOrNetworkAccess": false}, "before": {"attempts": 3000, "storageLimitBytes": 8192, "storedBytes": 498000, "dropped": 0, "fullStatusVisible": false, "sensitiveStoredMetadataCopied": true, "oversizedHealthEventBytes": 200189, "viewTruncationVisible": false, "sourceSha256": "8c8fcf2f77897e079c3ca2cd395fe2b3a0b3cf4fdce16931f3d7bc87e961cf9c", "fixtureOnly": true, "deviceOrNetworkAccess": false}}
2026-10-05T21:34:44.1588846Z {"after": {"captured": ["example.Worker.toDynamicScheme-Iv8Zu3U:41", "example.Worker.<init>:41", "example.Worker.<clinit>:41"], "copied": ["example.Worker.toDynamicScheme-Iv8Zu3U:41", "example.Worker.<init>:41", "example.Worker.<clinit>:41"], "hostileSymbolsRejected": 5, "privateMessageOrFileCopied": false, "sourceSha256": "7286b492510377060d5cd32f2b575e264a4b86f6d51cee8a308dbf8abda45621", "fixtureOnly": true, "deviceOrNetworkAccess": false}, "before": {"captured": ["redacted-frame", "redacted-frame", "redacted-frame"], "copied": ["redacted-frame", "redacted-frame", "redacted-frame"], "hostileSymbolsRejected": 5, "privateMessageOrFileCopied": false, "sourceSha256": "83980b0576665cbcc8d0583758f4d911c3356aed7db8bf37e6ff0d2df2d87b51", "fixtureOnly": true, "deviceOrNetworkAccess": false}}
2026-10-05T21:34:44.1683531Z ##[group]Run set -euo pipefail
2026-10-05T21:34:44.1683729Z [36;1mset -euo pipefail[0m
2026-10-05T21:34:44.1684069Z [36;1mpython3 .github/scripts/run_functionfix_baseline_hosts.py --gate test_ui_source_scope.py 2>&1 | tee out/verification/ui-source-scope-tests.txt[0m
2026-10-05T21:34:44.1735986Z shell: /usr/bin/bash -e {0}
2026-10-05T21:34:44.1736131Z env:
2026-10-05T21:34:44.1736291Z   HETU_TEST_KEYSTORE: /home/runner/.android/hetu-ui10-debug.jks
2026-10-05T21:34:44.1736486Z   HETU_EXPECTED_TESTS: 542
2026-10-05T21:34:44.1736622Z   HETU_EXPECTED_TEST_XML_FILES: 56
2026-10-05T21:34:44.1736765Z   HETU_EXPECTED_VERSION: 2086
2026-10-05T21:34:44.1736916Z   HETU_EXPECTED_VERSION_NAME: 0.12.16-v20-fix
2026-10-05T21:34:44.1737075Z ##[endgroup]
2026-10-05T21:34:45.4198116Z test_current_ui_packages_and_named_bridges_are_allowed (__main__.PresentationScope.test_current_ui_packages_and_named_bridges_are_allowed) ... ok
2026-10-05T21:34:45.4199190Z test_only_expected_version_change_is_allowed_in_build_inputs (__main__.PresentationScope.test_only_expected_version_change_is_allowed_in_build_inputs) ... ok
2026-10-05T21:34:45.4200221Z test_path_traversal_is_rejected_even_with_allowed_ui_prefix (__main__.PresentationScope.test_path_traversal_is_rejected_even_with_allowed_ui_prefix) ... ok
2026-10-05T21:34:45.4201179Z test_runtime_assets_manifest_and_native_payload_cannot_enter_ui_patch (__main__.PresentationScope.test_runtime_assets_manifest_and_native_payload_cannot_enter_ui_patch) ... ok
2026-10-05T21:34:45.4202016Z test_unlisted_root_package_bridge_is_rejected (__main__.PresentationScope.test_unlisted_root_package_bridge_is_rejected) ... ok
2026-10-05T21:34:45.4202376Z 
2026-10-05T21:34:45.4202576Z ----------------------------------------------------------------------
2026-10-05T21:34:45.4202861Z Ran 5 tests in 0.000s
2026-10-05T21:34:45.4202972Z 
2026-10-05T21:34:45.4203042Z OK
2026-10-05T21:34:45.5577083Z {"baselineInputs": 379, "locallyVerifiedBaselineInputs": 379, "missingUnchangedPayloadFiles": [], "exactFunctionPatchReversed": true, "currentCheckoutUnmodified": true}
2026-10-05T21:34:45.5663469Z ##[group]Run python3 .github/scripts/run_functionfix_baseline_hosts.py --gate test_pdf85_source_scope.py
2026-10-05T21:34:45.5664090Z [36;1mpython3 .github/scripts/run_functionfix_baseline_hosts.py --gate test_pdf85_source_scope.py[0m
2026-10-05T21:34:45.5722501Z shell: /usr/bin/bash -e {0}
2026-10-05T21:34:45.5722652Z env:
2026-10-05T21:34:45.5722809Z   HETU_TEST_KEYSTORE: /home/runner/.android/hetu-ui10-debug.jks
2026-10-05T21:34:45.5723006Z   HETU_EXPECTED_TESTS: 542
2026-10-05T21:34:45.5723139Z   HETU_EXPECTED_TEST_XML_FILES: 56
2026-10-05T21:34:45.5723281Z   HETU_EXPECTED_VERSION: 2086
2026-10-05T21:34:45.5723426Z   HETU_EXPECTED_VERSION_NAME: 0.12.16-v20-fix
2026-10-05T21:34:45.5723582Z ##[endgroup]
2026-10-05T21:34:46.8006336Z ......
2026-10-05T21:34:46.8006909Z ----------------------------------------------------------------------
2026-10-05T21:34:46.8007333Z Ran 6 tests in 0.002s
2026-10-05T21:34:46.8007496Z 
2026-10-05T21:34:46.8007721Z OK
2026-10-05T21:34:46.8326702Z {"baselineInputs": 379, "locallyVerifiedBaselineInputs": 379, "missingUnchangedPayloadFiles": [], "exactFunctionPatchReversed": true, "currentCheckoutUnmodified": true}
2026-10-05T21:34:46.8418065Z ##[group]Run set -euo pipefail
2026-10-05T21:34:46.8418349Z [36;1mset -euo pipefail[0m
2026-10-05T21:34:46.8418654Z [36;1mgit fetch --no-tags --depth=1 origin 2730954591393c1b81f747cef72adb8940c5a82c[0m
2026-10-05T21:34:46.8419092Z [36;1mgit fetch --no-tags --depth=1 origin ec211b9ad81748dee30fec43f0a25849559e4623[0m
2026-10-05T21:34:46.8419596Z [36;1mpython3 .github/scripts/run_functionfix_baseline_hosts.py --gate test_tools_intake_source_scope.py[0m
2026-10-05T21:34:46.8420144Z [36;1mpython3 .github/scripts/test_tools_intake_test_results.py[0m
2026-10-05T21:34:46.8474928Z shell: /usr/bin/bash -e {0}
2026-10-05T21:34:46.8475082Z env:
2026-10-05T21:34:46.8475244Z   HETU_TEST_KEYSTORE: /home/runner/.android/hetu-ui10-debug.jks
2026-10-05T21:34:46.8475437Z   HETU_EXPECTED_TESTS: 542
2026-10-05T21:34:46.8475570Z   HETU_EXPECTED_TEST_XML_FILES: 56
2026-10-05T21:34:46.8475708Z   HETU_EXPECTED_VERSION: 2086
2026-10-05T21:34:46.8475874Z   HETU_EXPECTED_VERSION_NAME: 0.12.16-v20-fix
2026-10-05T21:34:46.8476027Z ##[endgroup]
2026-10-05T21:34:47.4701528Z From https://github.com/xgl34222220-ops/hetu
2026-10-05T21:34:48.0963133Z  * branch            2730954591393c1b81f747cef72adb8940c5a82c -> FETCH_HEAD
2026-10-05T21:34:48.0963463Z From https://github.com/xgl34222220-ops/hetu
2026-10-05T21:34:48.0963709Z  * branch            ec211b9ad81748dee30fec43f0a25849559e4623 -> FETCH_HEAD
2026-10-05T21:34:54.0600819Z ..................
2026-10-05T21:34:54.0601234Z ----------------------------------------------------------------------
2026-10-05T21:34:54.0601559Z Ran 18 tests in 4.725s
2026-10-05T21:34:54.0601679Z 
2026-10-05T21:34:54.0601785Z OK
2026-10-05T21:34:54.1020028Z {"baselineInputs": 379, "locallyVerifiedBaselineInputs": 379, "missingUnchangedPayloadFiles": [], "exactFunctionPatchReversed": true, "currentCheckoutUnmodified": true}
2026-10-05T21:34:54.1507808Z test_all_original_and_intake_suites_are_required (__main__.ToolsIntakeEvidence.test_all_original_and_intake_suites_are_required) ... ok
2026-10-05T21:34:54.1557122Z test_duplicate_intake_suite_is_rejected (__main__.ToolsIntakeEvidence.test_duplicate_intake_suite_is_rejected) ... ok
2026-10-05T21:34:54.1688465Z test_failures_errors_and_skips_in_each_new_suite_are_rejected (__main__.ToolsIntakeEvidence.test_failures_errors_and_skips_in_each_new_suite_are_rejected) ... ok
2026-10-05T21:34:54.1725173Z test_missing_suite_cannot_be_replaced_with_more_tests_in_another (__main__.ToolsIntakeEvidence.test_missing_suite_cannot_be_replaced_with_more_tests_in_another) ... ok
2026-10-05T21:34:54.1827416Z test_new_tests_cannot_replace_existing_tests (__main__.ToolsIntakeEvidence.test_new_tests_cannot_replace_existing_tests) ... ok
2026-10-05T21:34:54.1828024Z 
2026-10-05T21:34:54.1828157Z ----------------------------------------------------------------------
2026-10-05T21:34:54.1828353Z Ran 5 tests in 0.043s
2026-10-05T21:34:54.1828434Z 
2026-10-05T21:34:54.1828480Z OK
2026-10-05T21:34:54.1901057Z ##[group]Run set -euo pipefail
2026-10-05T21:34:54.1901231Z [36;1mset -euo pipefail[0m
2026-10-05T21:34:54.1901482Z [36;1mpython3 .github/scripts/run_functionfix_baseline_hosts.py --gate test_pdf85_final_source_scope.py[0m
2026-10-05T21:34:54.1952163Z shell: /usr/bin/bash -e {0}
2026-10-05T21:34:54.1952296Z env:
2026-10-05T21:34:54.1952444Z   HETU_TEST_KEYSTORE: /home/runner/.android/hetu-ui10-debug.jks
2026-10-05T21:34:54.1952629Z   HETU_EXPECTED_TESTS: 542
2026-10-05T21:34:54.1952763Z   HETU_EXPECTED_TEST_XML_FILES: 56
2026-10-05T21:34:54.1952903Z   HETU_EXPECTED_VERSION: 2086
2026-10-05T21:34:54.1953052Z   HETU_EXPECTED_VERSION_NAME: 0.12.16-v20-fix
2026-10-05T21:34:54.1953204Z ##[endgroup]
2026-10-05T21:34:55.4178646Z ........
2026-10-05T21:34:55.4179008Z ----------------------------------------------------------------------
2026-10-05T21:34:55.4179241Z Ran 8 tests in 0.012s
2026-10-05T21:34:55.4179323Z 
2026-10-05T21:34:55.4179374Z OK
2026-10-05T21:34:55.4533003Z {"baselineInputs": 379, "locallyVerifiedBaselineInputs": 379, "missingUnchangedPayloadFiles": [], "exactFunctionPatchReversed": true, "currentCheckoutUnmodified": true}
2026-10-05T21:34:55.4613735Z ##[group]Run set -euo pipefail
2026-10-05T21:34:55.4613927Z [36;1mset -euo pipefail[0m
2026-10-05T21:34:55.4614265Z [36;1mpython3 .github/scripts/run_functionfix_baseline_hosts.py --gate test_auth_source_scope.py 2>&1 | tee out/verification/auth-source-scope-tests.txt[0m
2026-10-05T21:34:55.4614733Z [36;1mpython3 .github/scripts/test_auth_test_results.py 2>&1 | tee out/verification/auth-test-evidence-tests.txt[0m
2026-10-05T21:34:55.4666803Z shell: /usr/bin/bash -e {0}
2026-10-05T21:34:55.4666949Z env:
2026-10-05T21:34:55.4667100Z   HETU_TEST_KEYSTORE: /home/runner/.android/hetu-ui10-debug.jks
2026-10-05T21:34:55.4667300Z   HETU_EXPECTED_TESTS: 542
2026-10-05T21:34:55.4667439Z   HETU_EXPECTED_TEST_XML_FILES: 56
2026-10-05T21:34:55.4667580Z   HETU_EXPECTED_VERSION: 2086
2026-10-05T21:34:55.4667729Z   HETU_EXPECTED_VERSION_NAME: 0.12.16-v20-fix
2026-10-05T21:34:55.4667884Z ##[endgroup]
2026-10-05T21:34:56.7129222Z test_exact_authentication_production_files_are_allowed (__main__.AuthenticationScope.test_exact_authentication_production_files_are_allowed) ... ok
2026-10-05T21:34:56.7130587Z test_existing_ui_boundary_still_rejects_authentication_runtime (__main__.AuthenticationScope.test_existing_ui_boundary_still_rejects_authentication_runtime) ... ok
2026-10-05T21:34:56.7131781Z test_history_fixture_can_only_add_cross_thread_visibility_and_audit (__main__.AuthenticationScope.test_history_fixture_can_only_add_cross_thread_visibility_and_audit) ... ok
2026-10-05T21:34:56.7132994Z test_manifest_requires_fixed_provenance_and_preserves_the_baseline (__main__.AuthenticationScope.test_manifest_requires_fixed_provenance_and_preserves_the_baseline) ... ok
2026-10-05T21:34:56.7134136Z test_old_action_safety_assertion_can_only_gain_failure_details (__main__.AuthenticationScope.test_old_action_safety_assertion_can_only_gain_failure_details) ... ok
2026-10-05T21:34:56.7135134Z test_only_the_named_authentication_tests_are_allowed (__main__.AuthenticationScope.test_only_the_named_authentication_tests_are_allowed) ... ok
2026-10-05T21:34:56.7136069Z test_only_the_new_version_can_change_in_build_inputs (__main__.AuthenticationScope.test_only_the_new_version_can_change_in_build_inputs) ... ok
2026-10-05T21:34:56.7136837Z test_path_traversal_is_rejected (__main__.AuthenticationScope.test_path_traversal_is_rejected) ... ok
2026-10-05T21:34:56.7137787Z test_runtime_assets_manager_manifest_and_dependencies_stay_protected (__main__.AuthenticationScope.test_runtime_assets_manager_manifest_and_dependencies_stay_protected) ... ok
2026-10-05T21:34:56.7138848Z test_unrelated_presentation_sources_are_not_authorized (__main__.AuthenticationScope.test_unrelated_presentation_sources_are_not_authorized) ... ok
2026-10-05T21:34:56.7139586Z 
2026-10-05T21:34:56.7139968Z ----------------------------------------------------------------------
2026-10-05T21:34:56.7140274Z Ran 10 tests in 0.001s
2026-10-05T21:34:56.7140394Z 
2026-10-05T21:34:56.7140474Z OK
2026-10-05T21:34:56.7447972Z {"baselineInputs": 379, "locallyVerifiedBaselineInputs": 379, "missingUnchangedPayloadFiles": [], "exactFunctionPatchReversed": true, "currentCheckoutUnmodified": true}
2026-10-05T21:34:56.7844291Z test_baseline_xml_inventory_cannot_be_reduced (__main__.AuthenticationEvidence.test_baseline_xml_inventory_cannot_be_reduced) ... ok
2026-10-05T21:34:56.7875324Z test_exact_baseline_and_all_authentication_suites_pass (__main__.AuthenticationEvidence.test_exact_baseline_and_all_authentication_suites_pass) ... ok
2026-10-05T21:34:56.7970237Z test_failures_errors_and_skips_are_rejected_in_both_buckets (__main__.AuthenticationEvidence.test_failures_errors_and_skips_are_rejected_in_both_buckets) ... ok
2026-10-05T21:34:56.8001039Z test_incorrect_declared_total_is_rejected (__main__.AuthenticationEvidence.test_incorrect_declared_total_is_rejected) ... ok
2026-10-05T21:34:56.8032899Z test_missing_authentication_suite_is_rejected (__main__.AuthenticationEvidence.test_missing_authentication_suite_is_rejected) ... ok
2026-10-05T21:34:56.8067254Z test_same_total_cannot_substitute_new_tests_for_old_tests (__main__.AuthenticationEvidence.test_same_total_cannot_substitute_new_tests_for_old_tests) ... ok
2026-10-05T21:34:56.8067605Z 
2026-10-05T21:34:56.8067926Z ----------------------------------------------------------------------
2026-10-05T21:34:56.8068127Z Ran 6 tests in 0.026s
2026-10-05T21:34:56.8068206Z 
2026-10-05T21:34:56.8068256Z OK
2026-10-05T21:34:56.8137767Z ##[group]Run set -euo pipefail
2026-10-05T21:34:56.8137948Z [36;1mset -euo pipefail[0m
2026-10-05T21:34:56.8138123Z [36;1mpython3 .github/scripts/test_functionfix_source_scope.py[0m
2026-10-05T21:34:56.8138357Z [36;1mpython3 .github/scripts/test_functionfix_test_results.py[0m
2026-10-05T21:34:56.8138569Z [36;1mpython3 .github/scripts/test_functionfix_workflow.py[0m
2026-10-05T21:34:56.8138879Z [36;1mpython3 tools/qa/test_fake_ip_private_routing.py 2>&1 | tee out/verification/fake-ip-private-routing-tests.txt[0m
2026-10-05T21:34:56.8187726Z shell: /usr/bin/bash -e {0}
2026-10-05T21:34:56.8187856Z env:
2026-10-05T21:34:56.8188006Z   HETU_TEST_KEYSTORE: /home/runner/.android/hetu-ui10-debug.jks
2026-10-05T21:34:56.8188189Z   HETU_EXPECTED_TESTS: 542
2026-10-05T21:34:56.8188318Z   HETU_EXPECTED_TEST_XML_FILES: 56
2026-10-05T21:34:56.8188453Z   HETU_EXPECTED_VERSION: 2086
2026-10-05T21:34:56.8188594Z   HETU_EXPECTED_VERSION_NAME: 0.12.16-v20-fix
2026-10-05T21:34:56.8188767Z ##[endgroup]
2026-10-05T21:34:56.9185126Z ...........
2026-10-05T21:34:56.9185528Z ----------------------------------------------------------------------
2026-10-05T21:34:56.9185867Z Ran 11 tests in 0.064s
2026-10-05T21:34:56.9186042Z 
2026-10-05T21:34:56.9186114Z OK
2026-10-05T21:34:57.0204959Z .....
2026-10-05T21:34:57.0205311Z ----------------------------------------------------------------------
2026-10-05T21:34:57.0205672Z Ran 5 tests in 0.064s
2026-10-05T21:34:57.0205791Z 
2026-10-05T21:34:57.0205866Z OK
2026-10-05T21:34:57.0578210Z ....
2026-10-05T21:34:57.0578566Z ----------------------------------------------------------------------
2026-10-05T21:34:57.0578874Z Ran 4 tests in 0.002s
2026-10-05T21:34:57.0578992Z 
2026-10-05T21:34:57.0579062Z OK
2026-10-05T21:34:57.1142729Z test_canonical_embedded_ipv6_metadata_loads_without_changing_yaml (__main__.FakeIpPrivateRouting.test_canonical_embedded_ipv6_metadata_loads_without_changing_yaml) ... ok
2026-10-05T21:34:57.1228496Z test_custom_ipv4_fake_ip_survives_default_lan_bypass_in_real_tproxy_chain (__main__.FakeIpPrivateRouting.test_custom_ipv4_fake_ip_survives_default_lan_bypass_in_real_tproxy_chain) ... ok
2026-10-05T21:34:57.1515106Z test_explicit_cidr_uid_gid_interface_mac_returns_keep_priority (__main__.FakeIpPrivateRouting.test_explicit_cidr_uid_gid_interface_mac_returns_keep_priority) ... ok
2026-10-05T21:34:57.1664376Z test_ipv6_fake_ip_survives_default_ula_bypass_in_real_tproxy_chain (__main__.FakeIpPrivateRouting.test_ipv6_fake_ip_survives_default_ula_bypass_in_real_tproxy_chain) ... ok
2026-10-05T21:34:57.1748428Z test_legacy_config_without_metadata_retains_original_private_returns (__main__.FakeIpPrivateRouting.test_legacy_config_without_metadata_retains_original_private_returns) ... ok
2026-10-05T21:34:57.1926257Z test_legal_scalar_and_fake_body_metadata_cannot_override_terminal_block (__main__.FakeIpPrivateRouting.test_legal_scalar_and_fake_body_metadata_cannot_override_terminal_block) ... ok
2026-10-05T21:34:57.2289262Z test_literal_cidr_validation_never_resolves_or_executes_metadata (__main__.FakeIpPrivateRouting.test_literal_cidr_validation_never_resolves_or_executes_metadata) ... ok
2026-10-05T21:34:57.2639076Z test_malformed_duplicate_or_nonterminal_tail_fails_before_network_calls (__main__.FakeIpPrivateRouting.test_malformed_duplicate_or_nonterminal_tail_fails_before_network_calls) ... ok
2026-10-05T21:34:57.2689822Z test_old_session_without_projection_remains_compatible (__main__.FakeIpPrivateRouting.test_old_session_without_projection_remains_compatible) ... ok
2026-10-05T21:34:57.2837415Z test_real_start_passes_shared_mac_to_ipv6_dns_return_before_redirect (__main__.FakeIpPrivateRouting.test_real_start_passes_shared_mac_to_ipv6_dns_return_before_redirect) ... ok
2026-10-05T21:34:57.3006101Z test_real_start_rejects_bad_policy_before_cleanup_or_core_launch (__main__.FakeIpPrivateRouting.test_real_start_rejects_bad_policy_before_cleanup_or_core_launch) ... ok
2026-10-05T21:34:57.7366588Z test_saved_policy_roundtrip_uses_immutable_health_checksum (__main__.FakeIpPrivateRouting.test_saved_policy_roundtrip_uses_immutable_health_checksum) ... ok
2026-10-05T21:34:57.7565845Z test_strict_ipv4_keeps_default_ula_policy_and_explicit_bypasses (__main__.FakeIpPrivateRouting.test_strict_ipv4_keeps_default_ula_policy_and_explicit_bypasses) ... ok
2026-10-05T21:34:57.8986736Z test_tampered_session_or_baseline_cannot_supply_watchdog_policy (__main__.FakeIpPrivateRouting.test_tampered_session_or_baseline_cannot_supply_watchdog_policy) ... ok
2026-10-05T21:34:57.9317229Z test_tun_and_ebpf_do_not_install_transparent_mangle_or_redirect (__main__.FakeIpPrivateRouting.test_tun_and_ebpf_do_not_install_transparent_mangle_or_redirect) ... ok
2026-10-05T21:34:57.9888479Z test_udp_quic_and_kill_guards_do_not_return_fake_destinations (__main__.FakeIpPrivateRouting.test_udp_quic_and_kill_guards_do_not_return_fake_destinations) ... ok
2026-10-05T21:34:57.9889025Z 
2026-10-05T21:34:57.9889248Z ----------------------------------------------------------------------
2026-10-05T21:34:57.9889602Z Ran 16 tests in 0.892s
2026-10-05T21:34:57.9889838Z 
2026-10-05T21:34:57.9889916Z OK
2026-10-05T21:34:57.9989862Z ##[group]Run set -euo pipefail
2026-10-05T21:34:57.9990163Z [36;1mset -euo pipefail[0m
2026-10-05T21:34:57.9990574Z [36;1mpython3 .github/scripts/test_native_scroll_bounds.py 2>&1 | tee out/verification/native-scroll-bounds-tests.txt[0m
2026-10-05T21:34:58.0052855Z shell: /usr/bin/bash -e {0}
2026-10-05T21:34:58.0053002Z env:
2026-10-05T21:34:58.0053160Z   HETU_TEST_KEYSTORE: /home/runner/.android/hetu-ui10-debug.jks
2026-10-05T21:34:58.0053358Z   HETU_EXPECTED_TESTS: 542
2026-10-05T21:34:58.0053495Z   HETU_EXPECTED_TEST_XML_FILES: 56
2026-10-05T21:34:58.0053641Z   HETU_EXPECTED_VERSION: 2086
2026-10-05T21:34:58.0053790Z   HETU_EXPECTED_VERSION_NAME: 0.12.16-v20-fix
2026-10-05T21:34:58.0053947Z ##[endgroup]
2026-10-05T21:34:58.0592243Z test_another_application_cannot_receive_the_swipe (__main__.NativeScrollBounds.test_another_application_cannot_receive_the_swipe) ... ok
2026-10-05T21:34:58.0594436Z test_invalid_empty_negative_and_disabled_viewports_are_rejected (__main__.NativeScrollBounds.test_invalid_empty_negative_and_disabled_viewports_are_rejected) ... ok
2026-10-05T21:34:58.0857988Z test_missing_target_on_a_fitted_page_fails_without_a_blind_swipe_or_tap (__main__.NativeScrollBounds.test_missing_target_on_a_fitted_page_fails_without_a_blind_swipe_or_tap) ... ok
2026-10-05T21:34:58.0860745Z test_observed_dock_clearance_keeps_the_physical_swipe_inside_the_viewport (__main__.NativeScrollBounds.test_observed_dock_clearance_keeps_the_physical_swipe_inside_the_viewport) ... ok
2026-10-05T21:34:58.0865593Z test_observed_settings_dock_clips_the_full_and_navigation_inset_viewports (__main__.NativeScrollBounds.test_observed_settings_dock_clips_the_full_and_navigation_inset_viewports) ... ok
2026-10-05T21:34:58.0866420Z test_reverse_swipe_stays_inside_an_offset_viewport (__main__.NativeScrollBounds.test_reverse_swipe_stays_inside_an_offset_viewport) ... ok
2026-10-05T21:34:58.0984842Z test_smoke_scrolls_about_above_the_actual_dock_before_physically_tapping (__main__.NativeScrollBounds.test_smoke_scrolls_about_above_the_actual_dock_before_physically_tapping) ... ok
2026-10-05T21:34:58.0985717Z test_target_edges_follow_the_actual_viewport_and_reverse_at_the_header (__main__.NativeScrollBounds.test_target_edges_follow_the_actual_viewport_and_reverse_at_the_header) ... ok
2026-10-05T21:34:58.0986944Z test_tools_clearance_and_child_pages_without_a_dock_keep_their_bounds (__main__.NativeScrollBounds.test_tools_clearance_and_child_pages_without_a_dock_keep_their_bounds) ... ok
2026-10-05T21:34:58.0987710Z test_two_independent_scrollviews_are_rejected (__main__.NativeScrollBounds.test_two_independent_scrollviews_are_rejected) ... ok
2026-10-05T21:34:58.0994380Z test_two_native_dock_groups_are_rejected (__main__.NativeScrollBounds.test_two_native_dock_groups_are_rejected) ... ok
2026-10-05T21:34:58.1110692Z test_unmoving_target_under_the_dock_exhausts_seven_attempts_without_tapping_home (__main__.NativeScrollBounds.test_unmoving_target_under_the_dock_exhausts_seven_attempts_without_tapping_home) ... ok
2026-10-05T21:34:58.1223104Z test_visible_target_on_a_fitted_page_receives_the_original_physical_tap (__main__.NativeScrollBounds.test_visible_target_on_a_fitted_page_receives_the_original_physical_tap) ... ok
2026-10-05T21:34:58.1223458Z 
2026-10-05T21:34:58.1223739Z ----------------------------------------------------------------------
2026-10-05T21:34:58.1224077Z Ran 13 tests in 0.063s
2026-10-05T21:34:58.1224230Z 
2026-10-05T21:34:58.1224388Z OK
2026-10-05T21:34:58.1360962Z ##[group]Run set -euo pipefail
2026-10-05T21:34:58.1361147Z [36;1mset -euo pipefail[0m
2026-10-05T21:34:58.1361444Z [36;1mpython3 .github/scripts/test_mock_webview_controller.py 2>&1 | tee out/verification/mock-controller-fixture-tests.txt[0m
2026-10-05T21:34:58.1361872Z [36;1mpython3 .github/scripts/test_panel_auth_smoke.py 2>&1 | tee out/verification/panel-auth-smoke-tests.txt[0m
2026-10-05T21:34:58.1414028Z shell: /usr/bin/bash -e {0}
2026-10-05T21:34:58.1414167Z env:
2026-10-05T21:34:58.1414321Z   HETU_TEST_KEYSTORE: /home/runner/.android/hetu-ui10-debug.jks
2026-10-05T21:34:58.1414516Z   HETU_EXPECTED_TESTS: 542
2026-10-05T21:34:58.1414660Z   HETU_EXPECTED_TEST_XML_FILES: 56
2026-10-05T21:34:58.1414805Z   HETU_EXPECTED_VERSION: 2086
2026-10-05T21:34:58.1414959Z   HETU_EXPECTED_VERSION_NAME: 0.12.16-v20-fix
2026-10-05T21:34:58.1415117Z ##[endgroup]
2026-10-05T21:35:00.2108968Z .....
2026-10-05T21:35:00.2109334Z ----------------------------------------------------------------------
2026-10-05T21:35:00.2109577Z Ran 5 tests in 2.012s
2026-10-05T21:35:00.2109815Z 
2026-10-05T21:35:00.2109881Z OK
2026-10-05T21:35:00.5163795Z ..................
2026-10-05T21:35:00.5164208Z ----------------------------------------------------------------------
2026-10-05T21:35:00.5164541Z Ran 18 tests in 0.247s
2026-10-05T21:35:00.5164666Z 
2026-10-05T21:35:00.5164741Z OK
2026-10-05T21:35:00.5314430Z ##[group]Run set -euo pipefail
2026-10-05T21:35:00.5314630Z [36;1mset -euo pipefail[0m
2026-10-05T21:35:00.5314922Z [36;1mpython3 .github/scripts/test_native_webview_bounds.py 2>&1 | tee out/verification/native-webview-bounds-tests.txt[0m
2026-10-05T21:35:00.5367923Z shell: /usr/bin/bash -e {0}
2026-10-05T21:35:00.5368070Z env:
2026-10-05T21:35:00.5368226Z   HETU_TEST_KEYSTORE: /home/runner/.android/hetu-ui10-debug.jks
2026-10-05T21:35:00.5368419Z   HETU_EXPECTED_TESTS: 542
2026-10-05T21:35:00.5368559Z   HETU_EXPECTED_TEST_XML_FILES: 56
2026-10-05T21:35:00.5368706Z   HETU_EXPECTED_VERSION: 2086
2026-10-05T21:35:00.5368857Z   HETU_EXPECTED_VERSION_NAME: 0.12.16-v20-fix
2026-10-05T21:35:00.5369021Z ##[endgroup]
2026-10-05T21:35:00.5728776Z test_empty_surface_cannot_receive_a_tap (__main__.NativeWebViewBounds.test_empty_surface_cannot_receive_a_tap) ... ok
2026-10-05T21:35:00.5729600Z test_negative_bounds_are_not_silently_converted_to_positive (__main__.NativeWebViewBounds.test_negative_bounds_are_not_silently_converted_to_positive) ... ok
2026-10-05T21:35:00.5731025Z test_observed_nested_document_is_not_a_second_native_container (__main__.NativeWebViewBounds.test_observed_nested_document_is_not_a_second_native_container) ... ok
2026-10-05T21:35:00.5731986Z test_other_application_surface_cannot_be_selected (__main__.NativeWebViewBounds.test_other_application_surface_cannot_be_selected) ... ok
2026-10-05T21:35:00.5732679Z test_single_native_container_keeps_original_bounds (__main__.NativeWebViewBounds.test_single_native_container_keeps_original_bounds) ... ok
2026-10-05T21:35:00.5733476Z test_two_independent_containers_are_still_rejected (__main__.NativeWebViewBounds.test_two_independent_containers_are_still_rejected) ... ok
2026-10-05T21:35:00.5733907Z 
2026-10-05T21:35:00.5734115Z ----------------------------------------------------------------------
2026-10-05T21:35:00.5734417Z Ran 6 tests in 0.001s
2026-10-05T21:35:00.5734540Z 
2026-10-05T21:35:00.5734620Z OK
2026-10-05T21:35:00.5806284Z ##[group]Run node --check .github/scripts/check_hetu_webview.cjs
2026-10-05T21:35:00.5806714Z [36;1mnode --check .github/scripts/check_hetu_webview.cjs[0m
2026-10-05T21:35:00.5807037Z [36;1mnode .github/scripts/test_webui_concept.cjs[0m
2026-10-05T21:35:00.5870796Z shell: /usr/bin/bash -e {0}
2026-10-05T21:35:00.5871029Z env:
2026-10-05T21:35:00.5871276Z   HETU_TEST_KEYSTORE: /home/runner/.android/hetu-ui10-debug.jks
2026-10-05T21:35:00.5871597Z   HETU_EXPECTED_TESTS: 542
2026-10-05T21:35:00.5871818Z   HETU_EXPECTED_TEST_XML_FILES: 56
2026-10-05T21:35:00.5872055Z   HETU_EXPECTED_VERSION: 2086
2026-10-05T21:35:00.5872302Z   HETU_EXPECTED_VERSION_NAME: 0.12.16-v20-fix
2026-10-05T21:35:00.5872567Z ##[endgroup]
2026-10-05T21:35:00.6323996Z {
2026-10-05T21:35:00.6324388Z   "results": [
2026-10-05T21:35:00.6324627Z     {
2026-10-05T21:35:00.6325030Z       "name": "Overview generator renders four response-derived metrics and traffic",
2026-10-05T21:35:00.6325499Z       "result": "passed"
2026-10-05T21:35:00.6325708Z     },
2026-10-05T21:35:00.6325933Z     {
2026-10-05T21:35:00.6326283Z       "name": "Group names escape markup and use actual type/count/selection",
2026-10-05T21:35:00.6326702Z       "result": "passed"
2026-10-05T21:35:00.6326962Z     },
2026-10-05T21:35:00.6327186Z     {
2026-10-05T21:35:00.6327567Z       "name": "Dialog renderer escapes names, marks current radio, and cancellation sends no request",
2026-10-05T21:35:00.6327995Z       "result": "passed"
2026-10-05T21:35:00.6328189Z     },
2026-10-05T21:35:00.6328346Z     {
2026-10-05T21:35:00.6328712Z       "name": "Rejected PUT opens error notice and retains old selection; dismiss resets notice",
2026-10-05T21:35:00.6329098Z       "result": "passed"
2026-10-05T21:35:00.6329289Z     },
2026-10-05T21:35:00.6329449Z     {
2026-10-05T21:35:00.6329966Z       "name": "Successful authenticated PUT rereads controller and updates selected node",
2026-10-05T21:35:00.6330398Z       "result": "passed"
2026-10-05T21:35:00.6330609Z     },
2026-10-05T21:35:00.6330780Z     {
2026-10-05T21:35:00.6331087Z       "name": "Unconfirmed 204 cannot invent a successful selection",
2026-10-05T21:35:00.6331427Z       "result": "passed"
2026-10-05T21:35:00.6331638Z     },
2026-10-05T21:35:00.6331830Z     {
2026-10-05T21:35:00.6332106Z       "name": "Pending selection blocks repeated writes",
2026-10-05T21:35:00.6332746Z       "result": "passed"
2026-10-05T21:35:00.6332956Z     },
2026-10-05T21:35:00.6333136Z     {
2026-10-05T21:35:00.6333523Z       "name": "Connection generator preserves host/chain and separate directional counters",
2026-10-05T21:35:00.6333935Z       "result": "passed"
2026-10-05T21:35:00.6334142Z     },
2026-10-05T21:35:00.6334375Z     {
2026-10-05T21:35:00.6334880Z       "name": "Disconnected refresh and tab changes cannot fabricate zero metrics or stale connected state",
2026-10-05T21:35:00.6335378Z       "result": "passed"
2026-10-05T21:35:00.6335587Z     },
2026-10-05T21:35:00.6335739Z     {
2026-10-05T21:35:00.6336000Z       "name": "A successful retry restores real cached data",
2026-10-05T21:35:00.6336293Z       "result": "passed"
2026-10-05T21:35:00.6336501Z     },
2026-10-05T21:35:00.6336655Z     {
2026-10-05T21:35:00.6337014Z       "name": "Missing and invalid traffic remain unknown while actual zero stays zero",
2026-10-05T21:35:00.6337398Z       "result": "passed"
2026-10-05T21:35:00.6337594Z     },
2026-10-05T21:35:00.6337786Z     {
2026-10-05T21:35:00.6338726Z       "name": "Every API call retains bearer secret and only existing loopback relative endpoints are used",
2026-10-05T21:35:00.6339169Z       "result": "passed"
2026-10-05T21:35:00.6339472Z     },
2026-10-05T21:35:00.6339624Z     {
2026-10-05T21:35:00.6340063Z       "name": "Background polling is paused when the document is hidden",
2026-10-05T21:35:00.6340390Z       "result": "passed"
2026-10-05T21:35:00.6340577Z     }
2026-10-05T21:35:00.6340731Z   ],
2026-10-05T21:35:00.6340899Z   "passed": 13,
2026-10-05T21:35:00.6341083Z   "putCount": 3,
2026-10-05T21:35:00.6341533Z   "requestCount": 18,
2026-10-05T21:35:00.6341747Z   "fixtureOnly": true,
2026-10-05T21:35:00.6342104Z   "testKind": "Isolated Node VM with minimal DOM and intercepted API fixture",
2026-10-05T21:35:00.6343017Z   "limitations": "Logic/generator checks only. Chromium launch blocked by environment socket restriction; no rendered browser screenshots and no Android WebView/Mihomo device validation."
2026-10-05T21:35:00.6343685Z }
2026-10-05T21:35:00.6382625Z ##[group]Run set -euo pipefail
2026-10-05T21:35:00.6382811Z [36;1mset -euo pipefail[0m
2026-10-05T21:35:00.6383097Z [36;1mnpm install --prefix "$RUNNER_TEMP/hetu-browser-qa" --ignore-scripts --no-audit --no-fund playwright@1.62.1[0m
2026-10-05T21:35:00.6383490Z [36;1m"$RUNNER_TEMP/hetu-browser-qa/node_modules/.bin/playwright" install --with-deps chromium[0m
2026-10-05T21:35:00.6383852Z [36;1mNODE_PATH="$RUNNER_TEMP/hetu-browser-qa/node_modules" node .github/scripts/test_webui_browser.cjs[0m
2026-10-05T21:35:00.6435072Z shell: /usr/bin/bash -e {0}
2026-10-05T21:35:00.6435215Z env:
2026-10-05T21:35:00.6435368Z   HETU_TEST_KEYSTORE: /home/runner/.android/hetu-ui10-debug.jks
2026-10-05T21:35:00.6435569Z   HETU_EXPECTED_TESTS: 542
2026-10-05T21:35:00.6435713Z   HETU_EXPECTED_TEST_XML_FILES: 56
2026-10-05T21:35:00.6435858Z   HETU_EXPECTED_VERSION: 2086
2026-10-05T21:35:00.6436016Z   HETU_EXPECTED_VERSION_NAME: 0.12.16-v20-fix
2026-10-05T21:35:00.6436174Z ##[endgroup]
2026-10-05T21:35:02.5570758Z 
2026-10-05T21:35:02.5571310Z added 2 packages in 2s
2026-10-05T21:35:02.8772006Z Installing dependencies...
2026-10-05T21:35:02.8825988Z Switching to root user to install dependencies...
2026-10-05T21:35:02.9597733Z Get:1 file:/etc/apt/apt-mirrors.txt Mirrorlist [144 B]
2026-10-05T21:35:02.9951002Z Get:6 https://packages.microsoft.com/ubuntu/24.04/prod noble InRelease [3600 B]
2026-10-05T21:35:03.0011361Z Hit:2 http://azure.archive.ubuntu.com/ubuntu noble InRelease
2026-10-05T21:35:03.0028933Z Get:3 http://azure.archive.ubuntu.com/ubuntu noble-updates InRelease [126 kB]
2026-10-05T21:35:03.0078906Z Get:4 http://azure.archive.ubuntu.com/ubuntu noble-backports InRelease [126 kB]
2026-10-05T21:35:03.0108129Z Get:5 http://azure.archive.ubuntu.com/ubuntu noble-security InRelease [126 kB]
2026-10-05T21:35:03.0470637Z Get:7 https://packages.microsoft.com/ubuntu/24.04/prod noble/main armhf Packages [12.6 kB]
2026-10-05T21:35:03.0575615Z Get:8 https://packages.microsoft.com/ubuntu/24.04/prod noble/main arm64 Packages [458 kB]
2026-10-05T21:35:03.0667489Z Get:9 https://packages.microsoft.com/ubuntu/24.04/prod noble/main amd64 Packages [515 kB]
2026-10-05T21:35:03.1239396Z Get:10 http://azure.archive.ubuntu.com/ubuntu noble-updates/main amd64 Packages [1370 kB]
2026-10-05T21:35:03.1320720Z Get:11 http://azure.archive.ubuntu.com/ubuntu noble-updates/main Translation-en [305 kB]
2026-10-05T21:35:03.1330615Z Get:12 http://azure.archive.ubuntu.com/ubuntu noble-updates/main amd64 Components [181 kB]
2026-10-05T21:35:03.1343675Z Get:13 http://azure.archive.ubuntu.com/ubuntu noble-updates/universe amd64 Packages [1701 kB]
2026-10-05T21:35:03.1407628Z Get:14 http://azure.archive.ubuntu.com/ubuntu noble-updates/universe Translation-en [341 kB]
2026-10-05T21:35:03.1440201Z Get:15 http://azure.archive.ubuntu.com/ubuntu noble-updates/universe amd64 Components [388 kB]
2026-10-05T21:35:03.1460786Z Get:16 http://azure.archive.ubuntu.com/ubuntu noble-updates/restricted amd64 Packages [1728 kB]
2026-10-05T21:35:03.1531658Z Get:17 http://azure.archive.ubuntu.com/ubuntu noble-updates/restricted Translation-en [395 kB]
2026-10-05T21:35:03.1541155Z Get:18 http://azure.archive.ubuntu.com/ubuntu noble-updates/multiverse Translation-en [13.3 kB]
2026-10-05T21:35:03.1556544Z Get:19 http://azure.archive.ubuntu.com/ubuntu noble-updates/multiverse amd64 Components [940 B]
2026-10-05T21:35:03.2094175Z Get:20 http://azure.archive.ubuntu.com/ubuntu noble-backports/main amd64 Components [5764 B]
2026-10-05T21:35:03.2106935Z Get:21 http://azure.archive.ubuntu.com/ubuntu noble-backports/universe amd64 Components [12.6 kB]
2026-10-05T21:35:03.2121906Z Get:22 http://azure.archive.ubuntu.com/ubuntu noble-security/main amd64 Packages [1071 kB]
2026-10-05T21:35:03.2166737Z Get:23 http://azure.archive.ubuntu.com/ubuntu noble-security/main Translation-en [222 kB]
2026-10-05T21:35:03.2183693Z Get:24 http://azure.archive.ubuntu.com/ubuntu noble-security/main amd64 Components [46.4 kB]
2026-10-05T21:35:03.2197233Z Get:25 http://azure.archive.ubuntu.com/ubuntu noble-security/universe amd64 Packages [1216 kB]
2026-10-05T21:35:03.2245113Z Get:26 http://azure.archive.ubuntu.com/ubuntu noble-security/universe Translation-en [244 kB]
2026-10-05T21:35:03.2262992Z Get:27 http://azure.archive.ubuntu.com/ubuntu noble-security/universe amd64 Components [76.3 kB]
2026-10-05T21:35:03.2277205Z Get:28 http://azure.archive.ubuntu.com/ubuntu noble-security/restricted amd64 Packages [1566 kB]
2026-10-05T21:35:03.2336791Z Get:29 http://azure.archive.ubuntu.com/ubuntu noble-security/restricted Translation-en [361 kB]
2026-10-05T21:35:09.0139414Z Fetched 12.6 MB in 1s (12.0 MB/s)
2026-10-05T21:35:09.5053566Z Reading package lists...
2026-10-05T21:35:09.5248376Z Reading package lists...
2026-10-05T21:35:09.6625234Z Building dependency tree...
2026-10-05T21:35:09.6630414Z Reading state information...
2026-10-05T21:35:09.7684976Z libasound2t64 is already the newest version (1.2.11-1ubuntu0.3).
2026-10-05T21:35:09.7685303Z libasound2t64 set to manually installed.
2026-10-05T21:35:09.7685563Z libatk-bridge2.0-0t64 is already the newest version (2.52.0-1build1).
2026-10-05T21:35:09.7685820Z libatk-bridge2.0-0t64 set to manually installed.
2026-10-05T21:35:09.7686061Z libatk1.0-0t64 is already the newest version (2.52.0-1build1).
2026-10-05T21:35:09.7686279Z libatk1.0-0t64 set to manually installed.
2026-10-05T21:35:09.7686509Z libatspi2.0-0t64 is already the newest version (2.52.0-1build1).
2026-10-05T21:35:09.7686729Z libatspi2.0-0t64 set to manually installed.
2026-10-05T21:35:09.7687053Z libcairo2 is already the newest version (1.18.0-3build1).
2026-10-05T21:35:09.7687263Z libcairo2 set to manually installed.
2026-10-05T21:35:09.7687487Z libcups2t64 is already the newest version (2.4.7-1.2ubuntu7.14).
2026-10-05T21:35:09.7687702Z libcups2t64 set to manually installed.
2026-10-05T21:35:09.7687925Z libdbus-1-3 is already the newest version (1.14.10-4ubuntu4.1).
2026-10-05T21:35:09.7688589Z libdbus-1-3 set to manually installed.
2026-10-05T21:35:09.7688818Z libdrm2 is already the newest version (2.4.125-1ubuntu0.1~24.04.2).
2026-10-05T21:35:09.7689039Z libdrm2 set to manually installed.
2026-10-05T21:35:09.7689284Z libglib2.0-0t64 is already the newest version (2.80.0-6ubuntu3.9).
2026-10-05T21:35:09.7689508Z libglib2.0-0t64 set to manually installed.
2026-10-05T21:35:09.7689966Z libnspr4 is already the newest version (2:4.35-1.1build1).
2026-10-05T21:35:09.7690200Z libnspr4 set to manually installed.
2026-10-05T21:35:09.7690511Z libnss3 is already the newest version (2:3.98-1ubuntu0.2).
2026-10-05T21:35:09.7690819Z libnss3 set to manually installed.
2026-10-05T21:35:09.7691154Z libpango-1.0-0 is already the newest version (1.52.1+ds-1build1).
2026-10-05T21:35:09.7691487Z libpango-1.0-0 set to manually installed.
2026-10-05T21:35:09.7691703Z libx11-6 is already the newest version (2:1.8.7-1build1).
2026-10-05T21:35:09.7691901Z libx11-6 set to manually installed.
2026-10-05T21:35:09.7692101Z libxcb1 is already the newest version (1.15-1ubuntu2).
2026-10-05T21:35:09.7692297Z libxcb1 set to manually installed.
2026-10-05T21:35:09.7692516Z libxcomposite1 is already the newest version (1:0.4.5-1build3).
2026-10-05T21:35:09.7692740Z libxcomposite1 set to manually installed.
2026-10-05T21:35:09.7692963Z libxdamage1 is already the newest version (1:1.1.6-1build1).
2026-10-05T21:35:09.7693174Z libxdamage1 set to manually installed.
2026-10-05T21:35:09.7693381Z libxext6 is already the newest version (2:1.3.4-1build2).
2026-10-05T21:35:09.7693575Z libxext6 set to manually installed.
2026-10-05T21:35:09.7693782Z libxfixes3 is already the newest version (1:6.0.0-2build1).
2026-10-05T21:35:09.7693988Z libxfixes3 set to manually installed.
2026-10-05T21:35:09.7694202Z libxkbcommon0 is already the newest version (1.6.0-1build1).
2026-10-05T21:35:09.7694416Z libxkbcommon0 set to manually installed.
2026-10-05T21:35:09.7694629Z libxrandr2 is already the newest version (2:1.5.2-2build1).
2026-10-05T21:35:09.7694836Z libxrandr2 set to manually installed.
2026-10-05T21:35:09.7695187Z xvfb is already the newest version (2:21.1.12-1ubuntu1.8).
2026-10-05T21:35:09.7695475Z fonts-noto-color-emoji is already the newest version (2.047-0ubuntu0.24.04.1).
2026-10-05T21:35:09.7695776Z libfontconfig1 is already the newest version (2.15.0-1.1ubuntu2).
2026-10-05T21:35:09.7695999Z libfontconfig1 set to manually installed.
2026-10-05T21:35:09.7696233Z libfreetype6 is already the newest version (2.13.2+dfsg-1ubuntu0.1).
2026-10-05T21:35:09.7696457Z libfreetype6 set to manually installed.
2026-10-05T21:35:09.7696680Z fonts-liberation is already the newest version (1:2.1.5-3).
2026-10-05T21:35:09.7696899Z fonts-liberation set to manually installed.
2026-10-05T21:35:09.7697119Z The following additional packages will be installed:
2026-10-05T21:35:09.7697386Z   libgl1-mesa-dri libglx-mesa0 mesa-libgallium xfonts-encodings xfonts-utils
2026-10-05T21:35:09.7697617Z Recommended packages:
2026-10-05T21:35:09.7697775Z   fonts-ipafont-mincho fonts-tlwg-loma
2026-10-05T21:35:09.7832396Z The following NEW packages will be installed:
2026-10-05T21:35:09.7832728Z   fonts-freefont-ttf fonts-ipafont-gothic fonts-tlwg-loma-otf fonts-unifont
2026-10-05T21:35:09.7834837Z   fonts-wqy-zenhei xfonts-cyrillic xfonts-encodings xfonts-scalable
2026-10-05T21:35:09.7835095Z   xfonts-utils
2026-10-05T21:35:09.7836980Z The following packages will be upgraded:
2026-10-05T21:35:09.7839779Z   libgbm1 libgl1-mesa-dri libglx-mesa0 mesa-libgallium
2026-10-05T21:35:09.7970360Z 4 upgraded, 9 newly installed, 0 to remove and 21 not upgraded.
2026-10-05T21:35:09.7970740Z Need to get 32.1 MB of archives.
2026-10-05T21:35:09.7971113Z After this operation, 79.5 MB of additional disk space will be used.
2026-10-05T21:35:09.7971539Z Get:1 file:/etc/apt/apt-mirrors.txt Mirrorlist [144 B]
2026-10-05T21:35:10.1275232Z Get:2 http://azure.archive.ubuntu.com/ubuntu noble/universe amd64 fonts-ipafont-gothic all 00303-21ubuntu1 [3513 kB]
2026-10-05T21:35:11.5361075Z Get:3 http://azure.archive.ubuntu.com/ubuntu noble/main amd64 fonts-freefont-ttf all 20211204+svn4273-2 [5641 kB]
2026-10-05T21:35:11.9135897Z Get:4 http://azure.archive.ubuntu.com/ubuntu noble/universe amd64 fonts-tlwg-loma-otf all 1:0.7.3-1 [107 kB]
2026-10-05T21:35:12.0649109Z Get:5 http://azure.archive.ubuntu.com/ubuntu noble/universe amd64 fonts-unifont all 1:15.1.01-1build1 [2993 kB]
2026-10-05T21:35:12.2641370Z Get:6 http://azure.archive.ubuntu.com/ubuntu noble/universe amd64 fonts-wqy-zenhei all 0.9.45-8 [7472 kB]
2026-10-05T21:35:12.7338473Z Get:7 http://azure.archive.ubuntu.com/ubuntu noble-updates/main amd64 libgl1-mesa-dri amd64 25.2.8-0ubuntu0.24.04.4 [38.0 kB]
2026-10-05T21:35:12.8843496Z Get:8 http://azure.archive.ubuntu.com/ubuntu noble-updates/main amd64 libglx-mesa0 amd64 25.2.8-0ubuntu0.24.04.4 [110 kB]
2026-10-05T21:35:13.0356784Z Get:9 http://azure.archive.ubuntu.com/ubuntu noble-updates/main amd64 libgbm1 amd64 25.2.8-0ubuntu0.24.04.4 [34.2 kB]
2026-10-05T21:35:13.1861582Z Get:10 http://azure.archive.ubuntu.com/ubuntu noble-updates/main amd64 mesa-libgallium amd64 25.2.8-0ubuntu0.24.04.4 [10.8 MB]
2026-10-05T21:35:13.8553683Z Get:11 http://azure.archive.ubuntu.com/ubuntu noble/main amd64 xfonts-encodings all 1:1.0.5-0ubuntu2 [578 kB]
2026-10-05T21:35:14.0333909Z Get:12 http://azure.archive.ubuntu.com/ubuntu noble/main amd64 xfonts-utils amd64 1:7.7+6build3 [94.4 kB]
2026-10-05T21:35:14.1877757Z Get:13 http://azure.archive.ubuntu.com/ubuntu noble/universe amd64 xfonts-cyrillic all 1:1.0.5+nmu1 [384 kB]
2026-10-05T21:35:14.3588614Z Get:14 http://azure.archive.ubuntu.com/ubuntu noble/main amd64 xfonts-scalable all 1:1.0.3-1.3 [304 kB]
2026-10-05T21:35:14.5466550Z Fetched 32.1 MB in 5s (6996 kB/s)
2026-10-05T21:35:14.5635699Z Selecting previously unselected package fonts-ipafont-gothic.
2026-10-05T21:35:14.5880317Z (Reading database ... 
2026-10-05T21:35:14.5880629Z (Reading database ... 5%
2026-10-05T21:35:14.5880870Z (Reading database ... 10%
2026-10-05T21:35:14.5881020Z (Reading database ... 15%
2026-10-05T21:35:14.5881191Z (Reading database ... 20%
2026-10-05T21:35:14.5881322Z (Reading database ... 25%
2026-10-05T21:35:14.5881642Z (Reading database ... 30%
2026-10-05T21:35:14.5881774Z (Reading database ... 35%
2026-10-05T21:35:14.5881907Z (Reading database ... 40%
2026-10-05T21:35:14.5882037Z (Reading database ... 45%
2026-10-05T21:35:14.5882167Z (Reading database ... 50%
2026-10-05T21:35:14.5922649Z (Reading database ... 55%
2026-10-05T21:35:14.6616045Z (Reading database ... 60%
2026-10-05T21:35:14.8619013Z (Reading database ... 65%
2026-10-05T21:35:15.0490916Z (Reading database ... 70%
2026-10-05T21:35:15.2107090Z (Reading database ... 75%
2026-10-05T21:35:15.3659903Z (Reading database ... 80%
2026-10-05T21:35:15.5498131Z (Reading database ... 85%
2026-10-05T21:35:15.7123898Z (Reading database ... 90%
2026-10-05T21:35:15.7794680Z (Reading database ... 95%
2026-10-05T21:35:15.7794941Z (Reading database ... 100%
2026-10-05T21:35:15.7795321Z (Reading database ... 202296 files and directories currently installed.)
2026-10-05T21:35:15.7829542Z Preparing to unpack .../00-fonts-ipafont-gothic_00303-21ubuntu1_all.deb ...
2026-10-05T21:35:15.7900845Z Unpacking fonts-ipafont-gothic (00303-21ubuntu1) ...
2026-10-05T21:35:16.0051355Z Selecting previously unselected package fonts-freefont-ttf.
2026-10-05T21:35:16.0145618Z Preparing to unpack .../01-fonts-freefont-ttf_20211204+svn4273-2_all.deb ...
2026-10-05T21:35:16.0150806Z Unpacking fonts-freefont-ttf (20211204+svn4273-2) ...
2026-10-05T21:35:16.0978692Z Selecting previously unselected package fonts-tlwg-loma-otf.
2026-10-05T21:35:16.1075396Z Preparing to unpack .../02-fonts-tlwg-loma-otf_1%3a0.7.3-1_all.deb ...
2026-10-05T21:35:16.1080654Z Unpacking fonts-tlwg-loma-otf (1:0.7.3-1) ...
2026-10-05T21:35:16.1242697Z Selecting previously unselected package fonts-unifont.
2026-10-05T21:35:16.1336872Z Preparing to unpack .../03-fonts-unifont_1%3a15.1.01-1build1_all.deb ...
2026-10-05T21:35:16.1343148Z Unpacking fonts-unifont (1:15.1.01-1build1) ...
2026-10-05T21:35:16.3136283Z Selecting previously unselected package fonts-wqy-zenhei.
2026-10-05T21:35:16.3231527Z Preparing to unpack .../04-fonts-wqy-zenhei_0.9.45-8_all.deb ...
2026-10-05T21:35:16.3310145Z Unpacking fonts-wqy-zenhei (0.9.45-8) ...
2026-10-05T21:35:16.7513579Z Preparing to unpack .../05-libgl1-mesa-dri_25.2.8-0ubuntu0.24.04.4_amd64.deb ...
2026-10-05T21:35:16.7624276Z Unpacking libgl1-mesa-dri:amd64 (25.2.8-0ubuntu0.24.04.4) over (25.2.8-0ubuntu0.24.04.2) ...
2026-10-05T21:35:16.8012816Z Preparing to unpack .../06-libglx-mesa0_25.2.8-0ubuntu0.24.04.4_amd64.deb ...
2026-10-05T21:35:16.8040608Z Unpacking libglx-mesa0:amd64 (25.2.8-0ubuntu0.24.04.4) over (25.2.8-0ubuntu0.24.04.2) ...
2026-10-05T21:35:16.8325458Z Preparing to unpack .../07-libgbm1_25.2.8-0ubuntu0.24.04.4_amd64.deb ...
2026-10-05T21:35:16.8344299Z Unpacking libgbm1:amd64 (25.2.8-0ubuntu0.24.04.4) over (25.2.8-0ubuntu0.24.04.2) ...
2026-10-05T21:35:16.8630257Z Preparing to unpack .../08-mesa-libgallium_25.2.8-0ubuntu0.24.04.4_amd64.deb ...
2026-10-05T21:35:16.8647371Z Unpacking mesa-libgallium:amd64 (25.2.8-0ubuntu0.24.04.4) over (25.2.8-0ubuntu0.24.04.2) ...
2026-10-05T21:35:17.1755554Z Selecting previously unselected package xfonts-encodings.
2026-10-05T21:35:17.1851482Z Preparing to unpack .../09-xfonts-encodings_1%3a1.0.5-0ubuntu2_all.deb ...
2026-10-05T21:35:17.1856894Z Unpacking xfonts-encodings (1:1.0.5-0ubuntu2) ...
2026-10-05T21:35:17.2060586Z Selecting previously unselected package xfonts-utils.
2026-10-05T21:35:17.2152858Z Preparing to unpack .../10-xfonts-utils_1%3a7.7+6build3_amd64.deb ...
2026-10-05T21:35:17.2160978Z Unpacking xfonts-utils (1:7.7+6build3) ...
2026-10-05T21:35:17.2435939Z Selecting previously unselected package xfonts-cyrillic.
2026-10-05T21:35:17.2529170Z Preparing to unpack .../11-xfonts-cyrillic_1%3a1.0.5+nmu1_all.deb ...
2026-10-05T21:35:17.2534450Z Unpacking xfonts-cyrillic (1:1.0.5+nmu1) ...
2026-10-05T21:35:17.2776658Z Selecting previously unselected package xfonts-scalable.
2026-10-05T21:35:17.2868253Z Preparing to unpack .../12-xfonts-scalable_1%3a1.0.3-1.3_all.deb ...
2026-10-05T21:35:17.2873925Z Unpacking xfonts-scalable (1:1.0.3-1.3) ...
2026-10-05T21:35:17.3293968Z Setting up mesa-libgallium:amd64 (25.2.8-0ubuntu0.24.04.4) ...
2026-10-05T21:35:17.3312229Z Setting up libgbm1:amd64 (25.2.8-0ubuntu0.24.04.4) ...
2026-10-05T21:35:17.3327534Z Setting up libgl1-mesa-dri:amd64 (25.2.8-0ubuntu0.24.04.4) ...
2026-10-05T21:35:17.3385617Z Setting up fonts-wqy-zenhei (0.9.45-8) ...
2026-10-05T21:35:17.3474955Z Setting up fonts-freefont-ttf (20211204+svn4273-2) ...
2026-10-05T21:35:17.3490042Z Setting up fonts-tlwg-loma-otf (1:0.7.3-1) ...
2026-10-05T21:35:17.3504800Z Setting up xfonts-encodings (1:1.0.5-0ubuntu2) ...
2026-10-05T21:35:17.3520463Z Setting up fonts-ipafont-gothic (00303-21ubuntu1) ...
2026-10-05T21:35:17.3568757Z update-alternatives: using /usr/share/fonts/opentype/ipafont-gothic/ipag.ttf to provide /usr/share/fonts/truetype/fonts-japanese-gothic.ttf (fonts-japanese-gothic.ttf) in auto mode
2026-10-05T21:35:17.3581865Z Setting up fonts-unifont (1:15.1.01-1build1) ...
2026-10-05T21:35:17.3596902Z Setting up libglx-mesa0:amd64 (25.2.8-0ubuntu0.24.04.4) ...
2026-10-05T21:35:17.3610839Z Setting up xfonts-utils (1:7.7+6build3) ...
2026-10-05T21:35:17.3641358Z Setting up xfonts-cyrillic (1:1.0.5+nmu1) ...
2026-10-05T21:35:17.3864915Z Setting up xfonts-scalable (1:1.0.3-1.3) ...
2026-10-05T21:35:17.4068508Z Processing triggers for libc-bin (2.39-0ubuntu8.9) ...
2026-10-05T21:35:17.5959087Z Processing triggers for man-db (2.12.0-4build2) ...
2026-10-05T21:35:17.5975949Z Not building database; man-db/auto-update is not 'true'.
2026-10-05T21:35:17.5984664Z Processing triggers for fontconfig (2.15.0-1.1ubuntu2) ...
2026-10-05T21:35:18.0983018Z 
2026-10-05T21:35:18.0983597Z Running kernel seems to be up-to-date.
2026-10-05T21:35:18.0983823Z 
2026-10-05T21:35:18.0983953Z No services need to be restarted.
2026-10-05T21:35:18.0984107Z 
2026-10-05T21:35:18.0984234Z No containers need to be restarted.
2026-10-05T21:35:18.0984707Z 
2026-10-05T21:35:18.0984860Z No user sessions are running outdated binaries.
2026-10-05T21:35:18.0985031Z 
2026-10-05T21:35:18.0985271Z No VM guests are running outdated hypervisor (qemu) binaries on this host.
2026-10-05T21:35:18.7095444Z Downloading Chrome for Testing 151.0.7922.34 (playwright chromium v1234) from https://cdn.playwright.dev/builds/cft/151.0.7922.34/linux64/chrome-linux64.zip
2026-10-05T21:35:19.6142398Z |                                                                                |   0% of 184.3 MiB
2026-10-05T21:35:19.7656221Z |■■■■■■■■                                                                        |  10% of 184.3 MiB
2026-10-05T21:35:19.8501864Z |■■■■■■■■■■■■■■■■                                                                |  20% of 184.3 MiB
2026-10-05T21:35:19.9402733Z |■■■■■■■■■■■■■■■■■■■■■■■■                                                        |  30% of 184.3 MiB
2026-10-05T21:35:20.0282908Z |■■■■■■■■■■■■■■■■■■■■■■■■■■■■■■■■                                                |  40% of 184.3 MiB
2026-10-05T21:35:20.1275337Z |■■■■■■■■■■■■■■■■■■■■■■■■■■■■■■■■■■■■■■■■                                        |  50% of 184.3 MiB
2026-10-05T21:35:20.2156735Z |■■■■■■■■■■■■■■■■■■■■■■■■■■■■■■■■■■■■■■■■■■■■■■■■                                |  60% of 184.3 MiB
2026-10-05T21:35:20.3031026Z |■■■■■■■■■■■■■■■■■■■■■■■■■■■■■■■■■■■■■■■■■■■■■■■■■■■■■■■■                        |  70% of 184.3 MiB
2026-10-05T21:35:20.4016825Z |■■■■■■■■■■■■■■■■■■■■■■■■■■■■■■■■■■■■■■■■■■■■■■■■■■■■■■■■■■■■■■■■                |  80% of 184.3 MiB
2026-10-05T21:35:20.4879481Z |■■■■■■■■■■■■■■■■■■■■■■■■■■■■■■■■■■■■■■■■■■■■■■■■■■■■■■■■■■■■■■■■■■■■■■■■        |  90% of 184.3 MiB
2026-10-05T21:35:20.5821334Z |■■■■■■■■■■■■■■■■■■■■■■■■■■■■■■■■■■■■■■■■■■■■■■■■■■■■■■■■■■■■■■■■■■■■■■■■■■■■■■■■| 100% of 184.3 MiB
2026-10-05T21:35:22.6687642Z Chrome for Testing 151.0.7922.34 (playwright chromium v1234) downloaded to /home/runner/.cache/ms-playwright/chromium-1234
2026-10-05T21:35:22.6690346Z Downloading FFmpeg (playwright ffmpeg v1011) from https://cdn.playwright.dev/dbazure/download/playwright/builds/ffmpeg/1011/ffmpeg-linux.zip
2026-10-05T21:35:23.5644009Z |                                                                                |   0% of 2.3 MiB
2026-10-05T21:35:23.5751657Z |■■■■■■■■                                                                        |  10% of 2.3 MiB
2026-10-05T21:35:23.5828496Z |■■■■■■■■■■■■■■■■                                                                |  20% of 2.3 MiB
2026-10-05T21:35:23.5876101Z |■■■■■■■■■■■■■■■■■■■■■■■■                                                        |  30% of 2.3 MiB
2026-10-05T21:35:23.5907617Z |■■■■■■■■■■■■■■■■■■■■■■■■■■■■■■■■                                                |  40% of 2.3 MiB
2026-10-05T21:35:23.5935345Z |■■■■■■■■■■■■■■■■■■■■■■■■■■■■■■■■■■■■■■■■                                        |  50% of 2.3 MiB
2026-10-05T21:35:23.5946889Z |■■■■■■■■■■■■■■■■■■■■■■■■■■■■■■■■■■■■■■■■■■■■■■■■                                |  60% of 2.3 MiB
2026-10-05T21:35:23.5979057Z |■■■■■■■■■■■■■■■■■■■■■■■■■■■■■■■■■■■■■■■■■■■■■■■■■■■■■■■■                        |  70% of 2.3 MiB
2026-10-05T21:35:23.5989057Z |■■■■■■■■■■■■■■■■■■■■■■■■■■■■■■■■■■■■■■■■■■■■■■■■■■■■■■■■■■■■■■■■                |  80% of 2.3 MiB
2026-10-05T21:35:23.6165607Z |■■■■■■■■■■■■■■■■■■■■■■■■■■■■■■■■■■■■■■■■■■■■■■■■■■■■■■■■■■■■■■■■■■■■■■■■        |  90% of 2.3 MiB
2026-10-05T21:35:23.6575443Z |■■■■■■■■■■■■■■■■■■■■■■■■■■■■■■■■■■■■■■■■■■■■■■■■■■■■■■■■■■■■■■■■■■■■■■■■■■■■■■■■| 100% of 2.3 MiB
2026-10-05T21:35:23.6955165Z FFmpeg (playwright ffmpeg v1011) downloaded to /home/runner/.cache/ms-playwright/ffmpeg-1011
2026-10-05T21:35:23.6957111Z Downloading Chrome Headless Shell 151.0.7922.34 (playwright chromium-headless-shell v1234) from https://cdn.playwright.dev/builds/cft/151.0.7922.34/linux64/chrome-headless-shell-linux64.zip
2026-10-05T21:35:24.5777244Z |                                                                                |   0% of 114.7 MiB
2026-10-05T21:35:24.6877959Z |■■■■■■■■                                                                        |  10% of 114.7 MiB
2026-10-05T21:35:24.7702926Z |■■■■■■■■■■■■■■■■                                                                |  20% of 114.7 MiB
2026-10-05T21:35:24.8272858Z |■■■■■■■■■■■■■■■■■■■■■■■■                                                        |  30% of 114.7 MiB
2026-10-05T21:35:25.0135941Z |■■■■■■■■■■■■■■■■■■■■■■■■■■■■■■■■                                                |  40% of 114.7 MiB
2026-10-05T21:35:25.1103191Z |■■■■■■■■■■■■■■■■■■■■■■■■■■■■■■■■■■■■■■■■                                        |  50% of 114.7 MiB
2026-10-05T21:35:25.1868115Z |■■■■■■■■■■■■■■■■■■■■■■■■■■■■■■■■■■■■■■■■■■■■■■■■                                |  60% of 114.7 MiB
2026-10-05T21:35:25.2797768Z |■■■■■■■■■■■■■■■■■■■■■■■■■■■■■■■■■■■■■■■■■■■■■■■■■■■■■■■■                        |  70% of 114.7 MiB
2026-10-05T21:35:25.3675553Z |■■■■■■■■■■■■■■■■■■■■■■■■■■■■■■■■■■■■■■■■■■■■■■■■■■■■■■■■■■■■■■■■                |  80% of 114.7 MiB
2026-10-05T21:35:25.4432093Z |■■■■■■■■■■■■■■■■■■■■■■■■■■■■■■■■■■■■■■■■■■■■■■■■■■■■■■■■■■■■■■■■■■■■■■■■        |  90% of 114.7 MiB
2026-10-05T21:35:25.5381625Z |■■■■■■■■■■■■■■■■■■■■■■■■■■■■■■■■■■■■■■■■■■■■■■■■■■■■■■■■■■■■■■■■■■■■■■■■■■■■■■■■| 100% of 114.7 MiB
2026-10-05T21:35:27.0424455Z Chrome Headless Shell 151.0.7922.34 (playwright chromium-headless-shell v1234) downloaded to /home/runner/.cache/ms-playwright/chromium_headless_shell-1234
2026-10-05T21:35:28.4931617Z {
2026-10-05T21:35:28.4931807Z   "results": [
2026-10-05T21:35:28.4931943Z     {
2026-10-05T21:35:28.4932204Z       "name": "Overview displays four actual-response metrics and formatted counters",
2026-10-05T21:35:28.4932450Z       "result": "passed"
2026-10-05T21:35:28.4932580Z     },
2026-10-05T21:35:28.4932683Z     {
2026-10-05T21:35:28.4932889Z       "name": "Groups and labels are escaped and retain actual count/type/current node",
2026-10-05T21:35:28.4933109Z       "result": "passed"
2026-10-05T21:35:28.4933232Z     },
2026-10-05T21:35:28.4933333Z     {
2026-10-05T21:35:28.4933834Z       "name": "Cancel dismisses node dialog without mutation",
2026-10-05T21:35:28.4934017Z       "result": "passed"
2026-10-05T21:35:28.4934155Z     },
2026-10-05T21:35:28.4934252Z     {
2026-10-05T21:35:28.4934459Z       "name": "Rejected PUT shows the 503 notice and retains previous selection",
2026-10-05T21:35:28.4934741Z       "result": "passed"
2026-10-05T21:35:28.4934857Z     },
2026-10-05T21:35:28.4934953Z     {
2026-10-05T21:35:28.4935191Z       "name": "Successful authenticated PUT is followed by controller reread before current-node update",
2026-10-05T21:35:28.4935440Z       "result": "passed"
2026-10-05T21:35:28.4935556Z     },
2026-10-05T21:35:28.4935655Z     {
2026-10-05T21:35:28.4935836Z       "name": "Unconfirmed 204 response cannot falsely change the selected node",
2026-10-05T21:35:28.4936041Z       "result": "passed"
2026-10-05T21:35:28.4936157Z     },
2026-10-05T21:35:28.4936297Z     {
2026-10-05T21:35:28.4936573Z       "name": "Connections show host, chain, separate upload and download from response",
2026-10-05T21:35:28.4936800Z       "result": "passed"
2026-10-05T21:35:28.4936917Z     },
2026-10-05T21:35:28.4937019Z     {
2026-10-05T21:35:28.4937266Z       "name": "Failed controller refresh and tab switch cannot display fake zero metrics or stale connected status",
2026-10-05T21:35:28.4937539Z       "result": "passed"
2026-10-05T21:35:28.4937653Z     },
2026-10-05T21:35:28.4937746Z     {
2026-10-05T21:35:28.4937914Z       "name": "Retry restores connected metrics from successful response",
2026-10-05T21:35:28.4938102Z       "result": "passed"
2026-10-05T21:35:28.4938215Z     },
2026-10-05T21:35:28.4938310Z     {
2026-10-05T21:35:28.4938516Z       "name": "No JavaScript errors and bearer authentication retained on every API request",
2026-10-05T21:35:28.4938734Z       "result": "passed"
2026-10-05T21:35:28.4938849Z     },
2026-10-05T21:35:28.4938942Z     {
2026-10-05T21:35:28.4939168Z       "name": "Built-in dashboard script has no external request endpoint",
2026-10-05T21:35:28.4939508Z       "result": "passed"
2026-10-05T21:35:28.4939817Z     },
2026-10-05T21:35:28.4939960Z     {
2026-10-05T21:35:28.4940547Z       "name": "Five reference-shaped browser content states rendered from explicit isolated fixtures",
2026-10-05T21:35:28.4940931Z       "result": "passed"
2026-10-05T21:35:28.4941110Z     }
2026-10-05T21:35:28.4941263Z   ],
2026-10-05T21:35:28.4941427Z   "passed": 12,
2026-10-05T21:35:28.4941605Z   "putCount": 4,
2026-10-05T21:35:28.4941786Z   "requestCount": 23,
2026-10-05T21:35:28.4941971Z   "browser": "Chromium",
2026-10-05T21:35:28.4942261Z   "viewport": "393 x 789 CSS pixels; HTML content only, no OS bars",
2026-10-05T21:35:28.4942556Z   "fixtureOnly": true,
2026-10-05T21:35:28.4942744Z   "referenceImages": [
2026-10-05T21:35:28.4942958Z     "reference-03B-040-overview.png",
2026-10-05T21:35:28.4943209Z     "reference-03B-041-groups.png",
2026-10-05T21:35:28.4943450Z     "reference-03B-042-connections.png",
2026-10-05T21:35:28.4943664Z     "reference-03B-043-node-dialog.png",
2026-10-05T21:35:28.4943896Z     "reference-03B-044-switch-failure.png"
2026-10-05T21:35:28.4944055Z   ],
2026-10-05T21:35:28.4944533Z   "limitations": "Controlled browser/API fixtures, not Android WebView or a running Mihomo core; populated counts/names are test data, not exact reference data."
2026-10-05T21:35:28.4945010Z }
2026-10-05T21:35:28.5337865Z ##[group]Run actions/setup-java@v4
2026-10-05T21:35:28.5338021Z with:
2026-10-05T21:35:28.5338134Z   distribution: temurin
2026-10-05T21:35:28.5338251Z   java-version: 21
2026-10-05T21:35:28.5338359Z   java-package: jdk
2026-10-05T21:35:28.5338475Z   check-latest: false
2026-10-05T21:35:28.5338587Z   server-id: github
2026-10-05T21:35:28.5338700Z   server-username: GITHUB_ACTOR
2026-10-05T21:35:28.5338836Z   server-password: GITHUB_TOKEN
2026-10-05T21:35:28.5338973Z   overwrite-settings: true
2026-10-05T21:35:28.5339098Z   job-status: success
2026-10-05T21:35:28.5340643Z   token: ***
2026-10-05T21:35:28.5340753Z env:
2026-10-05T21:35:28.5340895Z   HETU_TEST_KEYSTORE: /home/runner/.android/hetu-ui10-debug.jks
2026-10-05T21:35:28.5341229Z   HETU_EXPECTED_TESTS: 542
2026-10-05T21:35:28.5341358Z   HETU_EXPECTED_TEST_XML_FILES: 56
2026-10-05T21:35:28.5341501Z   HETU_EXPECTED_VERSION: 2086
2026-10-05T21:35:28.5341642Z   HETU_EXPECTED_VERSION_NAME: 0.12.16-v20-fix
2026-10-05T21:35:28.5341809Z ##[endgroup]
2026-10-05T21:35:28.6395342Z ##[warning]setup-java v4 is deprecated and will no longer receive updates. Please migrate to actions/setup-java@v5.
2026-10-05T21:35:28.6400502Z ##[group]Installed distributions
2026-10-05T21:35:28.6422265Z Resolved Java 21.0.12+1 from tool-cache
2026-10-05T21:35:28.6422577Z Setting Java 21.0.12+1 as the default
2026-10-05T21:35:28.6428595Z (node:15331) [DEP0040] DeprecationWarning: The `punycode` module is deprecated. Please use a userland alternative instead.
2026-10-05T21:35:28.6429219Z (Use `node --trace-deprecation ...` to show where the warning was created)
2026-10-05T21:35:28.6431140Z Creating toolchains.xml for JDK version 21 from temurin
2026-10-05T21:35:28.6474788Z Writing to /home/runner/.m2/toolchains.xml
2026-10-05T21:35:28.6475084Z 
2026-10-05T21:35:28.6475185Z Java configuration:
2026-10-05T21:35:28.6475394Z   Distribution: temurin
2026-10-05T21:35:28.6475592Z   Version: 21.0.12+1
2026-10-05T21:35:28.6475922Z   Path: /opt/hostedtoolcache/Java_Temurin-Hotspot_jdk/21.0.12-1/x64
2026-10-05T21:35:28.6476157Z 
2026-10-05T21:35:28.6476389Z ##[endgroup]
2026-10-05T21:35:28.6478867Z Creating settings.xml with server-id: github
2026-10-05T21:35:28.6504015Z Writing to /home/runner/.m2/settings.xml
2026-10-05T21:35:28.6610654Z ##[group]Run python3 tools/qa/test_filter_export.py --before out/verification/v2075-adblock.java
2026-10-05T21:35:28.6611029Z [36;1mpython3 tools/qa/test_filter_export.py --before out/verification/v2075-adblock.java[0m
2026-10-05T21:35:28.6675111Z shell: /usr/bin/bash -e {0}
2026-10-05T21:35:28.6675296Z env:
2026-10-05T21:35:28.6675472Z   HETU_TEST_KEYSTORE: /home/runner/.android/hetu-ui10-debug.jks
2026-10-05T21:35:28.6675709Z   HETU_EXPECTED_TESTS: 542
2026-10-05T21:35:28.6675858Z   HETU_EXPECTED_TEST_XML_FILES: 56
2026-10-05T21:35:28.6676017Z   HETU_EXPECTED_VERSION: 2086
2026-10-05T21:35:28.6676178Z   HETU_EXPECTED_VERSION_NAME: 0.12.16-v20-fix
2026-10-05T21:35:28.6676465Z   JAVA_HOME: /opt/hostedtoolcache/Java_Temurin-Hotspot_jdk/21.0.12-1/x64
2026-10-05T21:35:28.6677182Z   JAVA_HOME_21_X64: /opt/hostedtoolcache/Java_Temurin-Hotspot_jdk/21.0.12-1/x64
2026-10-05T21:35:28.6677804Z ##[endgroup]
2026-10-05T21:35:33.2849483Z {"fixtureOnly": true, "deviceOrNetworkAccess": false, "beforeSourceSha256": "a7518bf438b82eab26c37611c6fad90b818cd8d2c84e119f083091bb2719ac04", "afterSourceSha256": "55b8d560086cf41493a28d074e63ee08f72e7c360c208d63fb36cbb59d46506f", "before": "old-cache-eviction-ENOENT-reproduced", "after": "new-cache-eviction-stable-pair-and-handoff-passed"}
2026-10-05T21:35:33.2932571Z ##[group]Run actions/cache/restore@v4
2026-10-05T21:35:33.2932721Z with:
2026-10-05T21:35:33.2932846Z   path: /home/runner/.android/hetu-ui10-debug.jks
2026-10-05T21:35:33.2933025Z   key: hetu-ui10-debug-signing-v1
2026-10-05T21:35:33.2933165Z   fail-on-cache-miss: true
2026-10-05T21:35:33.2933296Z   enableCrossOsArchive: false
2026-10-05T21:35:33.2933425Z   lookup-only: false
2026-10-05T21:35:33.2933537Z env:
2026-10-05T21:35:33.2933677Z   HETU_TEST_KEYSTORE: /home/runner/.android/hetu-ui10-debug.jks
2026-10-05T21:35:33.2933856Z   HETU_EXPECTED_TESTS: 542
2026-10-05T21:35:33.2933983Z   HETU_EXPECTED_TEST_XML_FILES: 56
2026-10-05T21:35:33.2934121Z   HETU_EXPECTED_VERSION: 2086
2026-10-05T21:35:33.2934259Z   HETU_EXPECTED_VERSION_NAME: 0.12.16-v20-fix
2026-10-05T21:35:33.2934466Z   JAVA_HOME: /opt/hostedtoolcache/Java_Temurin-Hotspot_jdk/21.0.12-1/x64
2026-10-05T21:35:33.2934718Z   JAVA_HOME_21_X64: /opt/hostedtoolcache/Java_Temurin-Hotspot_jdk/21.0.12-1/x64
2026-10-05T21:35:33.2934925Z ##[endgroup]
2026-10-05T21:35:33.3609789Z (node:15428) [DEP0040] DeprecationWarning: The `punycode` module is deprecated. Please use a userland alternative instead.
2026-10-05T21:35:33.3610493Z (Use `node --trace-deprecation ...` to show where the warning was created)
2026-10-05T21:35:33.6180329Z Cache hit for: hetu-ui10-debug-signing-v1
2026-10-05T21:35:33.6222905Z (node:15428) [DEP0169] DeprecationWarning: `url.parse()` behavior is not standardized and prone to errors that have security implications. Use the WHATWG URL API instead. CVEs are not issued for `url.parse()` vulnerabilities.
2026-10-05T21:35:34.0091942Z Received 2792 of 2792 (100.0%), 0.0 MBs/sec
2026-10-05T21:35:34.0092304Z Cache Size: ~0 MB (2792 B)
2026-10-05T21:35:34.0108099Z [command]/usr/bin/tar -xf /home/runner/work/_temp/71a059a8-7311-422d-9832-602ed09aebfe/cache.tzst -P -C /home/runner/work/hetu/hetu --use-compress-program unzstd
2026-10-05T21:35:34.0152641Z Cache restored successfully
2026-10-05T21:35:34.0200908Z Cache restored from key: hetu-ui10-debug-signing-v1
2026-10-05T21:35:34.0275698Z ##[group]Run set -euo pipefail
2026-10-05T21:35:34.0275873Z [36;1mset -euo pipefail[0m
2026-10-05T21:35:34.0276028Z [36;1mtest -s "$HETU_TEST_KEYSTORE"[0m
2026-10-05T21:35:34.0276297Z [36;1mkeytool -exportcert -keystore "$HETU_TEST_KEYSTORE" -alias androiddebugkey -storepass android \[0m
2026-10-05T21:35:34.0276716Z [36;1m  | openssl dgst -sha256 -r | cut -d ' ' -f1 | grep -qx '701bbb0aaa5709cf2bebd96ff85ebd64c06cf6c3a2211ec21a9c51e534a5faad'[0m
2026-10-05T21:35:34.0328694Z shell: /usr/bin/bash -e {0}
2026-10-05T21:35:34.0339918Z env:
2026-10-05T21:35:34.0340152Z   HETU_TEST_KEYSTORE: /home/runner/.android/hetu-ui10-debug.jks
2026-10-05T21:35:34.0340394Z   HETU_EXPECTED_TESTS: 542
2026-10-05T21:35:34.0340538Z   HETU_EXPECTED_TEST_XML_FILES: 56
2026-10-05T21:35:34.0340685Z   HETU_EXPECTED_VERSION: 2086
2026-10-05T21:35:34.0340836Z   HETU_EXPECTED_VERSION_NAME: 0.12.16-v20-fix
2026-10-05T21:35:34.0341074Z   JAVA_HOME: /opt/hostedtoolcache/Java_Temurin-Hotspot_jdk/21.0.12-1/x64
2026-10-05T21:35:34.0341444Z   JAVA_HOME_21_X64: /opt/hostedtoolcache/Java_Temurin-Hotspot_jdk/21.0.12-1/x64
2026-10-05T21:35:34.0341767Z ##[endgroup]
2026-10-05T21:35:34.8312987Z ##[group]Run set -euo pipefail
2026-10-05T21:35:34.8313175Z [36;1mset -euo pipefail[0m
2026-10-05T21:35:34.8313431Z [36;1mSDKMANAGER=$(find "$ANDROID_HOME/cmdline-tools" -type f -path '*/bin/sdkmanager' | sort | tail -n 1)[0m
2026-10-05T21:35:34.8313720Z [36;1myes | "$SDKMANAGER" --licenses >/dev/null || true[0m
2026-10-05T21:35:34.8313935Z [36;1m"$SDKMANAGER" 'platforms;android-37.0' 'build-tools;37.0.0'[0m
2026-10-05T21:35:34.8363719Z shell: /usr/bin/bash -e {0}
2026-10-05T21:35:34.8363867Z env:
2026-10-05T21:35:34.8364018Z   HETU_TEST_KEYSTORE: /home/runner/.android/hetu-ui10-debug.jks
2026-10-05T21:35:34.8364206Z   HETU_EXPECTED_TESTS: 542
2026-10-05T21:35:34.8364339Z   HETU_EXPECTED_TEST_XML_FILES: 56
2026-10-05T21:35:34.8364483Z   HETU_EXPECTED_VERSION: 2086
2026-10-05T21:35:34.8364629Z   HETU_EXPECTED_VERSION_NAME: 0.12.16-v20-fix
2026-10-05T21:35:34.8364838Z   JAVA_HOME: /opt/hostedtoolcache/Java_Temurin-Hotspot_jdk/21.0.12-1/x64
2026-10-05T21:35:34.8365120Z   JAVA_HOME_21_X64: /opt/hostedtoolcache/Java_Temurin-Hotspot_jdk/21.0.12-1/x64
2026-10-05T21:35:34.8365321Z ##[endgroup]
2026-10-05T21:35:37.3357535Z yes: standard output: Broken pipe
2026-10-05T21:35:37.7887586Z Loading package information...                                                  
2026-10-05T21:35:37.8410002Z Loading local repository...                                                     
2026-10-05T21:35:37.8411645Z [                                       ] 3% Loading local repository...        
2026-10-05T21:35:37.8438416Z [                                       ] 3% Fetch remote repository...         
2026-10-05T21:35:38.0441680Z [=                                      ] 3% Fetch remote repository...         
2026-10-05T21:35:38.0837245Z [=                                      ] 4% Fetch remote repository...         
2026-10-05T21:35:38.1022268Z [=                                      ] 5% Fetch remote repository...         
2026-10-05T21:35:38.1389619Z [==                                     ] 5% Fetch remote repository...         
2026-10-05T21:35:38.1904275Z [==                                     ] 6% Fetch remote repository...         
2026-10-05T21:35:38.2308381Z [==                                     ] 7% Fetch remote repository...         
2026-10-05T21:35:38.2309136Z [==                                     ] 7% Computing updates...               
2026-10-05T21:35:38.2383330Z [===                                    ] 8% Computing updates...               
2026-10-05T21:35:38.2438795Z [===                                    ] 10% Computing updates...              
2026-10-05T21:35:38.2440558Z [=======================================] 100% Computing updates...             
2026-10-05T21:35:38.2444502Z 
2026-10-05T21:35:38.2713646Z ##[group]Run gradle/actions/setup-gradle@v4
2026-10-05T21:35:38.2713824Z with:
2026-10-05T21:35:38.2713948Z   gradle-version: 9.5.0
2026-10-05T21:35:38.2714083Z   cache-disabled: false
2026-10-05T21:35:38.2714211Z   cache-read-only: true
2026-10-05T21:35:38.2714352Z   cache-write-only: false
2026-10-05T21:35:38.2714498Z   cache-overwrite-existing: false
2026-10-05T21:35:38.2714681Z   cache-cleanup: on-success
2026-10-05T21:35:38.2714847Z   gradle-home-cache-includes: caches
notifications

2026-10-05T21:35:38.2715028Z   add-job-summary: always
2026-10-05T21:35:38.2715177Z   add-job-summary-as-pr-comment: never
2026-10-05T21:35:38.2715338Z   dependency-graph: disabled
2026-10-05T21:35:38.2715513Z   dependency-graph-report-dir: dependency-graph-reports
2026-10-05T21:35:38.2715718Z   dependency-graph-continue-on-failure: true
2026-10-05T21:35:38.2715890Z   build-scan-publish: false
2026-10-05T21:35:38.2716031Z   validate-wrappers: true
2026-10-05T21:35:38.2716192Z   allow-snapshot-wrappers: false
2026-10-05T21:35:38.2716351Z   gradle-home-cache-strict-match: false
2026-10-05T21:35:38.2716512Z   workflow-job-context: null
2026-10-05T21:35:38.2717828Z   github-token: ***
2026-10-05T21:35:38.2717949Z env:
2026-10-05T21:35:38.2718104Z   HETU_TEST_KEYSTORE: /home/runner/.android/hetu-ui10-debug.jks
2026-10-05T21:35:38.2718307Z   HETU_EXPECTED_TESTS: 542
2026-10-05T21:35:38.2718446Z   HETU_EXPECTED_TEST_XML_FILES: 56
2026-10-05T21:35:38.2718595Z   HETU_EXPECTED_VERSION: 2086
2026-10-05T21:35:38.2718746Z   HETU_EXPECTED_VERSION_NAME: 0.12.16-v20-fix
2026-10-05T21:35:38.2718966Z   JAVA_HOME: /opt/hostedtoolcache/Java_Temurin-Hotspot_jdk/21.0.12-1/x64
2026-10-05T21:35:38.2719236Z   JAVA_HOME_21_X64: /opt/hostedtoolcache/Java_Temurin-Hotspot_jdk/21.0.12-1/x64
2026-10-05T21:35:38.2719443Z ##[endgroup]
2026-10-05T21:35:38.4911023Z Merged default JDK locations into /home/runner/.m2/toolchains.xml
2026-10-05T21:35:38.4916196Z ##[group]Restore Gradle state from cache
2026-10-05T21:35:38.7683441Z Cache hit for restore-key: gradle-home-v1|Linux-X64|build[6ba403d2a128bfdfa8e4c5d6a94fbdc7]-825eed7846dce8c05d7e36a2b47d508dd3e08cbe
2026-10-05T21:35:40.0413569Z Received 0 of 7623628 (0.0%), 0.0 MBs/sec
2026-10-05T21:35:40.1048677Z Received 7623628 of 7623628 (100.0%), 6.8 MBs/sec
2026-10-05T21:35:40.1050129Z Cache Size: ~7 MB (7623628 B)
2026-10-05T21:35:40.1067994Z [command]/usr/bin/tar -xf /home/runner/work/_temp/40db0bff-417b-4598-b9e2-c25a769e743b/cache.tzst -P -C /home/runner/work/hetu/hetu --use-compress-program unzstd
2026-10-05T21:35:40.2314451Z Cache restored successfully
2026-10-05T21:35:40.2321560Z Restored cache entry with key gradle-home-v1|Linux-X64|build[96032d49de5c4a53cd45f3563c564e8b]-7b8de498dc3c4cd7d044bdbee0e7efe2233d7953 to /home/runner/.gradle/caches,/home/runner/.gradle/notifications,/home/runner/.gradle/.setup-gradle in 1739ms
2026-10-05T21:35:40.4868535Z Cache hit for: gradle-kotlin-dsl-v1-f58f651d99bd9fe4cbdb5cbf20ee18b7
2026-10-05T21:35:40.4977500Z Cache hit for: gradle-instrumented-jars-v1-76efbd49c0bbfc56b742303b222b7098
2026-10-05T21:35:40.4979163Z Cache hit for: gradle-dependencies-v1-231d80aff3d9740b478e05ad6b4c944c
2026-10-05T21:35:40.4980855Z Cache hit for: gradle-transforms-v1-aa2dcad48f324f84c7412a73a2d5d1bd
2026-10-05T21:35:40.5064098Z Cache hit for: gradle-groovy-dsl-v1-cfc9b0fe8607a4d943ce8d81d3162512
2026-10-05T21:35:40.5100770Z Cache hit for: gradle-generated-gradle-jars-v1-385d131625f54d4dab75422dfcb34a24
2026-10-05T21:35:41.2335581Z Received 64809 of 64809 (100.0%), 0.1 MBs/sec
2026-10-05T21:35:41.2335958Z Cache Size: ~0 MB (64809 B)
2026-10-05T21:35:41.2348517Z [command]/usr/bin/tar -xf /home/runner/work/_temp/be2eb9e3-3fc2-48a0-92f6-6ce0e73b5334/cache.tzst -P -C /home/runner/work/hetu/hetu --use-compress-program unzstd
2026-10-05T21:35:41.2433137Z Cache restored successfully
2026-10-05T21:35:41.2434812Z Restored cache entry with key gradle-instrumented-jars-v1-76efbd49c0bbfc56b742303b222b7098 to /home/runner/.gradle/caches/jars-*/*/ in 1011ms
2026-10-05T21:35:41.2627647Z Received 111281 of 111281 (100.0%), 0.2 MBs/sec
2026-10-05T21:35:41.2628003Z Cache Size: ~0 MB (111281 B)
2026-10-05T21:35:41.2640229Z [command]/usr/bin/tar -xf /home/runner/work/_temp/9c360e79-aaf2-4e05-aa07-fa39600f3b7e/cache.tzst -P -C /home/runner/work/hetu/hetu --use-compress-program unzstd
2026-10-05T21:35:41.2710635Z Received 109334 of 109334 (100.0%), 0.2 MBs/sec
2026-10-05T21:35:41.2711052Z Cache Size: ~0 MB (109334 B)
2026-10-05T21:35:41.2725477Z [command]/usr/bin/tar -xf /home/runner/work/_temp/664df170-a5b5-40df-b4f4-f3d2c223dac4/cache.tzst -P -C /home/runner/work/hetu/hetu --use-compress-program unzstd
2026-10-05T21:35:41.2928853Z Cache restored successfully
2026-10-05T21:35:41.2930484Z Restored cache entry with key gradle-groovy-dsl-v1-cfc9b0fe8607a4d943ce8d81d3162512 to /home/runner/.gradle/caches/*/groovy-dsl/*/ in 1059ms
2026-10-05T21:35:41.2988419Z Cache restored successfully
2026-10-05T21:35:41.2990256Z Restored cache entry with key gradle-kotlin-dsl-v1-f58f651d99bd9fe4cbdb5cbf20ee18b7 to /home/runner/.gradle/caches/*/kotlin-dsl/accessors/*/,/home/runner/.gradle/caches/*/kotlin-dsl/scripts/*/ in 1065ms
2026-10-05T21:35:41.7654658Z Received 12582912 of 454888473 (2.8%), 12.0 MBs/sec
2026-10-05T21:35:41.8055841Z Received 4194304 of 223023468 (1.9%), 4.0 MBs/sec
2026-10-05T21:35:41.8412944Z Received 0 of 42071656 (0.0%), 0.0 MBs/sec
2026-10-05T21:35:42.1370850Z Received 42071656 of 42071656 (100.0%), 31.0 MBs/sec
2026-10-05T21:35:42.1371416Z Cache Size: ~40 MB (42071656 B)
2026-10-05T21:35:42.1498891Z [command]/usr/bin/tar -xf /home/runner/work/_temp/105ff5a8-e14a-4a08-92dc-63c0c0a6610a/cache.tzst -P -C /home/runner/work/hetu/hetu --use-compress-program unzstd
2026-10-05T21:35:42.3781083Z Cache restored successfully
2026-10-05T21:35:42.3814849Z Restored cache entry with key gradle-generated-gradle-jars-v1-385d131625f54d4dab75422dfcb34a24 to /home/runner/.gradle/caches/9.5.0/generated-gradle-jars/gradle-api-9.5.0.jar in 2149ms
2026-10-05T21:35:42.7661397Z Received 130023424 of 454888473 (28.6%), 62.0 MBs/sec
2026-10-05T21:35:42.8058626Z Received 130023424 of 223023468 (58.3%), 62.0 MBs/sec
2026-10-05T21:35:43.7641124Z Received 159383552 of 454888473 (35.0%), 50.6 MBs/sec
2026-10-05T21:35:43.8060133Z Received 192937984 of 223023468 (86.5%), 61.3 MBs/sec
2026-10-05T21:35:44.1610313Z Received 223023468 of 223023468 (100.0%), 63.4 MBs/sec
2026-10-05T21:35:44.1611578Z Cache Size: ~213 MB (223023468 B)
2026-10-05T21:35:44.1667422Z [command]/usr/bin/tar -xf /home/runner/work/_temp/bd4ae461-1b1f-4439-8a96-e6f63df15e41/cache.tzst -P -C /home/runner/work/hetu/hetu --use-compress-program unzstd
2026-10-05T21:35:44.7639065Z Received 314572800 of 454888473 (69.2%), 75.0 MBs/sec
2026-10-05T21:35:45.6952435Z Cache restored successfully
2026-10-05T21:35:45.7119551Z Restored cache entry with key gradle-transforms-v1-aa2dcad48f324f84c7412a73a2d5d1bd to /home/runner/.gradle/caches/transforms-4/*/,/home/runner/.gradle/caches/*/transforms/*/ in 5478ms
2026-10-05T21:35:45.7642786Z Received 436207616 of 454888473 (95.9%), 83.2 MBs/sec
2026-10-05T21:35:45.8612791Z Received 454888473 of 454888473 (100.0%), 85.1 MBs/sec
2026-10-05T21:35:45.8614317Z Cache Size: ~434 MB (454888473 B)
2026-10-05T21:35:45.8708833Z [command]/usr/bin/tar -xf /home/runner/work/_temp/62729b49-fe35-4e50-842f-c9e0e8aca450/cache.tzst -P -C /home/runner/work/hetu/hetu --use-compress-program unzstd
2026-10-05T21:35:47.4467878Z Cache restored successfully
2026-10-05T21:35:47.4644766Z Restored cache entry with key gradle-dependencies-v1-231d80aff3d9740b478e05ad6b4c944c to /home/runner/.gradle/caches/modules-*/files-*/*/*/*/* in 7232ms
2026-10-05T21:35:47.4826091Z ##[endgroup]
2026-10-05T21:35:47.4970528Z ##[group]All Gradle Wrapper jars are valid
2026-10-05T21:35:47.4971007Z 
2026-10-05T21:35:47.4971249Z ##[endgroup]
2026-10-05T21:35:47.6974867Z ##[group]Provision Gradle 9.5.0
2026-10-05T21:35:49.0516917Z Cache hit for: gradle-9.5.0
2026-10-05T21:35:50.3317321Z Received 8388608 of 140178608 (6.0%), 8.0 MBs/sec
2026-10-05T21:35:51.3191794Z Received 140178608 of 140178608 (100.0%), 67.3 MBs/sec
2026-10-05T21:35:51.3192667Z Cache Size: ~134 MB (140178608 B)
2026-10-05T21:35:51.3290058Z [command]/usr/bin/tar -xf /home/runner/work/_temp/a37528a7-e096-4d71-b090-53a4b687271b/cache.tzst -P -C /home/runner/work/hetu/hetu --use-compress-program unzstd
2026-10-05T21:35:51.4554699Z Cache restored successfully
2026-10-05T21:35:51.4631491Z Restored Gradle distribution gradle-9.5.0 from cache to /home/runner/work/_temp/.gradle-actions/gradle-installations/downloads/gradle-9.5.0-bin.zip
2026-10-05T21:35:51.4632557Z [command]/usr/bin/unzip -o -q /home/runner/work/_temp/.gradle-actions/gradle-installations/downloads/gradle-9.5.0-bin.zip
2026-10-05T21:35:52.2198431Z Extracted Gradle 9.5.0 to /home/runner/work/_temp/.gradle-actions/gradle-installations/installs/gradle-9.5.0
2026-10-05T21:35:52.2200611Z Provisioned Gradle executable /home/runner/work/_temp/.gradle-actions/gradle-installations/installs/gradle-9.5.0/bin/gradle
2026-10-05T21:35:52.2201653Z ##[endgroup]
2026-10-05T21:35:52.2375012Z ##[group]Run set -euo pipefail
2026-10-05T21:35:52.2375219Z [36;1mset -euo pipefail[0m
2026-10-05T21:35:52.2375540Z [36;1mtar -czf /tmp/Hetu-V20.86-effective-source.tar.gz android-app UI92_RUNTIME146_INPUTS.json CHANGELOG-V20.md[0m
2026-10-05T21:35:52.2375922Z [36;1msha256sum /tmp/Hetu-V20.86-effective-source.tar.gz[0m
2026-10-05T21:35:52.2427560Z shell: /usr/bin/bash -e {0}
2026-10-05T21:35:52.2427735Z env:
2026-10-05T21:35:52.2427923Z   HETU_TEST_KEYSTORE: /home/runner/.android/hetu-ui10-debug.jks
2026-10-05T21:35:52.2428153Z   HETU_EXPECTED_TESTS: 542
2026-10-05T21:35:52.2428325Z   HETU_EXPECTED_TEST_XML_FILES: 56
2026-10-05T21:35:52.2428508Z   HETU_EXPECTED_VERSION: 2086
2026-10-05T21:35:52.2428698Z   HETU_EXPECTED_VERSION_NAME: 0.12.16-v20-fix
2026-10-05T21:35:52.2428950Z   JAVA_HOME: /opt/hostedtoolcache/Java_Temurin-Hotspot_jdk/21.0.12-1/x64
2026-10-05T21:35:52.2429253Z   JAVA_HOME_21_X64: /opt/hostedtoolcache/Java_Temurin-Hotspot_jdk/21.0.12-1/x64
2026-10-05T21:35:52.2429536Z   GRADLE_ACTION_ID: gradle/actions/setup-gradle
2026-10-05T21:35:52.2429872Z   GRADLE_USER_HOME: /home/runner/.gradle
2026-10-05T21:35:52.2430075Z   GRADLE_BUILD_ACTION_SETUP_COMPLETED: true
2026-10-05T21:35:52.2430273Z   GRADLE_BUILD_ACTION_CACHE_RESTORED: true
2026-10-05T21:35:52.2430545Z   DEVELOCITY_INJECTION_INIT_SCRIPT_NAME: gradle-actions.inject-develocity.init.gradle
2026-10-05T21:35:52.2430838Z   DEVELOCITY_INJECTION_CUSTOM_VALUE: gradle-actions
2026-10-05T21:35:52.2431041Z   GITHUB_DEPENDENCY_GRAPH_ENABLED: false
2026-10-05T21:35:52.2431217Z ##[endgroup]
2026-10-05T21:36:01.3038717Z aca30fbe6173329d4a593129e4c652220790f4e4b1c9abda5edb958135b2b59f  /tmp/Hetu-V20.86-effective-source.tar.gz
2026-10-05T21:36:01.3086722Z ##[group]Run actions/upload-artifact@v4
2026-10-05T21:36:01.3087041Z with:
2026-10-05T21:36:01.3087264Z   compression-level: 0
2026-10-05T21:36:01.3087521Z   if-no-files-found: error
2026-10-05T21:36:01.3087800Z   name: Hetu-V20.86-effective-source
2026-10-05T21:36:01.3088139Z   path: /tmp/Hetu-V20.86-effective-source.tar.gz
2026-10-05T21:36:01.3088458Z   overwrite: false
2026-10-05T21:36:01.3088707Z   include-hidden-files: false
2026-10-05T21:36:01.3088976Z env:
2026-10-05T21:36:01.3089266Z   HETU_TEST_KEYSTORE: /home/runner/.android/hetu-ui10-debug.jks
2026-10-05T21:36:01.3090005Z   HETU_EXPECTED_TESTS: 542
2026-10-05T21:36:01.3090268Z   HETU_EXPECTED_TEST_XML_FILES: 56
2026-10-05T21:36:01.3090562Z   HETU_EXPECTED_VERSION: 2086
2026-10-05T21:36:01.3090858Z   HETU_EXPECTED_VERSION_NAME: 0.12.16-v20-fix
2026-10-05T21:36:01.3091265Z   JAVA_HOME: /opt/hostedtoolcache/Java_Temurin-Hotspot_jdk/21.0.12-1/x64
2026-10-05T21:36:01.3091785Z   JAVA_HOME_21_X64: /opt/hostedtoolcache/Java_Temurin-Hotspot_jdk/21.0.12-1/x64
2026-10-05T21:36:01.3092219Z   GRADLE_ACTION_ID: gradle/actions/setup-gradle
2026-10-05T21:36:01.3092549Z   GRADLE_USER_HOME: /home/runner/.gradle
2026-10-05T21:36:01.3092864Z   GRADLE_BUILD_ACTION_SETUP_COMPLETED: true
2026-10-05T21:36:01.3093184Z   GRADLE_BUILD_ACTION_CACHE_RESTORED: true
2026-10-05T21:36:01.3093629Z   DEVELOCITY_INJECTION_INIT_SCRIPT_NAME: gradle-actions.inject-develocity.init.gradle
2026-10-05T21:36:01.3094119Z   DEVELOCITY_INJECTION_CUSTOM_VALUE: gradle-actions
2026-10-05T21:36:01.3094456Z   GITHUB_DEPENDENCY_GRAPH_ENABLED: false
2026-10-05T21:36:01.3094757Z ##[endgroup]
2026-10-05T21:36:01.4138465Z (node:15730) [DEP0040] DeprecationWarning: The `punycode` module is deprecated. Please use a userland alternative instead.
2026-10-05T21:36:01.4139234Z (Use `node --trace-deprecation ...` to show where the warning was created)
2026-10-05T21:36:01.4167849Z With the provided path, there will be 1 file uploaded
2026-10-05T21:36:01.4173330Z Artifact name is valid!
2026-10-05T21:36:01.4194133Z Root directory input is valid!
2026-10-05T21:36:01.7987868Z Beginning upload of artifact content to blob storage
2026-10-05T21:36:01.8255217Z (node:15730) [DEP0169] DeprecationWarning: `url.parse()` behavior is not standardized and prone to errors that have security implications. Use the WHATWG URL API instead. CVEs are not issued for `url.parse()` vulnerabilities.
2026-10-05T21:36:02.6798902Z Uploaded bytes 8388608
2026-10-05T21:36:02.7186695Z Uploaded bytes 16777216
2026-10-05T21:36:02.8232428Z Uploaded bytes 25165824
2026-10-05T21:36:02.8401282Z Uploaded bytes 33554432
2026-10-05T21:36:02.9681956Z Uploaded bytes 41943040
2026-10-05T21:36:02.9737881Z Uploaded bytes 50331648
2026-10-05T21:36:03.0875631Z Uploaded bytes 58720256
2026-10-05T21:36:03.1325860Z Uploaded bytes 67108864
2026-10-05T21:36:03.2957766Z Uploaded bytes 75497472
2026-10-05T21:36:03.3128851Z Uploaded bytes 83886080
2026-10-05T21:36:03.3957068Z Uploaded bytes 92274688
2026-10-05T21:36:03.5452857Z Uploaded bytes 93889267
2026-10-05T21:36:03.6195655Z Finished uploading artifact content to blob storage!
2026-10-05T21:36:03.6196431Z SHA256 digest of uploaded artifact zip is b9c39abac27271f91d02acdda7cc0bd66f34762421e6505850453c385cce058e
2026-10-05T21:36:03.6197250Z Finalizing artifact upload
2026-10-05T21:36:03.8997319Z Artifact Hetu-V20.86-effective-source.zip successfully finalized. Artifact ID 11371598376
2026-10-05T21:36:03.8998416Z Artifact Hetu-V20.86-effective-source has been successfully uploaded! Final size is 93889267 bytes. Artifact ID is 11371598376
2026-10-05T21:36:03.9002774Z Artifact download URL: https://github.com/xgl34222220-ops/hetu/actions/runs/37376676669/artifacts/11371598376
2026-10-05T21:36:03.9152136Z ##[group]Run set -euo pipefail
2026-10-05T21:36:03.9152347Z [36;1mset -euo pipefail[0m
2026-10-05T21:36:03.9152911Z [36;1mgradle --no-daemon --max-workers=2 -Dorg.gradle.jvmargs='-Xmx2g -Dfile.encoding=UTF-8' :app:dependencyInsight --configuration debugRuntimeClasspath --dependency com.materialkolor > ../out/verification/materialkolor-dependency-insight.txt[0m
2026-10-05T21:36:03.9153540Z [36;1mcat ../out/verification/materialkolor-dependency-insight.txt[0m
2026-10-05T21:36:03.9205338Z shell: /usr/bin/bash -e {0}
2026-10-05T21:36:03.9205509Z env:
2026-10-05T21:36:03.9205695Z   HETU_TEST_KEYSTORE: /home/runner/.android/hetu-ui10-debug.jks
2026-10-05T21:36:03.9205922Z   HETU_EXPECTED_TESTS: 542
2026-10-05T21:36:03.9206094Z   HETU_EXPECTED_TEST_XML_FILES: 56
2026-10-05T21:36:03.9206280Z   HETU_EXPECTED_VERSION: 2086
2026-10-05T21:36:03.9206466Z   HETU_EXPECTED_VERSION_NAME: 0.12.16-v20-fix
2026-10-05T21:36:03.9206888Z   JAVA_HOME: /opt/hostedtoolcache/Java_Temurin-Hotspot_jdk/21.0.12-1/x64
2026-10-05T21:36:03.9207190Z   JAVA_HOME_21_X64: /opt/hostedtoolcache/Java_Temurin-Hotspot_jdk/21.0.12-1/x64
2026-10-05T21:36:03.9207456Z   GRADLE_ACTION_ID: gradle/actions/setup-gradle
2026-10-05T21:36:03.9207657Z   GRADLE_USER_HOME: /home/runner/.gradle
2026-10-05T21:36:03.9207851Z   GRADLE_BUILD_ACTION_SETUP_COMPLETED: true
2026-10-05T21:36:03.9208048Z   GRADLE_BUILD_ACTION_CACHE_RESTORED: true
2026-10-05T21:36:03.9208322Z   DEVELOCITY_INJECTION_INIT_SCRIPT_NAME: gradle-actions.inject-develocity.init.gradle
2026-10-05T21:36:03.9208630Z   DEVELOCITY_INJECTION_CUSTOM_VALUE: gradle-actions
2026-10-05T21:36:03.9208843Z   GITHUB_DEPENDENCY_GRAPH_ENABLED: false
2026-10-05T21:36:03.9209022Z ##[endgroup]
2026-10-05T21:36:22.8172782Z To honour the JVM settings for this build a single-use Daemon process will be forked. For more on this, please refer to https://docs.gradle.org/9.5.0/userguide/gradle_daemon.html#sec:disabling_the_daemon in the Gradle documentation.
2026-10-05T21:36:22.8173811Z Daemon will be stopped at the end of the build 
2026-10-05T21:36:22.8174031Z 
2026-10-05T21:36:22.8174155Z > Configure project :app
2026-10-05T21:36:22.8174904Z w: file:///home/runner/work/hetu/hetu/android-app/app/build.gradle.kts:33:13: 'var isV1SigningEnabled: Boolean' is deprecated. This property is deprecated.
2026-10-05T21:36:22.8176022Z w: file:///home/runner/work/hetu/hetu/android-app/app/build.gradle.kts:34:13: 'var isV2SigningEnabled: Boolean' is deprecated. This property is deprecated.
2026-10-05T21:36:22.8176520Z 
2026-10-05T21:36:22.8176653Z > Task :app:dependencyInsight
2026-10-05T21:36:22.8177025Z com.materialkolor:material-color-utilities:5.0.1
2026-10-05T21:36:22.8177405Z   Variant androidRuntimeElements-published:
2026-10-05T21:36:22.8177876Z     | Attribute Name                                  | Provided     | Requested    |
2026-10-05T21:36:22.8178393Z     |-------------------------------------------------|--------------|--------------|
2026-10-05T21:36:22.8178902Z     | org.gradle.libraryelements                      | aar          |              |
2026-10-05T21:36:22.8179389Z     | org.gradle.status                               | release      |              |
2026-10-05T21:36:22.8179996Z     | org.gradle.category                             | library      | library      |
2026-10-05T21:36:22.8180422Z     | org.gradle.jvm.environment                      | android      | android      |
2026-10-05T21:36:22.8180751Z     | org.gradle.usage                                | java-runtime | java-runtime |
2026-10-05T21:36:22.8181088Z     | org.jetbrains.kotlin.platform.type              | androidJvm   | androidJvm   |
2026-10-05T21:36:22.8181456Z     | com.android.build.api.attributes.AgpVersionAttr |              | 9.3.0        |
2026-10-05T21:36:22.8181828Z     | com.android.build.api.attributes.BuildTypeAttr  |              | debug        |
2026-10-05T21:36:22.8182100Z    Selection reasons:
2026-10-05T21:36:22.8182278Z       - By ancestor
2026-10-05T21:36:22.8182440Z       - By constraint
2026-10-05T21:36:22.8182772Z 
2026-10-05T21:36:22.8182962Z com.materialkolor:material-color-utilities:{strictly 5.0.1} -> 5.0.1
2026-10-05T21:36:22.8183230Z \--- debugRuntimeClasspath
2026-10-05T21:36:22.8183342Z 
2026-10-05T21:36:22.8183471Z com.materialkolor:material-color-utilities:5.0.1
2026-10-05T21:36:22.8183745Z +--- com.materialkolor:material-kolor-android:5.0.1
2026-10-05T21:36:22.8184010Z |    \--- com.materialkolor:material-kolor:5.0.1
2026-10-05T21:36:22.8184398Z |         \--- debugRuntimeClasspath (requested com.materialkolor:material-kolor:{strictly 5.0.1})
2026-10-05T21:36:22.8184750Z \--- top.yukonga.miuix.kmp:miuix-ui-android:0.9.4
2026-10-05T21:36:22.8184983Z      +--- debugRuntimeClasspath
2026-10-05T21:36:22.8185200Z      \--- top.yukonga.miuix.kmp:miuix-ui:0.9.4
2026-10-05T21:36:22.8185474Z           \--- top.yukonga.miuix.kmp:miuix-preference-android:0.9.4
2026-10-05T21:36:22.8185720Z                \--- debugRuntimeClasspath
2026-10-05T21:36:22.8186007Z 
2026-10-05T21:36:22.8186162Z com.materialkolor:material-color-utilities-android:5.0.1
2026-10-05T21:36:22.8186419Z   Variant androidRuntimeElements-published:
2026-10-05T21:36:22.8186702Z     | Attribute Name                                  | Provided     | Requested    |
2026-10-05T21:36:22.8187018Z     |-------------------------------------------------|--------------|--------------|
2026-10-05T21:36:22.8187338Z     | org.gradle.libraryelements                      | aar          |              |
2026-10-05T21:36:22.8187672Z     | org.gradle.status                               | release      |              |
2026-10-05T21:36:22.8187979Z     | org.gradle.category                             | library      | library      |
2026-10-05T21:36:22.8188298Z     | org.gradle.jvm.environment                      | android      | android      |
2026-10-05T21:36:22.8188617Z     | org.gradle.usage                                | java-runtime | java-runtime |
2026-10-05T21:36:22.8188952Z     | org.jetbrains.kotlin.platform.type              | androidJvm   | androidJvm   |
2026-10-05T21:36:22.8189319Z     | com.android.build.api.attributes.AgpVersionAttr |              | 9.3.0        |
2026-10-05T21:36:22.8189832Z     | com.android.build.api.attributes.BuildTypeAttr  |              | debug        |
2026-10-05T21:36:22.8190176Z    Selection reasons:
2026-10-05T21:36:22.8190347Z       - By ancestor
2026-10-05T21:36:22.8190501Z       - By constraint
2026-10-05T21:36:22.8190599Z 
2026-10-05T21:36:22.8190790Z com.materialkolor:material-color-utilities-android:{strictly 5.0.1} -> 5.0.1
2026-10-05T21:36:22.8191068Z \--- debugRuntimeClasspath
2026-10-05T21:36:22.8191177Z 
2026-10-05T21:36:22.8191322Z com.materialkolor:material-color-utilities-android:5.0.1
2026-10-05T21:36:22.8191610Z \--- com.materialkolor:material-color-utilities:5.0.1
2026-10-05T21:36:22.8191964Z      +--- debugRuntimeClasspath (requested com.materialkolor:material-color-utilities:{strictly 5.0.1})
2026-10-05T21:36:22.8192316Z      +--- com.materialkolor:material-kolor-android:5.0.1
2026-10-05T21:36:22.8192566Z      |    \--- com.materialkolor:material-kolor:5.0.1
2026-10-05T21:36:22.8192892Z      |         \--- debugRuntimeClasspath (requested com.materialkolor:material-kolor:{strictly 5.0.1})
2026-10-05T21:36:22.8193225Z      \--- top.yukonga.miuix.kmp:miuix-ui-android:0.9.4
2026-10-05T21:36:22.8193453Z           +--- debugRuntimeClasspath
2026-10-05T21:36:22.8193679Z           \--- top.yukonga.miuix.kmp:miuix-ui:0.9.4
2026-10-05T21:36:22.8193951Z                \--- top.yukonga.miuix.kmp:miuix-preference-android:0.9.4
2026-10-05T21:36:22.8194205Z                     \--- debugRuntimeClasspath
2026-10-05T21:36:22.8194339Z 
2026-10-05T21:36:22.8194441Z com.materialkolor:material-kolor:5.0.1
2026-10-05T21:36:22.8194671Z   Variant androidRuntimeElements-published:
2026-10-05T21:36:22.8194947Z     | Attribute Name                                  | Provided     | Requested    |
2026-10-05T21:36:22.8195252Z     |-------------------------------------------------|--------------|--------------|
2026-10-05T21:36:22.8195696Z     | org.gradle.libraryelements                      | aar          |              |
2026-10-05T21:36:22.8196012Z     | org.gradle.status                               | release      |              |
2026-10-05T21:36:22.8196322Z     | org.gradle.category                             | library      | library      |
2026-10-05T21:36:22.8196642Z     | org.gradle.jvm.environment                      | android      | android      |
2026-10-05T21:36:22.8196960Z     | org.gradle.usage                                | java-runtime | java-runtime |
2026-10-05T21:36:22.8197293Z     | org.jetbrains.kotlin.platform.type              | androidJvm   | androidJvm   |
2026-10-05T21:36:22.8197654Z     | com.android.build.api.attributes.AgpVersionAttr |              | 9.3.0        |
2026-10-05T21:36:22.8198020Z     | com.android.build.api.attributes.BuildTypeAttr  |              | debug        |
2026-10-05T21:36:22.8198311Z 
2026-10-05T21:36:22.8198459Z com.materialkolor:material-kolor:{strictly 5.0.1} -> 5.0.1
2026-10-05T21:36:22.8198724Z \--- debugRuntimeClasspath
2026-10-05T21:36:22.8198831Z 
2026-10-05T21:36:22.8198953Z com.materialkolor:material-kolor-android:5.0.1
2026-10-05T21:36:22.8199188Z   Variant androidRuntimeElements-published:
2026-10-05T21:36:22.8199459Z     | Attribute Name                                  | Provided     | Requested    |
2026-10-05T21:36:22.8199944Z     |-------------------------------------------------|--------------|--------------|
2026-10-05T21:36:22.8200423Z     | org.gradle.libraryelements                      | aar          |              |
2026-10-05T21:36:22.8200777Z     | org.gradle.status                               | release      |              |
2026-10-05T21:36:22.8201079Z     | org.gradle.category                             | library      | library      |
2026-10-05T21:36:22.8201402Z     | org.gradle.jvm.environment                      | android      | android      |
2026-10-05T21:36:22.8201724Z     | org.gradle.usage                                | java-runtime | java-runtime |
2026-10-05T21:36:22.8202052Z     | org.jetbrains.kotlin.platform.type              | androidJvm   | androidJvm   |
2026-10-05T21:36:22.8202411Z     | com.android.build.api.attributes.AgpVersionAttr |              | 9.3.0        |
2026-10-05T21:36:22.8202777Z     | com.android.build.api.attributes.BuildTypeAttr  |              | debug        |
2026-10-05T21:36:22.8202975Z 
2026-10-05T21:36:22.8203130Z com.materialkolor:material-kolor-android:5.0.1
2026-10-05T21:36:22.8203607Z \--- com.materialkolor:material-kolor:5.0.1
2026-10-05T21:36:22.8215389Z      \--- debugRuntimeClasspath (requested com.materialkolor:material-kolor:{strictly 5.0.1})
2026-10-05T21:36:22.8215668Z 
2026-10-05T21:36:22.8216218Z (*) - Indicates repeated occurrences of a transitive dependency subtree. Gradle expands transitive dependency subtrees only once per project; repeat occurrences only display the root of the subtree, followed by this annotation.
2026-10-05T21:36:22.8216694Z 
2026-10-05T21:36:22.8216916Z A web-based, searchable dependency report is available by adding the --scan option.
2026-10-05T21:36:22.8217400Z gradle/actions: Writing build results to /home/runner/work/_temp/.gradle-actions/build-results/__run_18-1791236166617.json
2026-10-05T21:36:22.8217665Z 
2026-10-05T21:36:22.8217744Z BUILD SUCCESSFUL in 18s
2026-10-05T21:36:22.8217929Z 1 actionable task: 1 executed
2026-10-05T21:36:22.8218362Z Consider enabling configuration cache to speed up this build: https://docs.gradle.org/9.5.0/userguide/configuration_cache_enabling.html
2026-10-05T21:36:22.8241301Z ##[group]Run gradle --no-daemon --max-workers=2 -Dorg.gradle.jvmargs='-Xmx3g -Dfile.encoding=UTF-8' :app:assembleDebug --stacktrace
2026-10-05T21:36:22.8241835Z [36;1mgradle --no-daemon --max-workers=2 -Dorg.gradle.jvmargs='-Xmx3g -Dfile.encoding=UTF-8' :app:assembleDebug --stacktrace[0m
2026-10-05T21:36:22.8293683Z shell: /usr/bin/bash -e {0}
2026-10-05T21:36:22.8293873Z env:
2026-10-05T21:36:22.8294070Z   HETU_TEST_KEYSTORE: /home/runner/.android/hetu-ui10-debug.jks
2026-10-05T21:36:22.8294301Z   HETU_EXPECTED_TESTS: 542
2026-10-05T21:36:22.8294477Z   HETU_EXPECTED_TEST_XML_FILES: 56
2026-10-05T21:36:22.8294666Z   HETU_EXPECTED_VERSION: 2086
2026-10-05T21:36:22.8294857Z   HETU_EXPECTED_VERSION_NAME: 0.12.16-v20-fix
2026-10-05T21:36:22.8295118Z   JAVA_HOME: /opt/hostedtoolcache/Java_Temurin-Hotspot_jdk/21.0.12-1/x64
2026-10-05T21:36:22.8295419Z   JAVA_HOME_21_X64: /opt/hostedtoolcache/Java_Temurin-Hotspot_jdk/21.0.12-1/x64
2026-10-05T21:36:22.8295706Z   GRADLE_ACTION_ID: gradle/actions/setup-gradle
2026-10-05T21:36:22.8295913Z   GRADLE_USER_HOME: /home/runner/.gradle
2026-10-05T21:36:22.8296109Z   GRADLE_BUILD_ACTION_SETUP_COMPLETED: true
2026-10-05T21:36:22.8296306Z   GRADLE_BUILD_ACTION_CACHE_RESTORED: true
2026-10-05T21:36:22.8296588Z   DEVELOCITY_INJECTION_INIT_SCRIPT_NAME: gradle-actions.inject-develocity.init.gradle
2026-10-05T21:36:22.8296884Z   DEVELOCITY_INJECTION_CUSTOM_VALUE: gradle-actions
2026-10-05T21:36:22.8297242Z   GITHUB_DEPENDENCY_GRAPH_ENABLED: false
2026-10-05T21:36:22.8297425Z ##[endgroup]
2026-10-05T21:36:23.3733728Z To honour the JVM settings for this build a single-use Daemon process will be forked. For more on this, please refer to https://docs.gradle.org/9.5.0/userguide/gradle_daemon.html#sec:disabling_the_daemon in the Gradle documentation.
2026-10-05T21:36:24.0729155Z Daemon will be stopped at the end of the build 
2026-10-05T21:36:29.0747178Z Configuration 'debugCompileClasspath' was resolved during configuration time.
2026-10-05T21:36:29.0760801Z This is a build performance and scalability issue.
2026-10-05T21:36:29.0761653Z See https://github.com/gradle/gradle/issues/2298
2026-10-05T21:36:29.0762237Z Run with --info for a stacktrace.
2026-10-05T21:36:29.9725105Z Configuration 'debugRuntimeClasspath' was resolved during configuration time.
2026-10-05T21:36:29.9730484Z This is a build performance and scalability issue.
2026-10-05T21:36:29.9754608Z See https://github.com/gradle/gradle/issues/2298
2026-10-05T21:36:29.9757396Z Run with --info for a stacktrace.
2026-10-05T21:36:33.5755584Z > Task :app:preBuild UP-TO-DATE
2026-10-05T21:36:33.5781031Z > Task :app:preDebugBuild UP-TO-DATE
2026-10-05T21:36:33.5781842Z > Task :app:mergeDebugNativeDebugMetadata NO-SOURCE
2026-10-05T21:36:33.6728301Z > Task :app:generateDebugBuildConfig
2026-10-05T21:36:33.6750957Z > Task :app:generateDebugResources
2026-10-05T21:36:34.9731359Z > Task :app:prepareLibraryDefinitionsDebug
2026-10-05T21:36:35.0726271Z > Task :app:packageDebugResources
2026-10-05T21:36:36.6723438Z > Task :app:processDebugNavigationResources
2026-10-05T21:36:37.9750941Z > Task :app:javaPreCompileDebug
2026-10-05T21:36:37.9780723Z > Task :app:generateDebugAssets UP-TO-DATE
2026-10-05T21:36:37.9825368Z > Task :app:parseDebugLocalResources
2026-10-05T21:36:38.4741109Z > Task :app:mergeDebugAssets
2026-10-05T21:36:38.5723863Z > Task :app:generateDebugRFile
2026-10-05T21:36:39.6733331Z > Task :app:compressDebugAssets
2026-10-05T21:36:44.4726268Z > Task :app:generateDebugGlobalSynthetics
2026-10-05T21:36:47.0764153Z > Task :app:checkDebugDuplicateClasses
2026-10-05T21:36:47.0790696Z > Task :app:desugarDebugFileDependencies
2026-10-05T21:37:08.5737013Z > Task :app:compileDebugKotlin
2026-10-05T21:37:17.0742208Z > Task :app:mergeExtDexDebug
2026-10-05T21:38:15.8729370Z 
2026-10-05T21:38:15.8730218Z > Task :app:compileDebugKotlin
2026-10-05T21:38:15.8731689Z w: file:///home/runner/work/hetu/hetu/android-app/app/src/main/java/io/github/xgl34222220/hetu/AutoMirroredIconCompat.kt:9:27 'val Icons.Rounded.ArrowBack: ImageVector' is deprecated. Use the AutoMirrored version at Icons.AutoMirrored.Rounded.ArrowBack.
2026-10-05T21:38:15.8732942Z w: file:///home/runner/work/hetu/hetu/android-app/app/src/main/java/io/github/xgl34222220/hetu/CompactHomeDashboard.kt:345:40 'val Icons.Rounded.Sort: ImageVector' is deprecated. Use the AutoMirrored version at Icons.AutoMirrored.Rounded.Sort.
2026-10-05T21:38:15.8735998Z w: file:///home/runner/work/hetu/hetu/android-app/app/src/main/java/io/github/xgl34222220/hetu/CompactMainActivity.kt:91:42 'val Icons.Rounded.Rule: ImageVector' is deprecated. Use the AutoMirrored version at Icons.AutoMirrored.Rounded.Rule.
2026-10-05T21:38:15.8739035Z w: file:///home/runner/work/hetu/hetu/android-app/app/src/main/java/io/github/xgl34222220/hetu/CompactMainActivity.kt:489:68 'val Icons.Rounded.Rule: ImageVector' is deprecated. Use the AutoMirrored version at Icons.AutoMirrored.Rounded.Rule.
2026-10-05T21:38:15.8741236Z w: file:///home/runner/work/hetu/hetu/android-app/app/src/main/java/io/github/xgl34222220/hetu/ConfigIconCompatRoot.kt:8:27 'val Icons.Rounded.InsertDriveFile: ImageVector' is deprecated. Use the AutoMirrored version at Icons.AutoMirrored.Rounded.InsertDriveFile.
2026-10-05T21:38:15.8743264Z w: file:///home/runner/work/hetu/hetu/android-app/app/src/main/java/io/github/xgl34222220/hetu/CrystalWorkspace.kt:81:47 'val Icons.Rounded.Article: ImageVector' is deprecated. Use the AutoMirrored version at Icons.AutoMirrored.Rounded.Article.
2026-10-05T21:38:15.8745408Z w: file:///home/runner/work/hetu/hetu/android-app/app/src/main/java/io/github/xgl34222220/hetu/EditorWorkbench.kt:86:36 'val Icons.Rounded.Undo: ImageVector' is deprecated. Use the AutoMirrored version at Icons.AutoMirrored.Rounded.Undo.
2026-10-05T21:38:15.8747205Z w: file:///home/runner/work/hetu/hetu/android-app/app/src/main/java/io/github/xgl34222220/hetu/EditorWorkbench.kt:87:36 'val Icons.Rounded.Redo: ImageVector' is deprecated. Use the AutoMirrored version at Icons.AutoMirrored.Rounded.Redo.
2026-10-05T21:38:15.8749191Z w: file:///home/runner/work/hetu/hetu/android-app/app/src/main/java/io/github/xgl34222220/hetu/EditorWorkbench.kt:90:38 'val Icons.Rounded.FormatListBulleted: ImageVector' is deprecated. Use the AutoMirrored version at Icons.AutoMirrored.Rounded.FormatListBulleted.
2026-10-05T21:38:15.8751240Z w: file:///home/runner/work/hetu/hetu/android-app/app/src/main/java/io/github/xgl34222220/hetu/EditorWorkbench.kt:91:36 'val Icons.Rounded.FactCheck: ImageVector' is deprecated. Use the AutoMirrored version at Icons.AutoMirrored.Rounded.FactCheck.
2026-10-05T21:38:15.8752736Z w: file:///home/runner/work/hetu/hetu/android-app/app/src/main/java/io/github/xgl34222220/hetu/EditorWorkbench.kt:143:40 'val Icons.Rounded.Undo: ImageVector' is deprecated. Use the AutoMirrored version at Icons.AutoMirrored.Rounded.Undo.
2026-10-05T21:38:15.8754342Z w: file:///home/runner/work/hetu/hetu/android-app/app/src/main/java/io/github/xgl34222220/hetu/EditorWorkbench.kt:144:40 'val Icons.Rounded.Redo: ImageVector' is deprecated. Use the AutoMirrored version at Icons.AutoMirrored.Rounded.Redo.
2026-10-05T21:38:15.8755968Z w: file:///home/runner/work/hetu/hetu/android-app/app/src/main/java/io/github/xgl34222220/hetu/HetuMainActivity.kt:67:42 'val Icons.Rounded.Rule: ImageVector' is deprecated. Use the AutoMirrored version at Icons.AutoMirrored.Rounded.Rule.
2026-10-05T21:38:15.8757577Z w: file:///home/runner/work/hetu/hetu/android-app/app/src/main/java/io/github/xgl34222220/hetu/HetuMainActivity.kt:351:40 'val Icons.Rounded.Rule: ImageVector' is deprecated. Use the AutoMirrored version at Icons.AutoMirrored.Rounded.Rule.
2026-10-05T21:38:15.8760434Z w: file:///home/runner/work/hetu/hetu/android-app/app/src/main/java/io/github/xgl34222220/hetu/HomeInteraction7.kt:194:9 'constructor(skipPartiallyExpanded: Boolean, positionalThreshold: () -> Float, velocityThreshold: () -> Float, initialValue: SheetValue = ..., confirmValueChange: (SheetValue) -> Boolean = ..., skipHiddenState: Boolean = ...): SheetState' is deprecated. Use the primary constructor that takes a set of enabled values.
2026-10-05T21:38:15.8762410Z w: file:///home/runner/work/hetu/hetu/android-app/app/src/main/java/io/github/xgl34222220/hetu/MonitoringWorkspace.kt:257:26 Condition is always 'true'.
2026-10-05T21:38:15.8763583Z w: file:///home/runner/work/hetu/hetu/android-app/app/src/main/java/io/github/xgl34222220/hetu/MonitoringWorkspace.kt:279:22 Condition is always 'true'.
2026-10-05T21:38:15.8764721Z w: file:///home/runner/work/hetu/hetu/android-app/app/src/main/java/io/github/xgl34222220/hetu/MonitoringWorkspace.kt:395:48 Condition is always 'true'.
2026-10-05T21:38:15.8766342Z w: file:///home/runner/work/hetu/hetu/android-app/app/src/main/java/io/github/xgl34222220/hetu/MotionMaterials12.kt:234:22 'fun <T> updateTransition(transitionState: MutableTransitionState<T>, label: String? = ...): Transition<T>' is deprecated. Use rememberTransition() instead.
2026-10-05T21:38:15.8768396Z w: file:///home/runner/work/hetu/hetu/android-app/app/src/main/java/io/github/xgl34222220/hetu/ProxyAdblockChainActivity.kt:430:103 'val Icons.Rounded.FactCheck: ImageVector' is deprecated. Use the AutoMirrored version at Icons.AutoMirrored.Rounded.FactCheck.
2026-10-05T21:38:15.8770482Z w: file:///home/runner/work/hetu/hetu/android-app/app/src/main/java/io/github/xgl34222220/hetu/ProxyAppSelectionActivity.kt:134:48 'val Icons.Rounded.Sort: ImageVector' is deprecated. Use the AutoMirrored version at Icons.AutoMirrored.Rounded.Sort.
2026-10-05T21:38:15.8772359Z w: file:///home/runner/work/hetu/hetu/android-app/app/src/main/java/io/github/xgl34222220/hetu/ProxyComposeController.kt:579:35 Unnecessary safe call on a non-null receiver of type 'JSONObject'.
2026-10-05T21:38:15.8773884Z w: file:///home/runner/work/hetu/hetu/android-app/app/src/main/java/io/github/xgl34222220/hetu/ProxyLatencyHistory.kt:57:56 Unnecessary non-null assertion (!!) on a non-null receiver of type 'CoreLatencySample'.
2026-10-05T21:38:15.8775451Z w: file:///home/runner/work/hetu/hetu/android-app/app/src/main/java/io/github/xgl34222220/hetu/ProxyLatencyHistory.kt:60:78 Unnecessary non-null assertion (!!) on a non-null receiver of type 'CoreLatencySample'.
2026-10-05T21:38:15.8777247Z w: file:///home/runner/work/hetu/hetu/android-app/app/src/main/java/io/github/xgl34222220/hetu/ProxyLogViewerActivity.kt:474:75 'val Icons.Rounded.Article: ImageVector' is deprecated. Use the AutoMirrored version at Icons.AutoMirrored.Rounded.Article.
2026-10-05T21:38:15.8779099Z w: file:///home/runner/work/hetu/hetu/android-app/app/src/main/java/io/github/xgl34222220/hetu/ProxyLogViewerActivity.kt:618:32 'val Icons.Rounded.Sort: ImageVector' is deprecated. Use the AutoMirrored version at Icons.AutoMirrored.Rounded.Sort.
2026-10-05T21:38:15.8781173Z w: file:///home/runner/work/hetu/hetu/android-app/app/src/main/java/io/github/xgl34222220/hetu/ProxyReferenceExtras.kt:480:44 'val Icons.Rounded.Sort: ImageVector' is deprecated. Use the AutoMirrored version at Icons.AutoMirrored.Rounded.Sort.
2026-10-05T21:38:15.8783029Z w: file:///home/runner/work/hetu/hetu/android-app/app/src/main/java/io/github/xgl34222220/hetu/ProxyReferenceExtras.kt:875:44 'val Icons.Rounded.LibraryBooks: ImageVector' is deprecated. Use the AutoMirrored version at Icons.AutoMirrored.Rounded.LibraryBooks.
2026-10-05T21:38:15.8784892Z w: file:///home/runner/work/hetu/hetu/android-app/app/src/main/java/io/github/xgl34222220/hetu/ProxyReferenceExtras.kt:944:40 'val Icons.Rounded.OpenInNew: ImageVector' is deprecated. Use the AutoMirrored version at Icons.AutoMirrored.Rounded.OpenInNew.
2026-10-05T21:38:15.8786564Z w: file:///home/runner/work/hetu/hetu/android-app/app/src/main/java/io/github/xgl34222220/hetu/ProxySubStoreActivity.kt:295:56 'static field SOFT_INPUT_ADJUST_RESIZE: Int' is deprecated. Deprecated in Java.
2026-10-05T21:38:15.8788685Z w: file:///home/runner/work/hetu/hetu/android-app/app/src/main/java/io/github/xgl34222220/hetu/ProxySubscriptionActivity.kt:869:48 'val Icons.Rounded.FormatListBulleted: ImageVector' is deprecated. Use the AutoMirrored version at Icons.AutoMirrored.Rounded.FormatListBulleted.
2026-10-05T21:38:15.8812306Z w: file:///home/runner/work/hetu/hetu/android-app/app/src/main/java/io/github/xgl34222220/hetu/ReferenceProxyActivity.kt:1491:43 'val Icons.Rounded.Article: ImageVector' is deprecated. Use the AutoMirrored version at Icons.AutoMirrored.Rounded.Article.
2026-10-05T21:38:15.8814272Z w: file:///home/runner/work/hetu/hetu/android-app/app/src/main/java/io/github/xgl34222220/hetu/ReferenceProxyActivity.kt:4131:42 'val Icons.Rounded.Article: ImageVector' is deprecated. Use the AutoMirrored version at Icons.AutoMirrored.Rounded.Article.
2026-10-05T21:38:15.8816192Z w: file:///home/runner/work/hetu/hetu/android-app/app/src/main/java/io/github/xgl34222220/hetu/ReferenceProxyActivity.kt:4167:42 'val Icons.Rounded.AltRoute: ImageVector' is deprecated. Use the AutoMirrored version at Icons.AutoMirrored.Rounded.AltRoute.
2026-10-05T21:38:15.8818242Z w: file:///home/runner/work/hetu/hetu/android-app/app/src/main/java/io/github/xgl34222220/hetu/ReferenceProxyActivity.kt:4536:50 'val LocalClipboardManager: ProvidableCompositionLocal<ClipboardManager>' is deprecated. Use LocalClipboard instead which supports suspend functions.
2026-10-05T21:38:15.8820412Z w: file:///home/runner/work/hetu/hetu/android-app/app/src/main/java/io/github/xgl34222220/hetu/Runtime146FeaturesActivity.kt:85:38 'val Icons.Rounded.Article: ImageVector' is deprecated. Use the AutoMirrored version at Icons.AutoMirrored.Rounded.Article.
2026-10-05T21:38:15.8822551Z w: file:///home/runner/work/hetu/hetu/android-app/app/src/main/java/io/github/xgl34222220/hetu/RuntimeEditorScreen.kt:190:93 'val Icons.Rounded.WrapText: ImageVector' is deprecated. Use the AutoMirrored version at Icons.AutoMirrored.Rounded.WrapText.
2026-10-05T21:38:15.8824428Z w: file:///home/runner/work/hetu/hetu/android-app/app/src/main/java/io/github/xgl34222220/hetu/RuntimeEditorScreen.kt:193:69 'val Icons.Rounded.FactCheck: ImageVector' is deprecated. Use the AutoMirrored version at Icons.AutoMirrored.Rounded.FactCheck.
2026-10-05T21:38:15.8826254Z w: file:///home/runner/work/hetu/hetu/android-app/app/src/main/java/io/github/xgl34222220/hetu/RuntimeEditorScreen.kt:203:87 'val Icons.Rounded.Rule: ImageVector' is deprecated. Use the AutoMirrored version at Icons.AutoMirrored.Rounded.Rule.
2026-10-05T21:38:15.8828100Z w: file:///home/runner/work/hetu/hetu/android-app/app/src/main/java/io/github/xgl34222220/hetu/RuntimeEditorScreen.kt:269:51 'val Icons.Rounded.Undo: ImageVector' is deprecated. Use the AutoMirrored version at Icons.AutoMirrored.Rounded.Undo.
2026-10-05T21:38:15.8844496Z w: file:///home/runner/work/hetu/hetu/android-app/app/src/main/java/io/github/xgl34222220/hetu/RuntimeEditorScreen.kt:270:51 'val Icons.Rounded.Redo: ImageVector' is deprecated. Use the AutoMirrored version at Icons.AutoMirrored.Rounded.Redo.
2026-10-05T21:38:15.9724585Z w: file:///home/runner/work/hetu/hetu/android-app/app/src/main/java/io/github/xgl34222220/hetu/RuntimeEditorScreen.kt:273:53 'val Icons.Rounded.WrapText: ImageVector' is deprecated. Use the AutoMirrored version at Icons.AutoMirrored.Rounded.WrapText.
2026-10-05T21:38:15.9801957Z w: file:///home/runner/work/hetu/hetu/android-app/app/src/main/java/io/github/xgl34222220/hetu/RuntimeEditorScreen.kt:274:53 'val Icons.Rounded.FactCheck: ImageVector' is deprecated. Use the AutoMirrored version at Icons.AutoMirrored.Rounded.FactCheck.
2026-10-05T21:38:15.9809581Z w: file:///home/runner/work/hetu/hetu/android-app/app/src/main/java/io/github/xgl34222220/hetu/SafeWebViewHost.kt:45:56 'static field SOFT_INPUT_ADJUST_RESIZE: Int' is deprecated. Deprecated in Java.
2026-10-05T21:38:15.9841511Z w: file:///home/runner/work/hetu/hetu/android-app/app/src/main/java/io/github/xgl34222220/hetu/SubscriptionHealthSettings.kt:91:22 'fun rememberModalBottomSheetState(skipPartiallyExpanded: Boolean = ..., confirmValueChange: (SheetValue) -> Boolean = ...): SheetState' is deprecated. Use rememberBottomSheetState with Hidden initial value.
2026-10-05T21:38:15.9861651Z w: file:///home/runner/work/hetu/hetu/android-app/app/src/main/java/io/github/xgl34222220/hetu/UiFeedback.kt:52:21 'val LocalClipboardManager: ProvidableCompositionLocal<ClipboardManager>' is deprecated. Use LocalClipboard instead which supports suspend functions.
2026-10-05T21:38:15.9870993Z w: file:///home/runner/work/hetu/hetu/android-app/app/src/main/java/io/github/xgl34222220/hetu/app/ActivityExtras.kt:136:42 'val Icons.Rounded.Article: ImageVector' is deprecated. Use the AutoMirrored version at Icons.AutoMirrored.Rounded.Article.
2026-10-05T21:38:15.9900939Z w: file:///home/runner/work/hetu/hetu/android-app/app/src/main/java/io/github/xgl34222220/hetu/app/AdblockScreen.kt:183:39 'val Icons.Rounded.HelpOutline: ImageVector' is deprecated. Use the AutoMirrored version at Icons.AutoMirrored.Rounded.HelpOutline.
2026-10-05T21:38:15.9931035Z w: file:///home/runner/work/hetu/hetu/android-app/app/src/main/java/io/github/xgl34222220/hetu/app/ConfigIconCompat.kt:12:27 'val Icons.Rounded.InsertDriveFile: ImageVector' is deprecated. Use the AutoMirrored version at Icons.AutoMirrored.Rounded.InsertDriveFile.
2026-10-05T21:38:15.9971192Z w: file:///home/runner/work/hetu/hetu/android-app/app/src/main/java/io/github/xgl34222220/hetu/app/ConnectionsScreen.kt:130:76 'val Icons.Rounded.Sort: ImageVector' is deprecated. Use the AutoMirrored version at Icons.AutoMirrored.Rounded.Sort.
2026-10-05T21:38:15.9991181Z w: file:///home/runner/work/hetu/hetu/android-app/app/src/main/java/io/github/xgl34222220/hetu/app/HxComponents.kt:1050:22 'fun rememberModalBottomSheetState(skipPartiallyExpanded: Boolean = ..., confirmValueChange: (SheetValue) -> Boolean = ...): SheetState' is deprecated. Use rememberBottomSheetState with Hidden initial value.
2026-10-05T21:38:16.0002484Z w: file:///home/runner/work/hetu/hetu/android-app/app/src/main/java/io/github/xgl34222220/hetu/app/HxMotionKit.kt:298:64 Unnecessary non-null assertion (!!) on a non-null receiver of type 'HazeState'.
2026-10-05T21:38:16.0031407Z w: file:///home/runner/work/hetu/hetu/android-app/app/src/main/java/io/github/xgl34222220/hetu/app/PanelOverviewScreen.kt:96:43 'val Icons.Rounded.Sort: ImageVector' is deprecated. Use the AutoMirrored version at Icons.AutoMirrored.Rounded.Sort.
2026-10-05T21:38:16.0033456Z w: file:///home/runner/work/hetu/hetu/android-app/app/src/main/java/io/github/xgl34222220/hetu/app/ProxiesScreen.kt:242:58 'val Icons.Rounded.Sort: ImageVector' is deprecated. Use the AutoMirrored version at Icons.AutoMirrored.Rounded.Sort.
2026-10-05T21:38:16.0035035Z w: file:///home/runner/work/hetu/hetu/android-app/app/src/main/java/io/github/xgl34222220/hetu/app/ProxiesScreen.kt:1147:25 Condition is always 'true'.
2026-10-05T21:38:16.0036309Z w: file:///home/runner/work/hetu/hetu/android-app/app/src/main/java/io/github/xgl34222220/hetu/app/ProxiesScreen.kt:1149:25 Condition is always 'true'.
2026-10-05T21:38:16.0039958Z w: file:///home/runner/work/hetu/hetu/android-app/app/src/main/java/io/github/xgl34222220/hetu/app/RulesScreen.kt:106:59 'val Icons.Rounded.Rule: ImageVector' is deprecated. Use the AutoMirrored version at Icons.AutoMirrored.Rounded.Rule.
2026-10-05T21:38:16.0042215Z w: file:///home/runner/work/hetu/hetu/android-app/app/src/main/java/io/github/xgl34222220/hetu/app/SettingsScreen.kt:599:88 'val Icons.Rounded.AltRoute: ImageVector' is deprecated. Use the AutoMirrored version at Icons.AutoMirrored.Rounded.AltRoute.
2026-10-05T21:38:16.0044479Z w: file:///home/runner/work/hetu/hetu/android-app/app/src/main/java/io/github/xgl34222220/hetu/app/ToolScreens.kt:754:48 'val Icons.Rounded.NoteAdd: ImageVector' is deprecated. Use the AutoMirrored version at Icons.AutoMirrored.Rounded.NoteAdd.
2026-10-05T21:38:16.0047006Z w: file:///home/runner/work/hetu/hetu/android-app/app/src/main/java/io/github/xgl34222220/hetu/home/HomeRoute.kt:160:22 'fun rememberModalBottomSheetState(skipPartiallyExpanded: Boolean = ..., confirmValueChange: (SheetValue) -> Boolean = ...): SheetState' is deprecated. Use rememberBottomSheetState with Hidden initial value.
2026-10-05T21:38:16.0049592Z w: file:///home/runner/work/hetu/hetu/android-app/app/src/main/java/io/github/xgl34222220/hetu/tools/ToolsVpnConsent.kt:40:25 Unnecessary non-null assertion (!!) on a non-null receiver of type 'ActivityResultLauncher<Intent>'.
2026-10-05T21:38:16.0051782Z w: file:///home/runner/work/hetu/hetu/android-app/app/src/main/java/io/github/xgl34222220/hetu/ui/BaiZeIcons.kt:75:43 'val Icons.Outlined.AltRoute: ImageVector' is deprecated. Use the AutoMirrored version at Icons.AutoMirrored.Outlined.AltRoute.
2026-10-05T21:38:16.0053784Z w: file:///home/runner/work/hetu/hetu/android-app/app/src/main/java/io/github/xgl34222220/hetu/ui/BaiZeIcons.kt:83:32 'val Icons.Outlined.Launch: ImageVector' is deprecated. Use the AutoMirrored version at Icons.AutoMirrored.Outlined.Launch.
2026-10-05T21:38:16.0055352Z w: file:///home/runner/work/hetu/hetu/android-app/app/src/main/java/io/github/xgl34222220/hetu/ui/HetuGlassDock.kt:311:25 Expression is unused.
2026-10-05T21:38:16.0056593Z w: file:///home/runner/work/hetu/hetu/android-app/app/src/main/java/io/github/xgl34222220/hetu/ui/HetuMotion.kt:131:13 Expression is unused.
2026-10-05T21:38:16.0057798Z w: file:///home/runner/work/hetu/hetu/android-app/app/src/main/java/io/github/xgl34222220/hetu/ui/HetuMotion.kt:165:13 Expression is unused.
2026-10-05T21:38:16.0059477Z w: file:///home/runner/work/hetu/hetu/android-app/app/src/main/java/io/github/xgl34222220/hetu/ui/HetuUiKit.kt:129:37 'val Icons.Outlined.Article: ImageVector' is deprecated. Use the AutoMirrored version at Icons.AutoMirrored.Outlined.Article.
2026-10-05T21:38:16.0061867Z w: file:///home/runner/work/hetu/hetu/android-app/app/src/main/java/io/github/xgl34222220/hetu/ui/HetuUiKit.kt:134:38 'val Icons.Outlined.AltRoute: ImageVector' is deprecated. Use the AutoMirrored version at Icons.AutoMirrored.Outlined.AltRoute.
2026-10-05T21:38:16.0064164Z w: file:///home/runner/work/hetu/hetu/android-app/app/src/main/java/io/github/xgl34222220/hetu/ui/ReferenceMiuix.kt:30:30 'fun rememberModalBottomSheetState(skipPartiallyExpanded: Boolean = ..., confirmValueChange: (SheetValue) -> Boolean = ...): SheetState' is deprecated. Use rememberBottomSheetState with Hidden initial value.
2026-10-05T21:38:37.3730986Z Note: Some input files use or override a deprecated API.
2026-10-05T21:38:37.3731336Z 
2026-10-05T21:38:37.3760915Z Note: Recompile with -Xlint:deprecation for details.
2026-10-05T21:38:37.3761420Z > Task :app:compileDebugJavaWithJavac
2026-10-05T21:38:39.3731606Z 
2026-10-05T21:38:39.3760912Z > Task :app:processDebugJavaRes
2026-10-05T21:38:39.6742278Z > Task :app:mergeLibDexDebug
2026-10-05T21:38:39.8760939Z > Task :app:checkDebugAarMetadata
2026-10-05T21:38:39.8776649Z > Task :app:mapDebugSourceSetPaths
2026-10-05T21:38:39.9764721Z > Task :app:compileDebugNavigationResources
2026-10-05T21:38:40.8740428Z > Task :app:mergeDebugJavaResource
2026-10-05T21:38:40.8755423Z > Task :app:createDebugCompatibleScreenManifests
2026-10-05T21:38:40.8763278Z > Task :app:extractDeepLinksDebug
2026-10-05T21:38:41.2723937Z > Task :app:mergeDebugResources
2026-10-05T21:38:41.2770498Z > Task :app:processDebugMainManifest
2026-10-05T21:38:41.3723630Z > Task :app:processDebugManifest
2026-10-05T21:38:41.7722682Z > Task :app:mergeDebugJniLibFolders
2026-10-05T21:38:41.9757470Z > Task :app:processDebugManifestForPackage
2026-10-05T21:38:42.1725615Z > Task :app:mergeDebugNativeLibs
2026-10-05T21:38:42.6723354Z > Task :app:processDebugResources
2026-10-05T21:38:43.0730981Z > Task :app:stripDebugDebugSymbols
2026-10-05T21:38:53.5726842Z > Task :app:dexBuilderDebug
2026-10-05T21:38:53.5783739Z > Task :app:validateSigningDebug
2026-10-05T21:38:53.5784180Z > Task :app:writeDebugAppMetadata
2026-10-05T21:38:53.5784550Z > Task :app:writeDebugSigningConfigVersions
2026-10-05T21:38:55.2743318Z > Task :app:mergeProjectDexDebug
2026-10-05T21:38:58.0740977Z > Task :app:packageDebug
2026-10-05T21:38:58.0770489Z > Task :app:createDebugApkListingFileRedirect
2026-10-05T21:38:58.0776785Z > Task :app:assembleDebug
2026-10-05T21:38:58.1563191Z gradle/actions: Writing build results to /home/runner/work/_temp/.gradle-actions/build-results/__run_19-1791236185278.json
2026-10-05T21:38:58.1587042Z 
2026-10-05T21:38:58.1600911Z [Incubating] Problems report is available at: file:///home/runner/work/hetu/hetu/android-app/build/reports/problems/problems-report.html
2026-10-05T21:38:58.1601553Z 
2026-10-05T21:38:58.1601792Z BUILD SUCCESSFUL in 2m 35s
2026-10-05T21:38:58.1602238Z 39 actionable tasks: 39 executed
2026-10-05T21:38:58.1603011Z Consider enabling configuration cache to speed up this build: https://docs.gradle.org/9.5.0/userguide/configuration_cache_enabling.html
2026-10-05T21:38:58.4831587Z ##[group]Run python3 .github/scripts/verify_packaged_runtime.py verify
2026-10-05T21:38:58.4831898Z [36;1mpython3 .github/scripts/verify_packaged_runtime.py verify[0m
2026-10-05T21:38:58.4881332Z shell: /usr/bin/bash -e {0}
2026-10-05T21:38:58.4881500Z env:
2026-10-05T21:38:58.4881675Z   HETU_TEST_KEYSTORE: /home/runner/.android/hetu-ui10-debug.jks
2026-10-05T21:38:58.4881892Z   HETU_EXPECTED_TESTS: 542
2026-10-05T21:38:58.4882053Z   HETU_EXPECTED_TEST_XML_FILES: 56
2026-10-05T21:38:58.4882227Z   HETU_EXPECTED_VERSION: 2086
2026-10-05T21:38:58.4882403Z   HETU_EXPECTED_VERSION_NAME: 0.12.16-v20-fix
2026-10-05T21:38:58.4882644Z   JAVA_HOME: /opt/hostedtoolcache/Java_Temurin-Hotspot_jdk/21.0.12-1/x64
2026-10-05T21:38:58.4882928Z   JAVA_HOME_21_X64: /opt/hostedtoolcache/Java_Temurin-Hotspot_jdk/21.0.12-1/x64
2026-10-05T21:38:58.4883176Z   GRADLE_ACTION_ID: gradle/actions/setup-gradle
2026-10-05T21:38:58.4883507Z   GRADLE_USER_HOME: /home/runner/.gradle
2026-10-05T21:38:58.4883705Z   GRADLE_BUILD_ACTION_SETUP_COMPLETED: true
2026-10-05T21:38:58.4883891Z   GRADLE_BUILD_ACTION_CACHE_RESTORED: true
2026-10-05T21:38:58.4884155Z   DEVELOCITY_INJECTION_INIT_SCRIPT_NAME: gradle-actions.inject-develocity.init.gradle
2026-10-05T21:38:58.4884436Z   DEVELOCITY_INJECTION_CUSTOM_VALUE: gradle-actions
2026-10-05T21:38:58.4884633Z   GITHUB_DEPENDENCY_GRAPH_ENABLED: false
2026-10-05T21:38:58.4884803Z ##[endgroup]
2026-10-05T21:38:59.4611820Z APK runtime verified: all 23 entries match tested source/pinned originals
2026-10-05T21:38:59.4699577Z ##[group]Run python3 .github/scripts/verify_materialkolor_abi.py android-app/app/build/outputs/apk/debug/app-debug.apk --output out/verification/materialkolor-abi.json
2026-10-05T21:38:59.4700406Z [36;1mpython3 .github/scripts/verify_materialkolor_abi.py android-app/app/build/outputs/apk/debug/app-debug.apk --output out/verification/materialkolor-abi.json[0m
2026-10-05T21:38:59.4751724Z shell: /usr/bin/bash -e {0}
2026-10-05T21:38:59.4751891Z env:
2026-10-05T21:38:59.4752072Z   HETU_TEST_KEYSTORE: /home/runner/.android/hetu-ui10-debug.jks
2026-10-05T21:38:59.4752293Z   HETU_EXPECTED_TESTS: 542
2026-10-05T21:38:59.4752455Z   HETU_EXPECTED_TEST_XML_FILES: 56
2026-10-05T21:38:59.4752630Z   HETU_EXPECTED_VERSION: 2086
2026-10-05T21:38:59.4752829Z   HETU_EXPECTED_VERSION_NAME: 0.12.16-v20-fix
2026-10-05T21:38:59.4753076Z   JAVA_HOME: /opt/hostedtoolcache/Java_Temurin-Hotspot_jdk/21.0.12-1/x64
2026-10-05T21:38:59.4753386Z   JAVA_HOME_21_X64: /opt/hostedtoolcache/Java_Temurin-Hotspot_jdk/21.0.12-1/x64
2026-10-05T21:38:59.4753637Z   GRADLE_ACTION_ID: gradle/actions/setup-gradle
2026-10-05T21:38:59.4753833Z   GRADLE_USER_HOME: /home/runner/.gradle
2026-10-05T21:38:59.4754018Z   GRADLE_BUILD_ACTION_SETUP_COMPLETED: true
2026-10-05T21:38:59.4754208Z   GRADLE_BUILD_ACTION_CACHE_RESTORED: true
2026-10-05T21:38:59.4754471Z   DEVELOCITY_INJECTION_INIT_SCRIPT_NAME: gradle-actions.inject-develocity.init.gradle
2026-10-05T21:38:59.4754760Z   DEVELOCITY_INJECTION_CUSTOM_VALUE: gradle-actions
2026-10-05T21:38:59.4754959Z   GITHUB_DEPENDENCY_GRAPH_ENABLED: false
2026-10-05T21:38:59.4755134Z ##[endgroup]
2026-10-05T21:39:00.4036907Z MaterialKolor ABI: 687 constructors, 0 missing; expected-incompatible=False
2026-10-05T21:39:00.4207163Z ##[group]Run python3 .github/scripts/verify_hetu_icons.py apk android-app/app/build/outputs/apk/debug/app-debug.apk
2026-10-05T21:39:00.4207960Z [36;1mpython3 .github/scripts/verify_hetu_icons.py apk android-app/app/build/outputs/apk/debug/app-debug.apk[0m
2026-10-05T21:39:00.4273966Z shell: /usr/bin/bash -e {0}
2026-10-05T21:39:00.4274172Z env:
2026-10-05T21:39:00.4274378Z   HETU_TEST_KEYSTORE: /home/runner/.android/hetu-ui10-debug.jks
2026-10-05T21:39:00.4274620Z   HETU_EXPECTED_TESTS: 542
2026-10-05T21:39:00.4274796Z   HETU_EXPECTED_TEST_XML_FILES: 56
2026-10-05T21:39:00.4274982Z   HETU_EXPECTED_VERSION: 2086
2026-10-05T21:39:00.4275173Z   HETU_EXPECTED_VERSION_NAME: 0.12.16-v20-fix
2026-10-05T21:39:00.4275454Z   JAVA_HOME: /opt/hostedtoolcache/Java_Temurin-Hotspot_jdk/21.0.12-1/x64
2026-10-05T21:39:00.4275763Z   JAVA_HOME_21_X64: /opt/hostedtoolcache/Java_Temurin-Hotspot_jdk/21.0.12-1/x64
2026-10-05T21:39:00.4276034Z   GRADLE_ACTION_ID: gradle/actions/setup-gradle
2026-10-05T21:39:00.4276273Z   GRADLE_USER_HOME: /home/runner/.gradle
2026-10-05T21:39:00.4276468Z   GRADLE_BUILD_ACTION_SETUP_COMPLETED: true
2026-10-05T21:39:00.4276668Z   GRADLE_BUILD_ACTION_CACHE_RESTORED: true
2026-10-05T21:39:00.4276948Z   DEVELOCITY_INJECTION_INIT_SCRIPT_NAME: gradle-actions.inject-develocity.init.gradle
2026-10-05T21:39:00.4277250Z   DEVELOCITY_INJECTION_CUSTOM_VALUE: gradle-actions
2026-10-05T21:39:00.4277461Z   GITHUB_DEPENDENCY_GRAPH_ENABLED: false
2026-10-05T21:39:00.4277647Z ##[endgroup]
2026-10-05T21:39:00.4615880Z ic_hetu_official.webp: 12700 bytes SHA256 ffd1dce1e68a23d47a9a87faf69d94cfbd9dcb428f7cb538fb8ab305199d4fcf verified
2026-10-05T21:39:00.4616482Z ic_hetu_concept.png: 1446228 bytes SHA256 31573825cac7536b442c67e7a8110fd5584715a347d9cc8e9ef50cc66b29d04c verified
2026-10-05T21:39:00.4677848Z ##[group]Run set -euo pipefail
2026-10-05T21:39:00.4678080Z [36;1mset -euo pipefail[0m
2026-10-05T21:39:00.4678417Z [36;1mpython3 ../.github/scripts/functionfix_ci_config.py junit-filters > ../out/verification/function-junit-filter-args.txt[0m
2026-10-05T21:39:00.4678847Z [36;1mmapfile -t FUNCTION_TEST_FILTERS < ../out/verification/function-junit-filter-args.txt[0m
2026-10-05T21:39:00.4679269Z [36;1mgradle --no-daemon --max-workers=2 -Dorg.gradle.jvmargs='-Xmx3g -Dfile.encoding=UTF-8' :app:testDebugUnitTest \[0m
2026-10-05T21:39:00.4679867Z [36;1m  --tests '*RuntimeYaml15Test' --tests '*RuntimeStartup15Test' --tests '*AdblockSnifferTest' \[0m
2026-10-05T21:39:00.4680287Z [36;1m  --tests '*ConceptParity57Test' --tests '*PanelConceptModelTest' --tests '*SettingsConceptParityTest' \[0m
2026-10-05T21:39:00.4681003Z [36;1m  --tests '*CoreManagerConcept57Test' --tests '*SettingsBackupParity57Test' --tests '*ToolsConceptParityTest' --tests '*NativeConceptScreenshotTest' --tests '*SettingsPickerParity58Test' --tests '*LargeTitleParity59Test' --tests '*BootStartup60Test' \[0m
2026-10-05T21:39:00.4683704Z [36;1m  --tests '*ConceptStateCoverageTest' --tests '*ConceptRemainingCoverageTest' --tests '*WanDetails61Test' --tests '*MainLanguageBindingTest' --tests '*PanelLayoutDefaultsTest' --tests '*Runtime146ContractTest' --tests '*PanelModel11Test' --tests '*PanelActionSafetyTest' --tests '*ProxyLatencyRegressionTest' --tests '*DocumentPickerSafetyTest' --tests '*AppCrashReportTest' --tests '*ProxyScriptSafetyTest' --tests '*RootAutostartTest' --tests '*CustomPaletteCompatibilityTest' --tests '*ProxyAdblockExportTest' --tests '*RootHealthUpgradeTest' --tests '*RootNetworkRecoveryTest' --tests '*ProxyNetworkJournalTest' --tests '*NetworkDiagnosticsTest' --tests '*NetworkRecoveryStressTest' --tests '*JournalReliabilityTest' --tests '*NewUiIntegrationTest' --tests '*NewUiShell83Test' --tests '*NewHomePanelInteractionTest' --tests '*UI83ToolsTest' --tests '*UI83EditorHistoryTest' --tests '*ToastFeedbackTest' --tests '*ControllerAuthenticationTest' --tests '*LegacyControllerCredentialTest' --tests '*ControllerReadStateTest' --tests '*PanelControllerErrorTest' --tests '*GoogleConnectionEvidenceTest' --tests '*ToolsPdf85Test' --tests '*ToolsDiagIntakeTest' --tests '*ToolsDnsConsentIntakeTest' "${FUNCTION_TEST_FILTERS[@]}" --stacktrace[0m
2026-10-05T21:39:00.4738774Z shell: /usr/bin/bash -e {0}
2026-10-05T21:39:00.4738954Z env:
2026-10-05T21:39:00.4739149Z   HETU_TEST_KEYSTORE: /home/runner/.android/hetu-ui10-debug.jks
2026-10-05T21:39:00.4739378Z   HETU_EXPECTED_TESTS: 542
2026-10-05T21:39:00.4739551Z   HETU_EXPECTED_TEST_XML_FILES: 56
2026-10-05T21:39:00.4739957Z   HETU_EXPECTED_VERSION: 2086
2026-10-05T21:39:00.4740160Z   HETU_EXPECTED_VERSION_NAME: 0.12.16-v20-fix
2026-10-05T21:39:00.4740415Z   JAVA_HOME: /opt/hostedtoolcache/Java_Temurin-Hotspot_jdk/21.0.12-1/x64
2026-10-05T21:39:00.4740725Z   JAVA_HOME_21_X64: /opt/hostedtoolcache/Java_Temurin-Hotspot_jdk/21.0.12-1/x64
2026-10-05T21:39:00.4740994Z   GRADLE_ACTION_ID: gradle/actions/setup-gradle
2026-10-05T21:39:00.4741197Z   GRADLE_USER_HOME: /home/runner/.gradle
2026-10-05T21:39:00.4741388Z   GRADLE_BUILD_ACTION_SETUP_COMPLETED: true
2026-10-05T21:39:00.4741585Z   GRADLE_BUILD_ACTION_CACHE_RESTORED: true
2026-10-05T21:39:00.4741859Z   DEVELOCITY_INJECTION_INIT_SCRIPT_NAME: gradle-actions.inject-develocity.init.gradle
2026-10-05T21:39:00.4742153Z   DEVELOCITY_INJECTION_CUSTOM_VALUE: gradle-actions
2026-10-05T21:39:00.4742358Z   GITHUB_DEPENDENCY_GRAPH_ENABLED: false
2026-10-05T21:39:00.4742540Z ##[endgroup]
2026-10-05T21:39:00.9934065Z To honour the JVM settings for this build a single-use Daemon process will be forked. For more on this, please refer to https://docs.gradle.org/9.5.0/userguide/gradle_daemon.html#sec:disabling_the_daemon in the Gradle documentation.
2026-10-05T21:39:01.5921213Z Daemon will be stopped at the end of the build 
2026-10-05T21:39:06.3932618Z Configuration 'debugCompileClasspath' was resolved during configuration time.
2026-10-05T21:39:06.3958251Z This is a build performance and scalability issue.
2026-10-05T21:39:06.3959298Z See https://github.com/gradle/gradle/issues/2298
2026-10-05T21:39:06.3959969Z Run with --info for a stacktrace.
2026-10-05T21:39:06.4938135Z Configuration 'debugRuntimeClasspath' was resolved during configuration time.
2026-10-05T21:39:06.4948016Z This is a build performance and scalability issue.
2026-10-05T21:39:06.4948818Z See https://github.com/gradle/gradle/issues/2298
2026-10-05T21:39:06.4949587Z Run with --info for a stacktrace.
2026-10-05T21:39:06.8924233Z > Task :app:preBuild UP-TO-DATE
2026-10-05T21:39:06.8924644Z > Task :app:preDebugBuild UP-TO-DATE
2026-10-05T21:39:06.9951190Z > Task :app:generateDebugBuildConfig UP-TO-DATE
2026-10-05T21:39:06.9970630Z > Task :app:generateDebugResources UP-TO-DATE
2026-10-05T21:39:07.0935072Z > Task :app:prepareLibraryDefinitionsDebug UP-TO-DATE
2026-10-05T21:39:07.0960745Z > Task :app:packageDebugResources UP-TO-DATE
2026-10-05T21:39:07.2920254Z > Task :app:processDebugNavigationResources UP-TO-DATE
2026-10-05T21:39:07.2920815Z > Task :app:parseDebugLocalResources UP-TO-DATE
2026-10-05T21:39:07.2921358Z > Task :app:generateDebugRFile UP-TO-DATE
2026-10-05T21:39:07.5941605Z > Task :app:compileDebugKotlin UP-TO-DATE
2026-10-05T21:39:07.5970595Z > Task :app:javaPreCompileDebug UP-TO-DATE
2026-10-05T21:39:07.6003908Z > Task :app:compileDebugJavaWithJavac UP-TO-DATE
2026-10-05T21:39:07.6023990Z > Task :app:checkDebugAarMetadata UP-TO-DATE
2026-10-05T21:39:07.6070393Z > Task :app:mapDebugSourceSetPaths UP-TO-DATE
2026-10-05T21:39:07.6071250Z > Task :app:compileDebugNavigationResources UP-TO-DATE
2026-10-05T21:39:07.6941079Z > Task :app:mergeDebugResources UP-TO-DATE
2026-10-05T21:39:07.6941850Z > Task :app:createDebugCompatibleScreenManifests UP-TO-DATE
2026-10-05T21:39:07.6970429Z > Task :app:extractDeepLinksDebug UP-TO-DATE
2026-10-05T21:39:07.7920594Z > Task :app:processDebugMainManifest UP-TO-DATE
2026-10-05T21:39:07.7925679Z > Task :app:processDebugManifest UP-TO-DATE
2026-10-05T21:39:07.7926147Z > Task :app:processDebugManifestForPackage UP-TO-DATE
2026-10-05T21:39:07.8951339Z > Task :app:processDebugResources UP-TO-DATE
2026-10-05T21:39:08.0918677Z > Task :app:bundleDebugClassesToCompileJar
2026-10-05T21:39:08.0940930Z > Task :app:preDebugUnitTestBuild UP-TO-DATE
2026-10-05T21:39:08.0941500Z > Task :app:bundleDebugClassesToRuntimeJar
2026-10-05T21:39:10.2934180Z > Task :app:javaPreCompileDebugUnitTest
2026-10-05T21:39:10.2934826Z > Task :app:generateDebugAssets UP-TO-DATE
2026-10-05T21:39:10.2935377Z > Task :app:mergeDebugAssets UP-TO-DATE
2026-10-05T21:39:11.4931127Z > Task :app:packageDebugUnitTestForUnitTest
2026-10-05T21:39:12.2940992Z > Task :app:mergeDebugUnitTestManifest
2026-10-05T21:39:12.2987354Z > Task :app:processDebugUnitTestManifest
2026-10-05T21:39:12.3030537Z > Task :app:generateDebugUnitTestConfig
2026-10-05T21:39:12.3921953Z > Task :app:processDebugJavaRes UP-TO-DATE
2026-10-05T21:39:22.7940761Z 
2026-10-05T21:39:22.7951595Z e: file:///home/runner/work/hetu/hetu/android-app/app/src/test/java/io/github/xgl34222220/hetu/PanelExpansionAnchorTest.kt:101:76 Argument type mismatch: actual type is 'Int', but 'Dp' was expected.
2026-10-05T21:39:22.7953269Z e: file:///home/runner/work/hetu/hetu/android-app/app/src/test/java/io/github/xgl34222220/hetu/PanelExpansionAnchorTest.kt:101:117 Unresolved reference. None of the following candidates is applicable because of a receiver type mismatch:
2026-10-05T21:39:22.7960687Z > Task :app:compileDebugUnitTestKotlin FAILED
2026-10-05T21:39:22.7967519Z val GestureScope.height: Int
2026-10-05T21:39:22.7991390Z e: file:///home/runner/work/hetu/hetu/android-app/app/src/test/java/io/github/xgl34222220/hetu/PanelExpansionAnchorTest.kt:151:82 Unresolved reference. None of the following candidates is applicable because of a receiver type mismatch:
2026-10-05T21:39:22.8020496Z val GestureScope.width: Int
2026-10-05T21:39:22.8043348Z e: file:///home/runner/work/hetu/hetu/android-app/app/src/test/java/io/github/xgl34222220/hetu/PanelExpansionAnchorTest.kt:151:88 None of the following candidates is applicable:
2026-10-05T21:39:22.8045314Z 
2026-10-05T21:39:22.8045503Z fun compareTo(other: Byte): Int:
2026-10-05T21:39:22.8045941Z   Argument type mismatch: actual type is 'Dp', but 'Byte' was expected.
2026-10-05T21:39:22.8046214Z 
2026-10-05T21:39:22.8046369Z fun compareTo(other: Short): Int:
2026-10-05T21:39:22.8046779Z   Argument type mismatch: actual type is 'Dp', but 'Short' was expected.
2026-10-05T21:39:22.8047046Z 
2026-10-05T21:39:22.8047190Z fun compareTo(other: Int): Int:
2026-10-05T21:39:22.8047581Z   Argument type mismatch: actual type is 'Dp', but 'Int' was expected.
2026-10-05T21:39:22.8047841Z 
2026-10-05T21:39:22.8047988Z fun compareTo(other: Long): Int:
2026-10-05T21:39:22.8048410Z   Argument type mismatch: actual type is 'Dp', but 'Long' was expected.
2026-10-05T21:39:22.8054184Z 
2026-10-05T21:39:22.8057313Z fun compareTo(other: Float): Int:
2026-10-05T21:39:22.8057653Z   Argument type mismatch: actual type is 'Dp', but 'Float' was expected.
2026-10-05T21:39:22.8057920Z 
2026-10-05T21:39:22.8063281Z fun compareTo(other: Double): Int:
2026-10-05T21:39:22.8063741Z   Argument type mismatch: actual type is 'Dp', but 'Double' was expected.
2026-10-05T21:39:22.8951202Z gradle/actions: Writing build results to /home/runner/work/_temp/.gradle-actions/build-results/__run_23-1791236342724.json
2026-10-05T21:39:22.8951553Z 
2026-10-05T21:39:22.8951878Z [Incubating] Problems report is available at: file:///home/runner/work/hetu/hetu/android-app/build/reports/problems/problems-report.html
2026-10-05T21:39:22.8980320Z 
2026-10-05T21:39:22.9020594Z FAILURE: Build failed with an exception.
2026-10-05T21:39:22.9021094Z 30 actionable tasks: 8 executed, 22 up-to-date
2026-10-05T21:39:22.9054261Z 
2026-10-05T21:39:22.9054606Z * What went wrong:
2026-10-05T21:39:22.9055400Z Execution failed for task ':app:compileDebugUnitTestKotlin' (registered by plugin 'com.android.internal.application').
2026-10-05T21:39:22.9056498Z > A failure occurred while executing org.jetbrains.kotlin.compilerRunner.btapi.BuildToolsApiCompilationWork
2026-10-05T21:39:22.9057214Z    > Compilation error. See log for more details
2026-10-05T21:39:22.9057602Z 
2026-10-05T21:39:22.9057809Z * Try:
2026-10-05T21:39:22.9058269Z > Run with --info or --debug option to get more log output.
2026-10-05T21:39:22.9058919Z > Run with --scan to get full insights from a Build Scan (powered by Develocity).
2026-10-05T21:39:22.9059502Z > Get more help at https://help.gradle.org.
2026-10-05T21:39:22.9060059Z 
2026-10-05T21:39:22.9060265Z * Exception is:
2026-10-05T21:39:22.9061221Z org.gradle.api.tasks.TaskExecutionException: Execution failed for task ':app:compileDebugUnitTestKotlin' (registered by plugin 'com.android.internal.application').
2026-10-05T21:39:22.9062415Z 	at org.gradle.api.internal.tasks.execution.ExecuteActionsTaskExecuter.lambda$executeIfValid$1(ExecuteActionsTaskExecuter.java:135)
2026-10-05T21:39:22.9063282Z 	at org.gradle.internal.Try$Failure.ifSuccessfulOrElse(Try.java:288)
2026-10-05T21:39:22.9064135Z 	at org.gradle.api.internal.tasks.execution.ExecuteActionsTaskExecuter.executeIfValid(ExecuteActionsTaskExecuter.java:133)
2026-10-05T21:39:22.9065167Z 	at org.gradle.api.internal.tasks.execution.ExecuteActionsTaskExecuter.execute(ExecuteActionsTaskExecuter.java:121)
2026-10-05T21:39:22.9066269Z 	at org.gradle.api.internal.tasks.execution.ProblemsTaskPathTrackingTaskExecuter.execute(ProblemsTaskPathTrackingTaskExecuter.java:41)
2026-10-05T21:39:22.9067396Z 	at org.gradle.api.internal.tasks.execution.ResolveTaskExecutionModeExecuter.execute(ResolveTaskExecutionModeExecuter.java:51)
2026-10-05T21:39:22.9068480Z 	at org.gradle.api.internal.tasks.execution.FinalizePropertiesTaskExecuter.execute(FinalizePropertiesTaskExecuter.java:46)
2026-10-05T21:39:22.9069520Z 	at org.gradle.api.internal.tasks.execution.SkipTaskWithNoActionsExecuter.execute(SkipTaskWithNoActionsExecuter.java:57)
2026-10-05T21:39:22.9071166Z 	at org.gradle.api.internal.tasks.execution.SkipOnlyIfTaskExecuter.execute(SkipOnlyIfTaskExecuter.java:74)
2026-10-05T21:39:22.9072152Z 	at org.gradle.api.internal.tasks.execution.CatchExceptionTaskExecuter.execute(CatchExceptionTaskExecuter.java:36)
2026-10-05T21:39:22.9073142Z 	at org.gradle.api.internal.tasks.execution.EventFiringTaskExecuter$1.executeTask(EventFiringTaskExecuter.java:77)
2026-10-05T21:39:22.9074086Z 	at org.gradle.api.internal.tasks.execution.EventFiringTaskExecuter$1.call(EventFiringTaskExecuter.java:55)
2026-10-05T21:39:22.9075015Z 	at org.gradle.api.internal.tasks.execution.EventFiringTaskExecuter$1.call(EventFiringTaskExecuter.java:52)
2026-10-05T21:39:22.9076047Z 	at org.gradle.internal.operations.DefaultBuildOperationRunner$CallableBuildOperationWorker.execute(DefaultBuildOperationRunner.java:210)
2026-10-05T21:39:22.9077197Z 	at org.gradle.internal.operations.DefaultBuildOperationRunner$CallableBuildOperationWorker.execute(DefaultBuildOperationRunner.java:205)
2026-10-05T21:39:22.9078269Z 	at org.gradle.internal.operations.DefaultBuildOperationRunner$2.execute(DefaultBuildOperationRunner.java:67)
2026-10-05T21:39:22.9079207Z 	at org.gradle.internal.operations.DefaultBuildOperationRunner$2.execute(DefaultBuildOperationRunner.java:60)
2026-10-05T21:39:22.9080228Z 	at org.gradle.internal.operations.DefaultBuildOperationRunner.execute(DefaultBuildOperationRunner.java:167)
2026-10-05T21:39:22.9081154Z 	at org.gradle.internal.operations.DefaultBuildOperationRunner.execute(DefaultBuildOperationRunner.java:60)
2026-10-05T21:39:22.9082077Z 	at org.gradle.internal.operations.DefaultBuildOperationRunner.call(DefaultBuildOperationRunner.java:54)
2026-10-05T21:39:22.9082993Z 	at org.gradle.api.internal.tasks.execution.EventFiringTaskExecuter.execute(EventFiringTaskExecuter.java:52)
2026-10-05T21:39:22.9083883Z 	at org.gradle.execution.plan.DefaultNodeExecutor.executeLocalTaskNode(DefaultNodeExecutor.java:55)
2026-10-05T21:39:22.9084686Z 	at org.gradle.execution.plan.DefaultNodeExecutor.execute(DefaultNodeExecutor.java:34)
2026-10-05T21:39:22.9085642Z 	at org.gradle.execution.taskgraph.DefaultTaskExecutionGraph$InvokeNodeExecutorsAction.execute(DefaultTaskExecutionGraph.java:355)
2026-10-05T21:39:22.9086736Z 	at org.gradle.execution.taskgraph.DefaultTaskExecutionGraph$InvokeNodeExecutorsAction.execute(DefaultTaskExecutionGraph.java:343)
2026-10-05T21:39:22.9087915Z 	at org.gradle.execution.taskgraph.DefaultTaskExecutionGraph$BuildOperationAwareExecutionAction.lambda$execute$0(DefaultTaskExecutionGraph.java:339)
2026-10-05T21:39:22.9088964Z 	at org.gradle.internal.operations.CurrentBuildOperationRef.with(CurrentBuildOperationRef.java:84)
2026-10-05T21:39:22.9090093Z 	at org.gradle.execution.taskgraph.DefaultTaskExecutionGraph$BuildOperationAwareExecutionAction.execute(DefaultTaskExecutionGraph.java:339)
2026-10-05T21:39:22.9091326Z 	at org.gradle.execution.taskgraph.DefaultTaskExecutionGraph$BuildOperationAwareExecutionAction.execute(DefaultTaskExecutionGraph.java:328)
2026-10-05T21:39:22.9092352Z 	at org.gradle.execution.plan.DefaultPlanExecutor$ExecutorWorker.execute(DefaultPlanExecutor.java:459)
2026-10-05T21:39:22.9093187Z 	at org.gradle.execution.plan.DefaultPlanExecutor$ExecutorWorker.run(DefaultPlanExecutor.java:376)
2026-10-05T21:39:22.9094049Z 	at org.gradle.internal.concurrent.ExecutorPolicy$CatchAndRecordFailures.onExecute(ExecutorPolicy.java:64)
2026-10-05T21:39:22.9094896Z 	at org.gradle.internal.concurrent.AbstractManagedExecutor$1.run(AbstractManagedExecutor.java:47)
2026-10-05T21:39:22.9096180Z Caused by: org.gradle.workers.internal.DefaultWorkerExecutor$WorkExecutionException: A failure occurred while executing org.jetbrains.kotlin.compilerRunner.btapi.BuildToolsApiCompilationWork
2026-10-05T21:39:22.9097427Z 	at org.gradle.workers.internal.DefaultWorkerExecutor$WorkItemExecution.waitForCompletion(DefaultWorkerExecutor.java:278)
2026-10-05T21:39:22.9098552Z 	at org.gradle.internal.work.DefaultAsyncWorkTracker.lambda$waitForItemsAndGatherFailures$2(DefaultAsyncWorkTracker.java:132)
2026-10-05T21:39:22.9099786Z 	at org.gradle.internal.Factories$1.create(Factories.java:30)
2026-10-05T21:39:22.9100565Z 	at org.gradle.internal.work.DefaultWorkerLeaseService.lambda$withoutLocksBlocking$3(DefaultWorkerLeaseService.java:390)
2026-10-05T21:39:22.9101416Z 	at org.gradle.internal.work.ResourceLockStatistics$1.measure(ResourceLockStatistics.java:43)
2026-10-05T21:39:22.9102282Z 	at org.gradle.internal.work.DefaultWorkerLeaseService.withoutLocksBlocking(DefaultWorkerLeaseService.java:385)
2026-10-05T21:39:22.9103187Z 	at org.gradle.internal.work.DefaultWorkerLeaseService.blocking(DefaultWorkerLeaseService.java:239)
2026-10-05T21:39:22.9104039Z 	at org.gradle.internal.work.DefaultWorkerLeaseService.blocking(DefaultWorkerLeaseService.java:221)
2026-10-05T21:39:22.9104984Z 	at org.gradle.internal.work.DefaultAsyncWorkTracker.lambda$waitForItemsAndGatherFailures$3(DefaultAsyncWorkTracker.java:128)
2026-10-05T21:39:22.9105761Z 	at org.gradle.internal.Factories$1.create(Factories.java:30)
2026-10-05T21:39:22.9106631Z 	at org.gradle.internal.resources.AbstractResourceLockRegistry.whileDisallowingLockChanges(AbstractResourceLockRegistry.java:50)
2026-10-05T21:39:22.9107739Z 	at org.gradle.internal.work.DefaultWorkerLeaseService.whileDisallowingProjectLockChanges(DefaultWorkerLeaseService.java:244)
2026-10-05T21:39:22.9108785Z 	at org.gradle.internal.work.DefaultAsyncWorkTracker.waitForItemsAndGatherFailures(DefaultAsyncWorkTracker.java:127)
2026-10-05T21:39:22.9109935Z 	at org.gradle.internal.work.DefaultAsyncWorkTracker.waitForItemsAndGatherFailures(DefaultAsyncWorkTracker.java:93)
2026-10-05T21:39:22.9110856Z 	at org.gradle.internal.work.DefaultAsyncWorkTracker.waitForAll(DefaultAsyncWorkTracker.java:79)
2026-10-05T21:39:22.9111713Z 	at org.gradle.internal.work.DefaultAsyncWorkTracker.waitForCompletion(DefaultAsyncWorkTracker.java:67)
2026-10-05T21:39:22.9112527Z 	at org.gradle.api.internal.tasks.execution.TaskExecution$3.run(TaskExecution.java:267)
2026-10-05T21:39:22.9113380Z 	at org.gradle.internal.operations.DefaultBuildOperationRunner$1.execute(DefaultBuildOperationRunner.java:30)
2026-10-05T21:39:22.9114312Z 	at org.gradle.internal.operations.DefaultBuildOperationRunner$1.execute(DefaultBuildOperationRunner.java:27)
2026-10-05T21:39:22.9115234Z 	at org.gradle.internal.operations.DefaultBuildOperationRunner$2.execute(DefaultBuildOperationRunner.java:67)
2026-10-05T21:39:22.9116158Z 	at org.gradle.internal.operations.DefaultBuildOperationRunner$2.execute(DefaultBuildOperationRunner.java:60)
2026-10-05T21:39:22.9117092Z 	at org.gradle.internal.operations.DefaultBuildOperationRunner.execute(DefaultBuildOperationRunner.java:167)
2026-10-05T21:39:22.9118036Z 	at org.gradle.internal.operations.DefaultBuildOperationRunner.execute(DefaultBuildOperationRunner.java:60)
2026-10-05T21:39:22.9118938Z 	at org.gradle.internal.operations.DefaultBuildOperationRunner.run(DefaultBuildOperationRunner.java:48)
2026-10-05T21:39:22.9119893Z 	at org.gradle.api.internal.tasks.execution.TaskExecution.executeAction(TaskExecution.java:244)
2026-10-05T21:39:22.9120728Z 	at org.gradle.api.internal.tasks.execution.TaskExecution.executeActions(TaskExecution.java:227)
2026-10-05T21:39:22.9121655Z 	at org.gradle.api.internal.tasks.execution.TaskExecution.executeWithPreviousOutputFiles(TaskExecution.java:210)
2026-10-05T21:39:22.9122551Z 	at org.gradle.api.internal.tasks.execution.TaskExecution.execute(TaskExecution.java:176)
2026-10-05T21:39:22.9123338Z 	at org.gradle.internal.execution.steps.ExecuteStep.executeInternal(ExecuteStep.java:167)
2026-10-05T21:39:22.9124111Z 	at org.gradle.internal.execution.steps.ExecuteStep.access$000(ExecuteStep.java:47)
2026-10-05T21:39:22.9124836Z 	at org.gradle.internal.execution.steps.ExecuteStep$1.call(ExecuteStep.java:137)
2026-10-05T21:39:22.9125537Z 	at org.gradle.internal.execution.steps.ExecuteStep$1.call(ExecuteStep.java:134)
2026-10-05T21:39:22.9126485Z 	at org.gradle.internal.operations.DefaultBuildOperationRunner$CallableBuildOperationWorker.execute(DefaultBuildOperationRunner.java:210)
2026-10-05T21:39:22.9127962Z 	at org.gradle.internal.operations.DefaultBuildOperationRunner$CallableBuildOperationWorker.execute(DefaultBuildOperationRunner.java:205)
2026-10-05T21:39:22.9129007Z 	at org.gradle.internal.operations.DefaultBuildOperationRunner$2.execute(DefaultBuildOperationRunner.java:67)
2026-10-05T21:39:22.9130066Z 	at org.gradle.internal.operations.DefaultBuildOperationRunner$2.execute(DefaultBuildOperationRunner.java:60)
2026-10-05T21:39:22.9130989Z 	at org.gradle.internal.operations.DefaultBuildOperationRunner.execute(DefaultBuildOperationRunner.java:167)
2026-10-05T21:39:22.9131923Z 	at org.gradle.internal.operations.DefaultBuildOperationRunner.execute(DefaultBuildOperationRunner.java:60)
2026-10-05T21:39:22.9132839Z 	at org.gradle.internal.operations.DefaultBuildOperationRunner.call(DefaultBuildOperationRunner.java:54)
2026-10-05T21:39:22.9133653Z 	at org.gradle.internal.execution.steps.ExecuteStep.execute(ExecuteStep.java:134)
2026-10-05T21:39:22.9134393Z 	at org.gradle.internal.execution.steps.ExecuteStep$Mutable.execute(ExecuteStep.java:80)
2026-10-05T21:39:22.9135211Z 	at org.gradle.internal.execution.steps.CancelExecutionStep.execute(CancelExecutionStep.java:42)
2026-10-05T21:39:22.9136041Z 	at org.gradle.internal.execution.steps.TimeoutStep.executeWithoutTimeout(TimeoutStep.java:75)
2026-10-05T21:39:22.9136804Z 	at org.gradle.internal.execution.steps.TimeoutStep.execute(TimeoutStep.java:55)
2026-10-05T21:39:22.9137654Z 	at org.gradle.internal.execution.steps.PreCreateOutputParentsStep.execute(PreCreateOutputParentsStep.java:51)
2026-10-05T21:39:22.9138630Z 	at org.gradle.internal.execution.steps.PreCreateOutputParentsStep.execute(PreCreateOutputParentsStep.java:29)
2026-10-05T21:39:22.9139618Z 	at org.gradle.internal.execution.steps.RemovePreviousOutputsStep.executeMutable(RemovePreviousOutputsStep.java:67)
2026-10-05T21:39:22.9140735Z 	at org.gradle.internal.execution.steps.RemovePreviousOutputsStep.executeMutable(RemovePreviousOutputsStep.java:39)
2026-10-05T21:39:22.9141592Z 	at org.gradle.internal.execution.steps.MutableStep.execute(MutableStep.java:26)
2026-10-05T21:39:22.9142445Z 	at org.gradle.internal.execution.steps.BroadcastChangingOutputsStep.execute(BroadcastChangingOutputsStep.java:42)
2026-10-05T21:39:22.9143425Z 	at org.gradle.internal.execution.steps.BroadcastChangingOutputsStep.execute(BroadcastChangingOutputsStep.java:24)
2026-10-05T21:39:22.9144430Z 	at org.gradle.internal.execution.steps.CaptureOutputsAfterExecutionStep.execute(CaptureOutputsAfterExecutionStep.java:69)
2026-10-05T21:39:22.9145486Z 	at org.gradle.internal.execution.steps.CaptureOutputsAfterExecutionStep.execute(CaptureOutputsAfterExecutionStep.java:46)
2026-10-05T21:39:22.9146490Z 	at org.gradle.internal.execution.steps.ResolveInputChangesStep.executeMutable(ResolveInputChangesStep.java:39)
2026-10-05T21:39:22.9147450Z 	at org.gradle.internal.execution.steps.ResolveInputChangesStep.executeMutable(ResolveInputChangesStep.java:28)
2026-10-05T21:39:22.9148286Z 	at org.gradle.internal.execution.steps.MutableStep.execute(MutableStep.java:26)
2026-10-05T21:39:22.9149095Z 	at org.gradle.internal.execution.steps.BuildCacheStep.executeWithoutCache(BuildCacheStep.java:189)
2026-10-05T21:39:22.9150074Z 	at org.gradle.internal.execution.steps.BuildCacheStep.lambda$execute$1(BuildCacheStep.java:76)
2026-10-05T21:39:22.9150752Z 	at org.gradle.internal.Either$Right.fold(Either.java:176)
2026-10-05T21:39:22.9151388Z 	at org.gradle.internal.execution.caching.CachingState.fold(CachingState.java:62)
2026-10-05T21:39:22.9152122Z 	at org.gradle.internal.execution.steps.BuildCacheStep.execute(BuildCacheStep.java:74)
2026-10-05T21:39:22.9152878Z 	at org.gradle.internal.execution.steps.BuildCacheStep.execute(BuildCacheStep.java:49)
2026-10-05T21:39:22.9153792Z 	at org.gradle.internal.execution.steps.StoreExecutionStateStep.executeMutable(StoreExecutionStateStep.java:46)
2026-10-05T21:39:22.9154776Z 	at org.gradle.internal.execution.steps.StoreExecutionStateStep.executeMutable(StoreExecutionStateStep.java:35)
2026-10-05T21:39:22.9155814Z 	at org.gradle.internal.execution.steps.MutableStep.execute(MutableStep.java:26)
2026-10-05T21:39:22.9156706Z 	at org.gradle.internal.execution.steps.SkipUpToDateStep.executeBecause(SkipUpToDateStep.java:75)
2026-10-05T21:39:22.9157549Z 	at org.gradle.internal.execution.steps.SkipUpToDateStep.lambda$execute$2(SkipUpToDateStep.java:53)
2026-10-05T21:39:22.9158369Z 	at org.gradle.internal.execution.steps.SkipUpToDateStep.execute(SkipUpToDateStep.java:53)
2026-10-05T21:39:22.9159191Z 	at org.gradle.internal.execution.steps.SkipUpToDateStep.execute(SkipUpToDateStep.java:35)
2026-10-05T21:39:22.9160278Z 	at org.gradle.internal.execution.steps.legacy.MarkSnapshottingInputsFinishedStep.execute(MarkSnapshottingInputsFinishedStep.java:37)
2026-10-05T21:39:22.9161521Z 	at org.gradle.internal.execution.steps.legacy.MarkSnapshottingInputsFinishedStep.execute(MarkSnapshottingInputsFinishedStep.java:27)
2026-10-05T21:39:22.9162656Z 	at org.gradle.internal.execution.steps.ResolveMutableCachingStateStep.executeDelegate(ResolveMutableCachingStateStep.java:70)
2026-10-05T21:39:22.9163836Z 	at org.gradle.internal.execution.steps.ResolveMutableCachingStateStep.executeDelegate(ResolveMutableCachingStateStep.java:32)
2026-10-05T21:39:22.9164914Z 	at org.gradle.internal.execution.steps.AbstractResolveCachingStateStep.execute(AbstractResolveCachingStateStep.java:69)
2026-10-05T21:39:22.9165962Z 	at org.gradle.internal.execution.steps.AbstractResolveCachingStateStep.execute(AbstractResolveCachingStateStep.java:37)
2026-10-05T21:39:22.9166935Z 	at org.gradle.internal.execution.steps.ResolveChangesStep.executeMutable(ResolveChangesStep.java:63)
2026-10-05T21:39:22.9167791Z 	at org.gradle.internal.execution.steps.ResolveChangesStep.executeMutable(ResolveChangesStep.java:34)
2026-10-05T21:39:22.9168584Z 	at org.gradle.internal.execution.steps.MutableStep.execute(MutableStep.java:26)
2026-10-05T21:39:22.9169339Z 	at org.gradle.internal.execution.steps.ValidateStep$Mutable.executeDelegate(ValidateStep.java:79)
2026-10-05T21:39:22.9170261Z 	at org.gradle.internal.execution.steps.ValidateStep$Mutable.executeDelegate(ValidateStep.java:65)
2026-10-05T21:39:22.9171031Z 	at org.gradle.internal.execution.steps.ValidateStep.execute(ValidateStep.java:99)
2026-10-05T21:39:22.9171791Z 	at org.gradle.internal.execution.steps.ValidateStep$Mutable.execute(ValidateStep.java:65)
2026-10-05T21:39:22.9172826Z 	at org.gradle.internal.execution.steps.CaptureMutableStateBeforeExecutionStep.executeMutable(CaptureMutableStateBeforeExecutionStep.java:86)
2026-10-05T21:39:22.9174075Z 	at org.gradle.internal.execution.steps.CaptureMutableStateBeforeExecutionStep.execute(CaptureMutableStateBeforeExecutionStep.java:65)
2026-10-05T21:39:22.9175255Z 	at org.gradle.internal.execution.steps.CaptureMutableStateBeforeExecutionStep.execute(CaptureMutableStateBeforeExecutionStep.java:45)
2026-10-05T21:39:22.9176421Z 	at org.gradle.internal.execution.steps.SkipEmptyMutableWorkStep.executeWithNonEmptySources(SkipEmptyMutableWorkStep.java:210)
2026-10-05T21:39:22.9177496Z 	at org.gradle.internal.execution.steps.SkipEmptyMutableWorkStep.executeMutable(SkipEmptyMutableWorkStep.java:90)
2026-10-05T21:39:22.9178482Z 	at org.gradle.internal.execution.steps.SkipEmptyMutableWorkStep.executeMutable(SkipEmptyMutableWorkStep.java:53)
2026-10-05T21:39:22.9179329Z 	at org.gradle.internal.execution.steps.MutableStep.execute(MutableStep.java:26)
2026-10-05T21:39:22.9180452Z 	at org.gradle.internal.execution.steps.legacy.MarkSnapshottingInputsStartedStep.execute(MarkSnapshottingInputsStartedStep.java:38)
2026-10-05T21:39:22.9181577Z 	at org.gradle.internal.execution.steps.LoadPreviousExecutionStateStep.executeMutable(LoadPreviousExecutionStateStep.java:36)
2026-10-05T21:39:22.9182665Z 	at org.gradle.internal.execution.steps.LoadPreviousExecutionStateStep.executeMutable(LoadPreviousExecutionStateStep.java:23)
2026-10-05T21:39:22.9183550Z 	at org.gradle.internal.execution.steps.MutableStep.execute(MutableStep.java:26)
2026-10-05T21:39:22.9184391Z 	at org.gradle.internal.execution.steps.HandleStaleOutputsStep.executeMutable(HandleStaleOutputsStep.java:77)
2026-10-05T21:39:22.9185688Z 	at org.gradle.internal.execution.steps.HandleStaleOutputsStep.executeMutable(HandleStaleOutputsStep.java:43)
2026-10-05T21:39:22.9186526Z 	at org.gradle.internal.execution.steps.MutableStep.execute(MutableStep.java:26)
2026-10-05T21:39:22.9187424Z 	at org.gradle.internal.execution.steps.AssignMutableWorkspaceStep.lambda$executeMutable$0(AssignMutableWorkspaceStep.java:34)
2026-10-05T21:39:22.9188352Z 	at org.gradle.api.internal.tasks.execution.TaskExecution$4.withWorkspace(TaskExecution.java:305)
2026-10-05T21:39:22.9189280Z 	at org.gradle.internal.execution.steps.AssignMutableWorkspaceStep.executeMutable(AssignMutableWorkspaceStep.java:30)
2026-10-05T21:39:22.9190421Z 	at org.gradle.internal.execution.steps.AssignMutableWorkspaceStep.executeMutable(AssignMutableWorkspaceStep.java:21)
2026-10-05T21:39:22.9191273Z 	at org.gradle.internal.execution.steps.MutableStep.execute(MutableStep.java:26)
2026-10-05T21:39:22.9192056Z 	at org.gradle.internal.execution.steps.ChoosePipelineStep.execute(ChoosePipelineStep.java:40)
2026-10-05T21:39:22.9192878Z 	at org.gradle.internal.execution.steps.ChoosePipelineStep.execute(ChoosePipelineStep.java:23)
2026-10-05T21:39:22.9193884Z 	at org.gradle.internal.execution.steps.ExecuteWorkBuildOperationFiringStep.lambda$execute$2(ExecuteWorkBuildOperationFiringStep.java:67)
2026-10-05T21:39:22.9209487Z 	at org.gradle.internal.execution.steps.ExecuteWorkBuildOperationFiringStep.execute(ExecuteWorkBuildOperationFiringStep.java:67)
2026-10-05T21:39:22.9210951Z 	at org.gradle.internal.execution.steps.ExecuteWorkBuildOperationFiringStep.execute(ExecuteWorkBuildOperationFiringStep.java:39)
2026-10-05T21:39:22.9211929Z 	at org.gradle.internal.execution.steps.IdentityCacheStep.execute(IdentityCacheStep.java:46)
2026-10-05T21:39:22.9212748Z 	at org.gradle.internal.execution.steps.IdentityCacheStep.execute(IdentityCacheStep.java:34)
2026-10-05T21:39:22.9213528Z 	at org.gradle.internal.execution.steps.IdentifyStep.execute(IdentifyStep.java:56)
2026-10-05T21:39:22.9214267Z 	at org.gradle.internal.execution.steps.IdentifyStep.execute(IdentifyStep.java:38)
2026-10-05T21:39:22.9215128Z 	at org.gradle.internal.execution.impl.DefaultExecutionEngine$1.execute(DefaultExecutionEngine.java:68)
2026-10-05T21:39:22.9216097Z 	at org.gradle.api.internal.tasks.execution.ExecuteActionsTaskExecuter.executeIfValid(ExecuteActionsTaskExecuter.java:132)
2026-10-05T21:39:22.9216785Z 	... 30 more
2026-10-05T21:39:22.9217481Z Caused by: org.jetbrains.kotlin.gradle.tasks.CompilationErrorException: Compilation error. See log for more details
2026-10-05T21:39:22.9218425Z 	at org.jetbrains.kotlin.gradle.tasks.TasksUtilsKt.throwExceptionIfCompilationFailed(tasksUtils.kt:21)
2026-10-05T21:39:22.9219423Z 	at org.jetbrains.kotlin.compilerRunner.btapi.BuildToolsApiCompilationWork.execute(BuildToolsApiCompilationWork.kt:320)
2026-10-05T21:39:22.9220394Z 	at org.gradle.workers.internal.DefaultWorkerServer.execute(DefaultWorkerServer.java:68)
2026-10-05T21:39:22.9221130Z 	at org.gradle.workers.internal.NoIsolationWorkerFactory$1$1.create(NoIsolationWorkerFactory.java:64)
2026-10-05T21:39:22.9221960Z 	at org.gradle.workers.internal.NoIsolationWorkerFactory$1$1.create(NoIsolationWorkerFactory.java:61)
2026-10-05T21:39:22.9222809Z 	at org.gradle.internal.classloader.ClassLoaderUtils.executeInClassloader(ClassLoaderUtils.java:102)
2026-10-05T21:39:22.9223704Z 	at org.gradle.workers.internal.NoIsolationWorkerFactory$1.lambda$execute$0(NoIsolationWorkerFactory.java:61)
2026-10-05T21:39:22.9224491Z 	at org.gradle.workers.internal.AbstractWorker$1.call(AbstractWorker.java:44)
2026-10-05T21:39:22.9225162Z 	at org.gradle.workers.internal.AbstractWorker$1.call(AbstractWorker.java:41)
2026-10-05T21:39:22.9226070Z 	at org.gradle.internal.operations.DefaultBuildOperationRunner$CallableBuildOperationWorker.execute(DefaultBuildOperationRunner.java:210)
2026-10-05T21:39:22.9227220Z 	at org.gradle.internal.operations.DefaultBuildOperationRunner$CallableBuildOperationWorker.execute(DefaultBuildOperationRunner.java:205)
2026-10-05T21:39:22.9228545Z 	at org.gradle.internal.operations.DefaultBuildOperationRunner$2.execute(DefaultBuildOperationRunner.java:67)
2026-10-05T21:39:22.9229455Z 	at org.gradle.internal.operations.DefaultBuildOperationRunner$2.execute(DefaultBuildOperationRunner.java:60)
2026-10-05T21:39:22.9230496Z 	at org.gradle.internal.operations.DefaultBuildOperationRunner.execute(DefaultBuildOperationRunner.java:167)
2026-10-05T21:39:22.9231476Z 	at org.gradle.internal.operations.DefaultBuildOperationRunner.execute(DefaultBuildOperationRunner.java:60)
2026-10-05T21:39:22.9232316Z 	at org.gradle.internal.operations.DefaultBuildOperationRunner.call(DefaultBuildOperationRunner.java:54)
2026-10-05T21:39:22.9233164Z 	at org.gradle.workers.internal.AbstractWorker.executeWrappedInBuildOperation(AbstractWorker.java:41)
2026-10-05T21:39:22.9234037Z 	at org.gradle.workers.internal.NoIsolationWorkerFactory$1.execute(NoIsolationWorkerFactory.java:58)
2026-10-05T21:39:22.9234918Z 	at org.gradle.workers.internal.DefaultWorkerExecutor.lambda$submitWork$0(DefaultWorkerExecutor.java:174)
2026-10-05T21:39:22.9235934Z 	at org.gradle.internal.work.DefaultConditionalExecutionQueue$ExecutionRunner.runExecution(DefaultConditionalExecutionQueue.java:191)
2026-10-05T21:39:22.9237082Z 	at org.gradle.internal.work.DefaultConditionalExecutionQueue$ExecutionRunner.access$500(DefaultConditionalExecutionQueue.java:112)
2026-10-05T21:39:22.9238156Z 	at org.gradle.internal.work.DefaultConditionalExecutionQueue$ExecutionRunner$1.run(DefaultConditionalExecutionQueue.java:168)
2026-10-05T21:39:22.9238969Z 	at org.gradle.internal.Factories$1.create(Factories.java:30)
2026-10-05T21:39:22.9239902Z 	at org.gradle.internal.work.DefaultWorkerLeaseService.lambda$withLocksAcquired$0(DefaultWorkerLeaseService.java:280)
2026-10-05T21:39:22.9240702Z 	at org.gradle.internal.work.ResourceLockStatistics$1.measure(ResourceLockStatistics.java:43)
2026-10-05T21:39:22.9241476Z 	at org.gradle.internal.work.DefaultWorkerLeaseService.withLocksAcquired(DefaultWorkerLeaseService.java:278)
2026-10-05T21:39:22.9242338Z 	at org.gradle.internal.work.DefaultWorkerLeaseService.withLocks(DefaultWorkerLeaseService.java:270)
2026-10-05T21:39:22.9243189Z 	at org.gradle.internal.work.DefaultWorkerLeaseService.runAsWorkerThread(DefaultWorkerLeaseService.java:129)
2026-10-05T21:39:22.9244044Z 	at org.gradle.internal.work.DefaultWorkerLeaseService.runAsWorkerThread(DefaultWorkerLeaseService.java:134)
2026-10-05T21:39:22.9244956Z 	at org.gradle.internal.work.DefaultConditionalExecutionQueue$ExecutionRunner.runBatch(DefaultConditionalExecutionQueue.java:163)
2026-10-05T21:39:22.9245953Z 	at org.gradle.internal.work.DefaultConditionalExecutionQueue$ExecutionRunner.run(DefaultConditionalExecutionQueue.java:125)
2026-10-05T21:39:22.9246596Z 	... 2 more
2026-10-05T21:39:22.9246820Z 
2026-10-05T21:39:22.9246924Z 
2026-10-05T21:39:22.9247148Z BUILD FAILED in 22s
2026-10-05T21:39:23.2814312Z ##[error]Process completed with exit code 1.
2026-10-05T21:39:23.2852914Z ##[group]Run actions/upload-artifact@v4
2026-10-05T21:39:23.2853102Z with:
2026-10-05T21:39:23.2853244Z   if-no-files-found: warn
2026-10-05T21:39:23.2853412Z   name: Hetu-V20.86-UI-verification
2026-10-05T21:39:23.2854379Z   path: android-app/app/build/test-results/testDebugUnitTest/
android-app/app/build/reports/tests/testDebugUnitTest/
android-app/app/build/reports/lint-results-debug.*
android-app/app/build/outputs/pdf85/
android-app/app/build/outputs/ui83/
android-app/app/build/outputs/concept59/
android-app/app/build/outputs/concept-state-coverage/
android-app/app/build/outputs/concept-remaining-coverage/
out/verification/
docs/qa/concept-173-current.json
docs/qa/concept-173-current.md

2026-10-05T21:39:23.2855328Z   compression-level: 6
2026-10-05T21:39:23.2855479Z   overwrite: false
2026-10-05T21:39:23.2855629Z   include-hidden-files: false
2026-10-05T21:39:23.2855794Z env:
2026-10-05T21:39:23.2855972Z   HETU_TEST_KEYSTORE: /home/runner/.android/hetu-ui10-debug.jks
2026-10-05T21:39:23.2856325Z   HETU_EXPECTED_TESTS: 542
2026-10-05T21:39:23.2856491Z   HETU_EXPECTED_TEST_XML_FILES: 56
2026-10-05T21:39:23.2856671Z   HETU_EXPECTED_VERSION: 2086
2026-10-05T21:39:23.2856851Z   HETU_EXPECTED_VERSION_NAME: 0.12.16-v20-fix
2026-10-05T21:39:23.2857099Z   JAVA_HOME: /opt/hostedtoolcache/Java_Temurin-Hotspot_jdk/21.0.12-1/x64
2026-10-05T21:39:23.2857390Z   JAVA_HOME_21_X64: /opt/hostedtoolcache/Java_Temurin-Hotspot_jdk/21.0.12-1/x64
2026-10-05T21:39:23.2857647Z   GRADLE_ACTION_ID: gradle/actions/setup-gradle
2026-10-05T21:39:23.2857841Z   GRADLE_USER_HOME: /home/runner/.gradle
2026-10-05T21:39:23.2858029Z   GRADLE_BUILD_ACTION_SETUP_COMPLETED: true
2026-10-05T21:39:23.2858220Z   GRADLE_BUILD_ACTION_CACHE_RESTORED: true
2026-10-05T21:39:23.2858487Z   DEVELOCITY_INJECTION_INIT_SCRIPT_NAME: gradle-actions.inject-develocity.init.gradle
2026-10-05T21:39:23.2858772Z   DEVELOCITY_INJECTION_CUSTOM_VALUE: gradle-actions
2026-10-05T21:39:23.2858974Z   GITHUB_DEPENDENCY_GRAPH_ENABLED: false
2026-10-05T21:39:23.2859154Z ##[endgroup]
2026-10-05T21:39:23.3958389Z (node:16452) [DEP0040] DeprecationWarning: The `punycode` module is deprecated. Please use a userland alternative instead.
2026-10-05T21:39:23.3958864Z (Use `node --trace-deprecation ...` to show where the warning was created)
2026-10-05T21:39:23.4050891Z Multiple search paths detected. Calculating the least common ancestor of all paths
2026-10-05T21:39:23.4053165Z The least common ancestor is /home/runner/work/hetu/hetu. This will be the root directory of the artifact
2026-10-05T21:39:23.4053673Z With the provided path, there will be 41 files uploaded
2026-10-05T21:39:23.4056572Z Artifact name is valid!
2026-10-05T21:39:23.4056836Z Root directory input is valid!
2026-10-05T21:39:23.8108140Z Beginning upload of artifact content to blob storage
2026-10-05T21:39:23.8549345Z (node:16452) [DEP0169] DeprecationWarning: `url.parse()` behavior is not standardized and prone to errors that have security implications. Use the WHATWG URL API instead. CVEs are not issued for `url.parse()` vulnerabilities.
2026-10-05T21:39:24.5037588Z Uploaded bytes 457139
2026-10-05T21:39:24.5833149Z Finished uploading artifact content to blob storage!
2026-10-05T21:39:24.5833853Z SHA256 digest of uploaded artifact zip is 90ea4e0556f10e7e295cc2367a435f16f2d9ec8613f1ea4e043b7df4fd77f0a4
2026-10-05T21:39:24.5834418Z Finalizing artifact upload
2026-10-05T21:39:24.8616774Z Artifact Hetu-V20.86-UI-verification.zip successfully finalized. Artifact ID 11371912720
2026-10-05T21:39:24.8617284Z Artifact Hetu-V20.86-UI-verification has been successfully uploaded! Final size is 457139 bytes. Artifact ID is 11371912720
2026-10-05T21:39:24.8622153Z Artifact download URL: https://github.com/xgl34222220-ops/hetu/actions/runs/37376676669/artifacts/11371912720
2026-10-05T21:39:24.8809871Z Post job cleanup.
2026-10-05T21:39:25.0252211Z In post-action step
2026-10-05T21:39:25.0258950Z Cache is read-only: will not save state for use in subsequent builds.
2026-10-05T21:39:25.0262519Z Generating Job Summary
2026-10-05T21:39:25.0274546Z Completed post-action step
2026-10-05T21:39:25.0432828Z Post job cleanup.
2026-10-05T21:39:25.1312379Z (node:16477) [DEP0040] DeprecationWarning: The `punycode` module is deprecated. Please use a userland alternative instead.
2026-10-05T21:39:25.1312870Z (Use `node --trace-deprecation ...` to show where the warning was created)
2026-10-05T21:39:25.1455063Z Post job cleanup.
2026-10-05T21:39:25.2021207Z [command]/usr/bin/git version
2026-10-05T21:39:25.2054922Z git version 2.55.0
2026-10-05T21:39:25.2079946Z Temporarily overriding HOME='/home/runner/work/_temp/f7bc5a7c-1cae-4f25-b42a-0a143687e76c' before making global git config changes
2026-10-05T21:39:25.2080886Z Adding repository directory to the temporary git global config as a safe directory
2026-10-05T21:39:25.2084161Z [command]/usr/bin/git config --global --add safe.directory /home/runner/work/hetu/hetu
2026-10-05T21:39:25.2117720Z [command]/usr/bin/git config --local --name-only --get-regexp core\.sshCommand
2026-10-05T21:39:25.2146272Z [command]/usr/bin/git submodule foreach --recursive sh -c "git config --local --name-only --get-regexp 'core\.sshCommand' && git config --local --unset-all 'core.sshCommand' || :"
2026-10-05T21:39:25.2361020Z [command]/usr/bin/git config --local --name-only --get-regexp http\.https\:\/\/github\.com\/\.extraheader
2026-10-05T21:39:25.2385380Z http.https://github.com/.extraheader
2026-10-05T21:39:25.2393898Z [command]/usr/bin/git config --local --unset-all http.https://github.com/.extraheader
2026-10-05T21:39:25.2428332Z [command]/usr/bin/git submodule foreach --recursive sh -c "git config --local --name-only --get-regexp 'http\.https\:\/\/github\.com\/\.extraheader' && git config --local --unset-all 'http.https://github.com/.extraheader' || :"
2026-10-05T21:39:25.2619600Z [command]/usr/bin/git config --local --name-only --get-regexp ^includeIf\.gitdir:
2026-10-05T21:39:25.2649422Z [command]/usr/bin/git submodule foreach --recursive git config --local --show-origin --name-only --get-regexp remote.origin.url
2026-10-05T21:39:25.2939290Z Cleaning up orphan processes
2026-10-05T21:39:25.3123947Z ##[warning]Node.js 20 is deprecated. The following actions target Node.js 20 but are being forced to run on Node.js 24: actions/cache/restore@v4, actions/checkout@v4, actions/setup-java@v4, actions/setup-node@v4, actions/upload-artifact@v4, gradle/actions/setup-gradle@v4. For more information see: https://github.blog/changelog/2025-09-19-deprecation-of-node-20-on-github-actions-runners/
