2026-10-05T21:45:01.6845009Z Current runner version: '2.337.0'
2026-10-05T21:45:01.6866642Z ##[group]Runner Image Provisioner
2026-10-05T21:45:01.6867391Z Hosted Compute Agent
2026-10-05T21:45:01.6867865Z Version: 20260901.588
2026-10-05T21:45:01.6868458Z Commit: f88ec8081b781fac6c440065ac7ff9e710ce3d0b
2026-10-05T21:45:01.6869042Z Build Date: 2026-09-01T19:56:44Z
2026-10-05T21:45:01.6869653Z Worker ID: {eb027c83-a506-43c4-bad1-cdf601cc7f76}
2026-10-05T21:45:01.6870259Z Azure Region: eastus
2026-10-05T21:45:01.6870852Z ##[endgroup]
2026-10-05T21:45:01.6872364Z ##[group]Operating System
2026-10-05T21:45:01.6872885Z Ubuntu
2026-10-05T21:45:01.6873345Z 24.04.5
2026-10-05T21:45:01.6873785Z LTS
2026-10-05T21:45:01.6874209Z ##[endgroup]
2026-10-05T21:45:01.6874925Z ##[group]Runner Image
2026-10-05T21:45:01.6875419Z Image: ubuntu-24.04
2026-10-05T21:45:01.6875956Z Version: 20260927.320.1
2026-10-05T21:45:01.6876977Z Included Software: https://github.com/actions/runner-images/blob/ubuntu24/20260927.320/images/ubuntu/Ubuntu2404-Readme.md
2026-10-05T21:45:01.6878326Z Image Release: https://github.com/actions/runner-images/releases/tag/ubuntu24%2F20260927.320
2026-10-05T21:45:01.6879114Z ##[endgroup]
2026-10-05T21:45:01.6880179Z ##[group]GITHUB_TOKEN Permissions
2026-10-05T21:45:01.6882375Z Actions: read
2026-10-05T21:45:01.6882975Z Contents: read
2026-10-05T21:45:01.6883437Z Metadata: read
2026-10-05T21:45:01.6883886Z ##[endgroup]
2026-10-05T21:45:01.6885693Z Secret source: Actions
2026-10-05T21:45:01.6886452Z Cache mode: write
2026-10-05T21:45:01.6887204Z Prepare workflow directory
2026-10-05T21:45:01.7196896Z Prepare all required actions
2026-10-05T21:45:01.7236720Z Getting action download info
2026-10-05T21:45:01.9821815Z Download action repository 'actions/checkout@v4' (SHA:11d5960a326750d5838078e36cf38b85af677262)
2026-10-05T21:45:02.0905420Z Download action repository 'actions/setup-node@v4' (SHA:49933ea5288caeca8642d1e84afbd3f7d6820020)
2026-10-05T21:45:02.2050775Z Download action repository 'actions/setup-java@v4' (SHA:cf277c60eb25467037889841efdb72551f06f6c3)
2026-10-05T21:45:02.4957560Z Download action repository 'actions/cache@v4' (SHA:0057852bfaa89a56745cba8c7296529d2fc39830)
2026-10-05T21:45:02.6947812Z Download action repository 'gradle/actions@v4' (SHA:ed408507eac070d1f99cc633dbcf757c94c7933a)
2026-10-05T21:45:03.7065405Z Download action repository 'actions/upload-artifact@v4' (SHA:ea165f8d65b6e75b540449e92b4886f43607fa02)
2026-10-05T21:45:03.9995832Z Complete job name: build
2026-10-05T21:45:04.0670581Z ##[group]Run actions/checkout@v4
2026-10-05T21:45:04.0671469Z with:
2026-10-05T21:45:04.0671724Z   repository: xgl34222220-ops/hetu
2026-10-05T21:45:04.0674074Z   token: ***
2026-10-05T21:45:04.0674302Z   ssh-strict: true
2026-10-05T21:45:04.0674541Z   ssh-user: git
2026-10-05T21:45:04.0674766Z   persist-credentials: true
2026-10-05T21:45:04.0675012Z   clean: true
2026-10-05T21:45:04.0675237Z   sparse-checkout-cone-mode: true
2026-10-05T21:45:04.0675487Z   fetch-depth: 1
2026-10-05T21:45:04.0675711Z   fetch-tags: false
2026-10-05T21:45:04.0675960Z   show-progress: true
2026-10-05T21:45:04.0676194Z   lfs: false
2026-10-05T21:45:04.0676400Z   submodules: false
2026-10-05T21:45:04.0676617Z   set-safe-directory: true
2026-10-05T21:45:04.0676872Z   allow-unsafe-pr-checkout: false
2026-10-05T21:45:04.0677325Z env:
2026-10-05T21:45:04.0677610Z   HETU_TEST_KEYSTORE: /home/runner/.android/hetu-ui10-debug.jks
2026-10-05T21:45:04.0677933Z ##[endgroup]
2026-10-05T21:45:04.1495866Z Syncing repository: xgl34222220-ops/hetu
2026-10-05T21:45:04.1497236Z ##[group]Getting Git version info
2026-10-05T21:45:04.1515275Z Working directory is '/home/runner/work/hetu/hetu'
2026-10-05T21:45:04.1516127Z [command]/usr/bin/git version
2026-10-05T21:45:04.2352670Z git version 2.55.0
2026-10-05T21:45:04.2368436Z ##[endgroup]
2026-10-05T21:45:04.2382023Z Temporarily overriding HOME='/home/runner/work/_temp/22a7c722-e9e1-4866-b628-d36427b65c6e' before making global git config changes
2026-10-05T21:45:04.2383136Z Adding repository directory to the temporary git global config as a safe directory
2026-10-05T21:45:04.2387441Z [command]/usr/bin/git config --global --add safe.directory /home/runner/work/hetu/hetu
2026-10-05T21:45:04.2435146Z Deleting the contents of '/home/runner/work/hetu/hetu'
2026-10-05T21:45:04.2438985Z ##[group]Initializing the repository
2026-10-05T21:45:04.2442440Z [command]/usr/bin/git init /home/runner/work/hetu/hetu
2026-10-05T21:45:04.2517754Z hint: Using 'master' as the name for the initial branch. This default branch name
2026-10-05T21:45:04.2518606Z hint: will change to "main" in Git 3.0. To configure the initial branch name
2026-10-05T21:45:04.2519298Z hint: to use in all of your new repositories, which will suppress this warning,
2026-10-05T21:45:04.2519875Z hint: call:
2026-10-05T21:45:04.2520184Z hint:
2026-10-05T21:45:04.2520966Z hint: 	git config --global init.defaultBranch <name>
2026-10-05T21:45:04.2521438Z hint:
2026-10-05T21:45:04.2521888Z hint: Names commonly chosen instead of 'master' are 'main', 'trunk' and
2026-10-05T21:45:04.2522369Z hint: 'development'. The just-created branch can be renamed via this command:
2026-10-05T21:45:04.2522739Z hint:
2026-10-05T21:45:04.2522961Z hint: 	git branch -m <name>
2026-10-05T21:45:04.2523217Z hint:
2026-10-05T21:45:04.2523566Z hint: Disable this message with "git config set advice.defaultBranchName false"
2026-10-05T21:45:04.2524076Z Initialized empty Git repository in /home/runner/work/hetu/hetu/.git/
2026-10-05T21:45:04.2528955Z [command]/usr/bin/git remote add origin https://github.com/xgl34222220-ops/hetu
2026-10-05T21:45:04.2750537Z ##[endgroup]
2026-10-05T21:45:04.2751245Z ##[group]Disabling automatic garbage collection
2026-10-05T21:45:04.2755689Z [command]/usr/bin/git config --local gc.auto 0
2026-10-05T21:45:04.2796539Z ##[endgroup]
2026-10-05T21:45:04.2797148Z ##[group]Setting up auth
2026-10-05T21:45:04.2797737Z [command]/usr/bin/git config --local --name-only --get-regexp core\.sshCommand
2026-10-05T21:45:04.2828800Z [command]/usr/bin/git submodule foreach --recursive sh -c "git config --local --name-only --get-regexp 'core\.sshCommand' && git config --local --unset-all 'core.sshCommand' || :"
2026-10-05T21:45:04.3117624Z [command]/usr/bin/git config --local --name-only --get-regexp http\.https\:\/\/github\.com\/\.extraheader
2026-10-05T21:45:04.3149915Z [command]/usr/bin/git submodule foreach --recursive sh -c "git config --local --name-only --get-regexp 'http\.https\:\/\/github\.com\/\.extraheader' && git config --local --unset-all 'http.https://github.com/.extraheader' || :"
2026-10-05T21:45:04.3346826Z [command]/usr/bin/git config --local --name-only --get-regexp ^includeIf\.gitdir:
2026-10-05T21:45:04.3377695Z [command]/usr/bin/git submodule foreach --recursive git config --local --show-origin --name-only --get-regexp remote.origin.url
2026-10-05T21:45:04.3576148Z [command]/usr/bin/git config --local http.https://github.com/.extraheader AUTHORIZATION: basic ***
2026-10-05T21:45:04.3614437Z ##[endgroup]
2026-10-05T21:45:04.3614925Z ##[group]Fetching the repository
2026-10-05T21:45:04.3622207Z [command]/usr/bin/git -c protocol.version=2 fetch --no-tags --prune --no-recurse-submodules --depth=1 origin +3b68da93082e43263e2cfae8011c05fa7fdcff14:refs/remotes/origin/test/v20.76-new-ui
2026-10-05T21:45:05.8666924Z From https://github.com/xgl34222220-ops/hetu
2026-10-05T21:45:05.8667852Z  * [new ref]         3b68da93082e43263e2cfae8011c05fa7fdcff14 -> origin/test/v20.76-new-ui
2026-10-05T21:45:05.8670944Z ##[endgroup]
2026-10-05T21:45:05.8671527Z ##[group]Determining the checkout info
2026-10-05T21:45:05.8673885Z ##[endgroup]
2026-10-05T21:45:05.8680242Z [command]/usr/bin/git sparse-checkout disable
2026-10-05T21:45:05.8728381Z [command]/usr/bin/git config --local --unset-all extensions.worktreeConfig
2026-10-05T21:45:05.8757200Z ##[group]Checking out the ref
2026-10-05T21:45:05.8762406Z [command]/usr/bin/git checkout --progress --force -B test/v20.76-new-ui refs/remotes/origin/test/v20.76-new-ui
2026-10-05T21:45:06.0029140Z Switched to a new branch 'test/v20.76-new-ui'
2026-10-05T21:45:06.0031840Z branch 'test/v20.76-new-ui' set up to track 'origin/test/v20.76-new-ui'.
2026-10-05T21:45:06.0042399Z ##[endgroup]
2026-10-05T21:45:06.0084676Z [command]/usr/bin/git log -1 --format=%H
2026-10-05T21:45:06.0108552Z 3b68da93082e43263e2cfae8011c05fa7fdcff14
2026-10-05T21:45:06.0328471Z ##[group]Run actions/setup-node@v4
2026-10-05T21:45:06.0328756Z with:
2026-10-05T21:45:06.0328927Z   node-version: 24
2026-10-05T21:45:06.0329108Z   always-auth: false
2026-10-05T21:45:06.0329290Z   check-latest: false
2026-10-05T21:45:06.0331559Z   token: ***
2026-10-05T21:45:06.0331742Z env:
2026-10-05T21:45:06.0331975Z   HETU_TEST_KEYSTORE: /home/runner/.android/hetu-ui10-debug.jks
2026-10-05T21:45:06.0332254Z ##[endgroup]
2026-10-05T21:45:06.2861326Z (node:2088) [DEP0040] DeprecationWarning: The `punycode` module is deprecated. Please use a userland alternative instead.
2026-10-05T21:45:06.2862306Z (Use `node --trace-deprecation ...` to show where the warning was created)
2026-10-05T21:45:06.2869398Z Found in cache @ /opt/hostedtoolcache/node/24.21.0/x64
2026-10-05T21:45:06.2870683Z ##[group]Environment details
2026-10-05T21:45:06.5739874Z node: v24.21.0
2026-10-05T21:45:06.5740227Z npm: 11.19.0
2026-10-05T21:45:06.5740860Z yarn: 1.22.22
2026-10-05T21:45:06.5742641Z ##[endgroup]
2026-10-05T21:45:06.5866516Z ##[group]Run set -euo pipefail
2026-10-05T21:45:06.5866842Z [36;1mset -euo pipefail[0m
2026-10-05T21:45:06.5867194Z [36;1mgit fetch --no-tags --depth=1 origin 1dbe40cc4e312c230524092dfe32a2c6cfb5f25d[0m
2026-10-05T21:45:06.5867630Z [36;1mgit fetch --no-tags --depth=1 origin 2730954591393c1b81f747cef72adb8940c5a82c[0m
2026-10-05T21:45:06.5868042Z [36;1mgit fetch --no-tags --depth=1 origin ec211b9ad81748dee30fec43f0a25849559e4623[0m
2026-10-05T21:45:06.5868434Z [36;1mpython3 .github/scripts/functionfix_ci_config.py export[0m
2026-10-05T21:45:06.6184851Z shell: /usr/bin/bash -e {0}
2026-10-05T21:45:06.6185110Z env:
2026-10-05T21:45:06.6185358Z   HETU_TEST_KEYSTORE: /home/runner/.android/hetu-ui10-debug.jks
2026-10-05T21:45:06.6185691Z ##[endgroup]
2026-10-05T21:45:06.9797134Z From https://github.com/xgl34222220-ops/hetu
2026-10-05T21:45:06.9797595Z  * branch            1dbe40cc4e312c230524092dfe32a2c6cfb5f25d -> FETCH_HEAD
2026-10-05T21:45:07.4133446Z From https://github.com/xgl34222220-ops/hetu
2026-10-05T21:45:07.4133907Z  * branch            2730954591393c1b81f747cef72adb8940c5a82c -> FETCH_HEAD
2026-10-05T21:45:07.7468008Z From https://github.com/xgl34222220-ops/hetu
2026-10-05T21:45:07.7468675Z  * branch            ec211b9ad81748dee30fec43f0a25849559e4623 -> FETCH_HEAD
2026-10-05T21:45:07.7861026Z {"HETU_EXPECTED_TESTS": 542, "HETU_EXPECTED_TEST_XML_FILES": 56, "HETU_EXPECTED_VERSION": 2086, "HETU_EXPECTED_VERSION_NAME": "0.12.16-v20-fix"}
2026-10-05T21:45:07.7947168Z ##[group]Run set -euo pipefail
2026-10-05T21:45:07.7947453Z [36;1mset -euo pipefail[0m
2026-10-05T21:45:07.7947691Z [36;1mmkdir -p "$RUNNER_TEMP/hetu-v2081-source"[0m
2026-10-05T21:45:07.7948189Z [36;1mgh run download 37171744564 --repo "$GITHUB_REPOSITORY" --name Hetu-V20.81-effective-source --dir "$RUNNER_TEMP/hetu-v2081-source"[0m
2026-10-05T21:45:07.7948785Z [36;1mARCHIVE="$RUNNER_TEMP/hetu-v2081-source/Hetu-V20.81-effective-source.tar.gz"[0m
2026-10-05T21:45:07.7949234Z [36;1m# Only ignored native binaries are restored; all effective source is checked in.[0m
2026-10-05T21:45:07.7949578Z [36;1mpython3 - "$ARCHIVE" <<'PYINNER'[0m
2026-10-05T21:45:07.7949814Z [36;1mimport hashlib,sys,tarfile[0m
2026-10-05T21:45:07.7950041Z [36;1mfrom pathlib import Path[0m
2026-10-05T21:45:07.7950256Z [36;1mp=Path(sys.argv[1])[0m
2026-10-05T21:45:07.7950971Z [36;1massert hashlib.sha256(p.read_bytes()).hexdigest()=='6190b4fd4fcd011cae77e81cdd33b5270e557194c56bf88d0a824d74d811b730'[0m
2026-10-05T21:45:07.7951410Z [36;1mwith tarfile.open(p) as z:[0m
2026-10-05T21:45:07.7951625Z [36;1m for m in z.getmembers():[0m
2026-10-05T21:45:07.7952264Z [36;1m  if m.isfile() and (m.name.startswith('android-app/app/src/main/jniLibs/') or m.name.startswith('android-app/app/src/main/assets/mihomo-root/') or m.name=='android-app/app/src/main/assets/mihomo-revision.txt'):[0m
2026-10-05T21:45:07.7953248Z [36;1m   q=Path(m.name);q.parent.mkdir(parents=True,exist_ok=True);q.write_bytes(z.extractfile(m).read())[0m
2026-10-05T21:45:07.7953610Z [36;1mPYINNER[0m
2026-10-05T21:45:07.7953860Z [36;1mpython3 .github/scripts/prepare_new_ui_source.py "$ARCHIVE"[0m
2026-10-05T21:45:07.7954241Z [36;1mpython3 .github/scripts/functionfix_ci_config.py runtime-snapshot[0m
2026-10-05T21:45:07.7954591Z [36;1msh -n android-app/app/src/main/assets/hetu-root.sh[0m
2026-10-05T21:45:07.7954909Z [36;1msh -n android-app/app/src/main/assets/hetu-autostart.sh[0m
2026-10-05T21:45:07.7955311Z [36;1mpython3 tools/qa/test_root_health.py 2>&1 | tee out/verification/root-health-tests.txt[0m
2026-10-05T21:45:07.7955796Z [36;1mpython3 tools/qa/test_google_firewall.py 2>&1 | tee out/verification/google-firewall-tests.txt[0m
2026-10-05T21:45:07.7956288Z [36;1mpython3 tools/qa/test_root_autostart.py 2>&1 | tee out/verification/root-autostart-tests.txt[0m
2026-10-05T21:45:07.7956974Z [36;1mpython3 tools/qa/test_network_recovery_stress.py --before out/verification/v2078-network-service.java --output out/verification/network-recovery-stress.json[0m
2026-10-05T21:45:07.7957794Z [36;1mpython3 tools/qa/test_network_journal_stress.py --before out/verification/v2079-network-journal.java --output out/verification/network-journal-stress.json[0m
2026-10-05T21:45:07.7958600Z [36;1mpython3 tools/qa/test_network_journal_symbols.py --before out/verification/v2080-network-journal.java --output out/verification/network-journal-symbols.json[0m
2026-10-05T21:45:07.8015902Z shell: /usr/bin/bash -e {0}
2026-10-05T21:45:07.8016126Z env:
2026-10-05T21:45:07.8016358Z   HETU_TEST_KEYSTORE: /home/runner/.android/hetu-ui10-debug.jks
2026-10-05T21:45:07.8016650Z   HETU_EXPECTED_TESTS: 542
2026-10-05T21:45:07.8016871Z   HETU_EXPECTED_TEST_XML_FILES: 56
2026-10-05T21:45:07.8017088Z   HETU_EXPECTED_VERSION: 2086
2026-10-05T21:45:07.8017309Z   HETU_EXPECTED_VERSION_NAME: 0.12.16-v20-fix
2026-10-05T21:45:07.8019490Z   GH_TOKEN: ***
2026-10-05T21:45:07.8019674Z ##[endgroup]
2026-10-05T21:45:16.7833437Z {"baseCommit": "37e963d488a38900263e33cb8b2047f487bd6dcf", "baseRun": 37171744564, "archiveSha256": "6190b4fd4fcd011cae77e81cdd33b5270e557194c56bf88d0a824d74d811b730", "integrationPatchSha256": "3f08f86d8413c9a905de1eae0c5347e8f7c5dd4032ee4a8e6181d439abda7002", "baselineFiles": 307, "changedOrAddedFiles": 31, "checkoutMatchesGeneratedSource": true, "historicPatchesAppliedToCheckout": false, "presentationLayer": {"baseCommit": "aa599a53856fb26b4d256ba345a496b2a178b3b8", "baseRun": 37211142058, "patchSha256": "a466e4fce0e2e4ec9564760a1089b250f24d90032b123faea90fcee4c241e514", "changedOrAddedFiles": 68, "protectedRuntimeUnchanged": true}, "controllerAuthenticationLayer": {"baseCommit": "a93a756d8578cf3afa60ee090405535ad097e49e", "baseRun": 37240041766, "baseAndroidAppTree": "2c698fb681f647e4c3a1d0050bf806a9f4cc5de2", "patchSha256": "327983504205ff1ec26a3c6804a83ae08802a7d4f723de280a92af708e3ea4ee", "changedOrAddedFiles": 17, "runtimePayloadsUnchanged": true, "dependenciesUnchanged": true, "manifestAndPermissionsUnchanged": true, "unchangedOutsideAuthScope": true, "baselineUnitTests": 392, "expectedUnitTests": 422, "newTestCounts": {"ToastFeedbackTest": 6, "ControllerAuthenticationTest": 11, "LegacyControllerCredentialTest": 3, "ControllerReadStateTest": 6, "PanelControllerErrorTest": 4}}, "pdfReferenceLayer": {"patchSha256": "09e5f3c1fec4ddcd86e546f6270bf687cbf14aa518764e640c7ff5f77e966d66", "frozenInputs": 332, "homeAndPanelUnchanged": true, "runtimePayloadsUnchanged": true, "manifestDependenciesAndSigningUnchanged": true, "expectedUnitTests": 479}, "toolsIntakeLayer": {"baseCommit": "2730954591393c1b81f747cef72adb8940c5a82c", "baseAndroidAppTree": "930994157562814a8e22aeeb1873d8eeb0a51f64", "patchSha256": "108ae764ec0a8cf9a5cafc827d093bedd0f039f6944f7cd9848304e0a2fb7b3b", "changedOrAddedFiles": 5, "frozenInputs": 374, "homeAndPanelUnchanged": true, "runtimePayloadsUnchanged": true, "manifestDependenciesAndSigningUnchanged": true, "baselineUnitTests": 479, "expectedUnitTests": 487, "newTestCounts": {"tools.ToolsDnsConsentIntakeTest": 5, "tools.ToolsDiagIntakeTest": 3}}, "finalPdfGeometryLayer": {"baseCommit": "ec211b9ad81748dee30fec43f0a25849559e4623", "patchSha256": "564581886f89da03b19602a67047016051e9b39abf04047f4b51e00d6b5d9066", "changedOrAddedFiles": 4, "frozenInputs": 375, "expectedUnitTests": 487, "exactWholeFilePresentationTransforms": true, "priorLayersUnchanged": true}, "functionFixLayer": {"baseCommit": "1dbe40cc4e312c230524092dfe32a2c6cfb5f25d", "patchSha256": "5bb2610455a61a8d934058664c3b3ec39e5efb193fcda275f244b4839e693f6f", "changedOrAddedFiles": 16, "frozenInputs": 370, "baselineUnitTests": 487, "expectedUnitTests": 542, "expectedTestXmlFiles": 56, "newTestCounts": {"io.github.xgl34222220.hetu.PanelExpansionAnchorTest": 4, "io.github.xgl34222220.hetu.ProxyDashboardProbeSafetyTest": 10, "io.github.xgl34222220.hetu.ProxySubscriptionIntegrityTest": 12, "io.github.xgl34222220.hetu.RootFakeIpRangesTest": 13, "io.github.xgl34222220.hetu.PanelRequestOwnershipTest": 16}, "allOriginal487TestsPreserved": true, "rootScriptSha256": "bdee8678922f3c4cdb12ebab532175e67816dce429b64fa632c6641c4fb2d45e", "runtimePayloadCount": 23}}
2026-10-05T21:45:17.0265173Z Snapshot verified: 21 unchanged runtime payloads + tested shell + 1 added boot script
2026-10-05T21:45:17.6016536Z test_core_birth_change_during_validation_refuses_publication (__main__.RootHealth.test_core_birth_change_during_validation_refuses_publication) ... ok
2026-10-05T21:45:18.0608848Z test_core_identity_failure_is_degraded_despite_reachable_listener_fixture (__main__.RootHealth.test_core_identity_failure_is_degraded_despite_reachable_listener_fixture) ... ok
2026-10-05T21:45:18.2357103Z test_corrupt_legacy_snapshot_is_never_accepted (__main__.RootHealth.test_corrupt_legacy_snapshot_is_never_accepted) ... ok
2026-10-05T21:45:18.8559218Z test_failed_metadata_publish_restores_original_manifest (__main__.RootHealth.test_failed_metadata_publish_restores_original_manifest) ... ok
2026-10-05T21:45:20.1708447Z test_known_upgrade_repairs_only_metadata_preserving_core_and_saved_rules (__main__.RootHealth.test_known_upgrade_repairs_only_metadata_preserving_core_and_saved_rules) ... ok
2026-10-05T21:45:21.1658039Z test_missing_listener_stays_degraded_and_is_not_hidden (__main__.RootHealth.test_missing_listener_stays_degraded_and_is_not_hidden) ... ok
2026-10-05T21:45:21.3272942Z test_missing_manifest_is_not_reconstructed_from_reachable_sockets (__main__.RootHealth.test_missing_manifest_is_not_reconstructed_from_reachable_sockets) ... ok
2026-10-05T21:45:22.7763438Z test_missing_owned_chain_and_duplicate_hook_are_repaired (__main__.RootHealth.test_missing_owned_chain_and_duplicate_hook_are_repaired) ... ok
2026-10-05T21:45:24.2154121Z test_missing_route_and_policy_rule_are_detected_and_repaired (__main__.RootHealth.test_missing_route_and_policy_rule_are_detected_and_repaired) ... ok
2026-10-05T21:45:25.1023843Z test_other_owner_at_priority_does_not_get_overwritten (__main__.RootHealth.test_other_owner_at_priority_does_not_get_overwritten) ... ok
2026-10-05T21:45:25.3399705Z test_other_session_difference_is_not_a_known_tail_migration (__main__.RootHealth.test_other_session_difference_is_not_a_known_tail_migration) ... ok
2026-10-05T21:45:25.4925276Z test_pid_tampering_still_invalidates_manifest (__main__.RootHealth.test_pid_tampering_still_invalidates_manifest) ... ok
2026-10-05T21:45:25.9467200Z test_previous_ordering_reproduces_reported_metadata_fault (__main__.RootHealth.test_previous_ordering_reproduces_reported_metadata_fault) ... ok
2026-10-05T21:45:26.0943081Z test_production_entry_refuses_an_unauthorized_root_identity (__main__.RootHealth.test_production_entry_refuses_an_unauthorized_root_identity) ... ok
2026-10-05T21:45:26.3798820Z test_real_start_google_disabled_has_complete_healthy_baseline (__main__.RootHealth.test_real_start_google_disabled_has_complete_healthy_baseline) ... ok
2026-10-05T21:45:26.6669295Z test_real_start_google_enabled_keeps_baseline_and_runs_cleanup (__main__.RootHealth.test_real_start_google_enabled_keeps_baseline_and_runs_cleanup) ... ok
2026-10-05T21:45:27.2832226Z test_reused_shell_pid_cannot_overwrite_an_older_repair_backup (__main__.RootHealth.test_reused_shell_pid_cannot_overwrite_an_older_repair_backup) ... ok
2026-10-05T21:45:27.4376562Z test_session_tampering_still_invalidates_manifest (__main__.RootHealth.test_session_tampering_still_invalidates_manifest) ... ok
2026-10-05T21:45:27.5906281Z test_snapshot_tampering_still_invalidates_checksum (__main__.RootHealth.test_snapshot_tampering_still_invalidates_checksum) ... ok
2026-10-05T21:45:27.7326667Z test_transaction_in_progress_is_unknown_and_read_only (__main__.RootHealth.test_transaction_in_progress_is_unknown_and_read_only) ... ok
2026-10-05T21:45:28.1365941Z test_unknown_table_read_does_not_mutate_network (__main__.RootHealth.test_unknown_table_read_does_not_mutate_network) ... ok
2026-10-05T21:45:28.6355959Z test_upgrade_with_missing_dns_listener_cannot_become_healthy (__main__.RootHealth.test_upgrade_with_missing_dns_listener_cannot_become_healthy) ... ok
2026-10-05T21:45:29.1271647Z test_upgrade_with_missing_route_is_reported_and_refuses_rebaselining (__main__.RootHealth.test_upgrade_with_missing_route_is_reported_and_refuses_rebaselining) ... ok
2026-10-05T21:45:29.5553618Z test_upgrade_with_unknown_read_refuses_metadata_and_network_changes (__main__.RootHealth.test_upgrade_with_unknown_read_refuses_metadata_and_network_changes) ... ok
2026-10-05T21:45:30.5511443Z test_watchdog_missing_is_degraded_and_does_not_trigger_network_repair (__main__.RootHealth.test_watchdog_missing_is_degraded_and_does_not_trigger_network_repair) ... ok
2026-10-05T21:45:31.4325761Z test_watchdog_pid_for_an_unrelated_live_process_is_not_accepted (__main__.RootHealth.test_watchdog_pid_for_an_unrelated_live_process_is_not_accepted) ... ok
2026-10-05T21:45:31.4340986Z 
2026-10-05T21:45:31.4341485Z ----------------------------------------------------------------------
2026-10-05T21:45:31.4342039Z Ran 26 tests in 14.314s
2026-10-05T21:45:31.4342221Z 
2026-10-05T21:45:31.4342341Z OK
2026-10-05T21:45:32.1471137Z test_both_families_google_reject_and_drop_removed_by_exact_spec (__main__.GoogleFirewall.test_both_families_google_reject_and_drop_removed_by_exact_spec) ... ok
2026-10-05T21:45:32.1543248Z test_changed_core_pid_never_changes_firewall (__main__.GoogleFirewall.test_changed_core_pid_never_changes_firewall) ... ok
2026-10-05T21:45:32.2322690Z test_current_uid_resolution_includes_work_profile_and_exact_package_names (__main__.GoogleFirewall.test_current_uid_resolution_includes_work_profile_and_exact_package_names) ... ok
2026-10-05T21:45:32.2386604Z test_disabled_session_never_enters_maintenance (__main__.GoogleFirewall.test_disabled_session_never_enters_maintenance) ... ok
2026-10-05T21:45:32.5299517Z test_failed_exact_delete_is_reported_without_flush_fallback (__main__.GoogleFirewall.test_failed_exact_delete_is_reported_without_flush_fallback) ... ok
2026-10-05T21:45:32.5378903Z test_failed_transaction_lock_never_changes_firewall (__main__.GoogleFirewall.test_failed_transaction_lock_never_changes_firewall) ... ok
2026-10-05T21:45:32.8263022Z test_globbing_state_and_wildcard_interface_are_preserved (__main__.GoogleFirewall.test_globbing_state_and_wildcard_interface_are_preserved) ... ok
2026-10-05T21:45:33.1252705Z test_healthy_hetu_rules_still_check_oem_google_rules (__main__.GoogleFirewall.test_healthy_hetu_rules_still_check_oem_google_rules) ... ok
2026-10-05T21:45:33.2048995Z test_no_google_packages_no_firewall_operation (__main__.GoogleFirewall.test_no_google_packages_no_firewall_operation) ... ok
2026-10-05T21:45:33.3267299Z test_older_oem_package_tool_fallback (__main__.GoogleFirewall.test_older_oem_package_tool_fallback) ... ok
2026-10-05T21:45:33.8861207Z test_repeated_cleanup_is_idempotent (__main__.GoogleFirewall.test_repeated_cleanup_is_idempotent) ... ok
2026-10-05T21:45:34.5031652Z test_sixty_second_rate_limit_and_oem_rule_reinsertion (__main__.GoogleFirewall.test_sixty_second_rate_limit_and_oem_rule_reinsertion) ... ok
2026-10-05T21:45:34.5164826Z test_start_protocol_accepts_legacy_and_supported_google_flag (__main__.GoogleFirewall.test_start_protocol_accepts_legacy_and_supported_google_flag) ... ok
2026-10-05T21:45:34.5276367Z test_start_protocol_rejects_invalid_flag_and_other_unsupported_controls (__main__.GoogleFirewall.test_start_protocol_rejects_invalid_flag_and_other_unsupported_controls) ... ok
2026-10-05T21:45:34.8166133Z test_uid_is_resolved_again_after_package_reinstall (__main__.GoogleFirewall.test_uid_is_resolved_again_after_package_reinstall) ... ok
2026-10-05T21:45:35.1035851Z test_unavailable_ipv6_is_nonfatal (__main__.GoogleFirewall.test_unavailable_ipv6_is_nonfatal) ... ok
2026-10-05T21:45:35.4044497Z test_unrelated_uid_accept_inverted_range_and_quoted_rules_preserved (__main__.GoogleFirewall.test_unrelated_uid_accept_inverted_range_and_quoted_rules_preserved) ... ok
2026-10-05T21:45:35.4045343Z 
2026-10-05T21:45:35.4045660Z ----------------------------------------------------------------------
2026-10-05T21:45:35.4046299Z Ran 17 tests in 3.924s
2026-10-05T21:45:35.4046484Z 
2026-10-05T21:45:35.4046590Z OK
2026-10-05T21:45:35.4608640Z test_active_duplicate_worker_cannot_remove_its_lock (__main__.BootWorker.test_active_duplicate_worker_cannot_remove_its_lock) ... ok
2026-10-05T21:45:35.4838933Z test_app_launch_denial_does_not_undo_native_start (__main__.BootWorker.test_app_launch_denial_does_not_undo_native_start) ... ok
2026-10-05T21:45:36.7448573Z test_delayed_system_and_network_still_restore_once (__main__.BootWorker.test_delayed_system_and_network_still_restore_once) ... ok
2026-10-05T21:45:36.7639167Z test_disable_during_wait_cancels (__main__.BootWorker.test_disable_during_wait_cancels) ... ok
2026-10-05T21:45:36.7673337Z test_disabled_never_starts (__main__.BootWorker.test_disabled_never_starts) ... ok
2026-10-05T21:45:36.7805249Z test_existing_core_is_adopted_without_restart (__main__.BootWorker.test_existing_core_is_adopted_without_restart) ... ok
2026-10-05T21:45:36.8310247Z test_failed_start_retries_then_succeeds (__main__.BootWorker.test_failed_start_retries_then_succeeds) ... ok
2026-10-05T21:45:36.8526315Z test_missing_plan_reports_failure (__main__.BootWorker.test_missing_plan_reports_failure) ... ok
2026-10-05T21:45:38.3368818Z test_network_wait_has_a_bound (__main__.BootWorker.test_network_wait_has_a_bound) ... ok
2026-10-05T21:45:38.3588707Z test_previous_boot_stop_does_not_block_new_boot (__main__.BootWorker.test_previous_boot_stop_does_not_block_new_boot) ... ok
2026-10-05T21:45:38.3839222Z test_stale_previous_boot_lock_does_not_block_restore (__main__.BootWorker.test_stale_previous_boot_lock_does_not_block_restore) ... ok
2026-10-05T21:45:38.4434676Z test_stop_during_network_wait_cancels_this_boot (__main__.BootWorker.test_stop_during_network_wait_cancels_this_boot) ... ok
2026-10-05T21:45:38.4530243Z test_native_guard_does_not_restart_a_winning_manual_start (__main__.NativeStartGuard.test_native_guard_does_not_restart_a_winning_manual_start) ... ok
2026-10-05T21:45:38.4628198Z test_native_guard_rechecks_disabled_setting (__main__.NativeStartGuard.test_native_guard_rechecks_disabled_setting) ... ok
2026-10-05T21:45:38.4731433Z test_native_guard_rechecks_explicit_stop_after_lock (__main__.NativeStartGuard.test_native_guard_rechecks_explicit_stop_after_lock) ... ok
2026-10-05T21:45:38.4820846Z test_native_guard_rejects_wrong_boot (__main__.NativeStartGuard.test_native_guard_rejects_wrong_boot) ... ok
2026-10-05T21:45:38.4907192Z test_normal_manual_start_is_not_subject_to_boot_guard (__main__.NativeStartGuard.test_normal_manual_start_is_not_subject_to_boot_guard) ... ok
2026-10-05T21:45:38.4907835Z 
2026-10-05T21:45:38.4908066Z ----------------------------------------------------------------------
2026-10-05T21:45:38.4908380Z Ran 17 tests in 3.039s
2026-10-05T21:45:38.4908515Z 
2026-10-05T21:45:38.4908593Z OK
2026-10-05T21:45:42.7294822Z {"after": {"cycles": 512, "maxQueuedRecoveries": 1, "drainedAttempts": 1, "latestExecuted": 1, "cancelledWantedExecuted": 0, "eventDuringAttemptPreserved": true, "cancelledTimersRetained": 0, "sourceSha256": "30d5420d27203151c7c27b5e192a54d0c5c9de31b3a91ce7ed9bec16851a8e5e", "fixtureOnly": true, "deviceOrNetworkAccess": false}, "before": {"cycles": 512, "maxQueuedRecoveries": 512, "drainedAttempts": 512, "latestExecuted": 1, "cancelledWantedExecuted": 0, "eventDuringAttemptPreserved": true, "cancelledTimersRetained": 4096, "sourceSha256": "b50773343de46622658e65b48a3e00a96863d74033f561fd6bdab304402ae1cd", "fixtureOnly": true, "deviceOrNetworkAccess": false}}
2026-10-05T21:45:48.1540033Z {"after": {"attempts": 3000, "storageLimitBytes": 8192, "storedBytes": 8134, "dropped": 2951, "fullStatusVisible": true, "sensitiveStoredMetadataCopied": false, "oversizedHealthEventBytes": 216, "viewTruncationVisible": true, "sourceSha256": "7286b492510377060d5cd32f2b575e264a4b86f6d51cee8a308dbf8abda45621", "fixtureOnly": true, "deviceOrNetworkAccess": false}, "before": {"attempts": 3000, "storageLimitBytes": 8192, "storedBytes": 498000, "dropped": 0, "fullStatusVisible": false, "sensitiveStoredMetadataCopied": true, "oversizedHealthEventBytes": 200189, "viewTruncationVisible": false, "sourceSha256": "8c8fcf2f77897e079c3ca2cd395fe2b3a0b3cf4fdce16931f3d7bc87e961cf9c", "fixtureOnly": true, "deviceOrNetworkAccess": false}}
2026-10-05T21:45:50.3276630Z {"after": {"captured": ["example.Worker.toDynamicScheme-Iv8Zu3U:41", "example.Worker.<init>:41", "example.Worker.<clinit>:41"], "copied": ["example.Worker.toDynamicScheme-Iv8Zu3U:41", "example.Worker.<init>:41", "example.Worker.<clinit>:41"], "hostileSymbolsRejected": 5, "privateMessageOrFileCopied": false, "sourceSha256": "7286b492510377060d5cd32f2b575e264a4b86f6d51cee8a308dbf8abda45621", "fixtureOnly": true, "deviceOrNetworkAccess": false}, "before": {"captured": ["redacted-frame", "redacted-frame", "redacted-frame"], "copied": ["redacted-frame", "redacted-frame", "redacted-frame"], "hostileSymbolsRejected": 5, "privateMessageOrFileCopied": false, "sourceSha256": "83980b0576665cbcc8d0583758f4d911c3356aed7db8bf37e6ff0d2df2d87b51", "fixtureOnly": true, "deviceOrNetworkAccess": false}}
2026-10-05T21:45:50.3388580Z ##[group]Run set -euo pipefail
2026-10-05T21:45:50.3388858Z [36;1mset -euo pipefail[0m
2026-10-05T21:45:50.3389363Z [36;1mpython3 .github/scripts/run_functionfix_baseline_hosts.py --gate test_ui_source_scope.py 2>&1 | tee out/verification/ui-source-scope-tests.txt[0m
2026-10-05T21:45:50.3447199Z shell: /usr/bin/bash -e {0}
2026-10-05T21:45:50.3447416Z env:
2026-10-05T21:45:50.3447645Z   HETU_TEST_KEYSTORE: /home/runner/.android/hetu-ui10-debug.jks
2026-10-05T21:45:50.3447929Z   HETU_EXPECTED_TESTS: 542
2026-10-05T21:45:50.3448132Z   HETU_EXPECTED_TEST_XML_FILES: 56
2026-10-05T21:45:50.3448352Z   HETU_EXPECTED_VERSION: 2086
2026-10-05T21:45:50.3448576Z   HETU_EXPECTED_VERSION_NAME: 0.12.16-v20-fix
2026-10-05T21:45:50.3448802Z ##[endgroup]
2026-10-05T21:45:51.9538854Z test_current_ui_packages_and_named_bridges_are_allowed (__main__.PresentationScope.test_current_ui_packages_and_named_bridges_are_allowed) ... ok
2026-10-05T21:45:51.9541200Z test_only_expected_version_change_is_allowed_in_build_inputs (__main__.PresentationScope.test_only_expected_version_change_is_allowed_in_build_inputs) ... ok
2026-10-05T21:45:51.9542520Z test_path_traversal_is_rejected_even_with_allowed_ui_prefix (__main__.PresentationScope.test_path_traversal_is_rejected_even_with_allowed_ui_prefix) ... ok
2026-10-05T21:45:51.9543529Z test_runtime_assets_manifest_and_native_payload_cannot_enter_ui_patch (__main__.PresentationScope.test_runtime_assets_manifest_and_native_payload_cannot_enter_ui_patch) ... ok
2026-10-05T21:45:51.9544416Z test_unlisted_root_package_bridge_is_rejected (__main__.PresentationScope.test_unlisted_root_package_bridge_is_rejected) ... ok
2026-10-05T21:45:51.9544786Z 
2026-10-05T21:45:51.9544979Z ----------------------------------------------------------------------
2026-10-05T21:45:51.9545278Z Ran 5 tests in 0.000s
2026-10-05T21:45:51.9545400Z 
2026-10-05T21:45:51.9545472Z OK
2026-10-05T21:45:51.9886032Z {"baselineInputs": 379, "locallyVerifiedBaselineInputs": 379, "missingUnchangedPayloadFiles": [], "exactFunctionPatchReversed": true, "currentCheckoutUnmodified": true}
2026-10-05T21:45:51.9994900Z ##[group]Run python3 .github/scripts/run_functionfix_baseline_hosts.py --gate test_pdf85_source_scope.py
2026-10-05T21:45:51.9995490Z [36;1mpython3 .github/scripts/run_functionfix_baseline_hosts.py --gate test_pdf85_source_scope.py[0m
2026-10-05T21:45:52.0053224Z shell: /usr/bin/bash -e {0}
2026-10-05T21:45:52.0053439Z env:
2026-10-05T21:45:52.0053682Z   HETU_TEST_KEYSTORE: /home/runner/.android/hetu-ui10-debug.jks
2026-10-05T21:45:52.0053971Z   HETU_EXPECTED_TESTS: 542
2026-10-05T21:45:52.0054176Z   HETU_EXPECTED_TEST_XML_FILES: 56
2026-10-05T21:45:52.0054392Z   HETU_EXPECTED_VERSION: 2086
2026-10-05T21:45:52.0054615Z   HETU_EXPECTED_VERSION_NAME: 0.12.16-v20-fix
2026-10-05T21:45:52.0054839Z ##[endgroup]
2026-10-05T21:45:53.5016363Z ......
2026-10-05T21:45:53.5016885Z ----------------------------------------------------------------------
2026-10-05T21:45:53.5017380Z Ran 6 tests in 0.002s
2026-10-05T21:45:53.5017552Z 
2026-10-05T21:45:53.5017649Z OK
2026-10-05T21:45:53.5368286Z {"baselineInputs": 379, "locallyVerifiedBaselineInputs": 379, "missingUnchangedPayloadFiles": [], "exactFunctionPatchReversed": true, "currentCheckoutUnmodified": true}
2026-10-05T21:45:53.5482733Z ##[group]Run set -euo pipefail
2026-10-05T21:45:53.5483018Z [36;1mset -euo pipefail[0m
2026-10-05T21:45:53.5483327Z [36;1mgit fetch --no-tags --depth=1 origin 2730954591393c1b81f747cef72adb8940c5a82c[0m
2026-10-05T21:45:53.5483753Z [36;1mgit fetch --no-tags --depth=1 origin ec211b9ad81748dee30fec43f0a25849559e4623[0m
2026-10-05T21:45:53.5484246Z [36;1mpython3 .github/scripts/run_functionfix_baseline_hosts.py --gate test_tools_intake_source_scope.py[0m
2026-10-05T21:45:53.5484688Z [36;1mpython3 .github/scripts/test_tools_intake_test_results.py[0m
2026-10-05T21:45:53.5541576Z shell: /usr/bin/bash -e {0}
2026-10-05T21:45:53.5541816Z env:
2026-10-05T21:45:53.5542055Z   HETU_TEST_KEYSTORE: /home/runner/.android/hetu-ui10-debug.jks
2026-10-05T21:45:53.5542336Z   HETU_EXPECTED_TESTS: 542
2026-10-05T21:45:53.5542538Z   HETU_EXPECTED_TEST_XML_FILES: 56
2026-10-05T21:45:53.5542757Z   HETU_EXPECTED_VERSION: 2086
2026-10-05T21:45:53.5543031Z   HETU_EXPECTED_VERSION_NAME: 0.12.16-v20-fix
2026-10-05T21:45:53.5543259Z ##[endgroup]
2026-10-05T21:45:54.2736950Z From https://github.com/xgl34222220-ops/hetu
2026-10-05T21:45:54.2737400Z  * branch            2730954591393c1b81f747cef72adb8940c5a82c -> FETCH_HEAD
2026-10-05T21:45:54.5932020Z From https://github.com/xgl34222220-ops/hetu
2026-10-05T21:45:54.5932630Z  * branch            ec211b9ad81748dee30fec43f0a25849559e4623 -> FETCH_HEAD
2026-10-05T21:46:02.2788885Z ..................
2026-10-05T21:46:02.2789485Z ----------------------------------------------------------------------
2026-10-05T21:46:02.2790022Z Ran 18 tests in 5.952s
2026-10-05T21:46:02.2790195Z 
2026-10-05T21:46:02.2790588Z OK
2026-10-05T21:46:02.3238137Z {"baselineInputs": 379, "locallyVerifiedBaselineInputs": 379, "missingUnchangedPayloadFiles": [], "exactFunctionPatchReversed": true, "currentCheckoutUnmodified": true}
2026-10-05T21:46:02.3861810Z test_all_original_and_intake_suites_are_required (__main__.ToolsIntakeEvidence.test_all_original_and_intake_suites_are_required) ... ok
2026-10-05T21:46:02.3930945Z test_duplicate_intake_suite_is_rejected (__main__.ToolsIntakeEvidence.test_duplicate_intake_suite_is_rejected) ... ok
2026-10-05T21:46:02.4253590Z test_failures_errors_and_skips_in_each_new_suite_are_rejected (__main__.ToolsIntakeEvidence.test_failures_errors_and_skips_in_each_new_suite_are_rejected) ... ok
2026-10-05T21:46:02.4302615Z test_missing_suite_cannot_be_replaced_with_more_tests_in_another (__main__.ToolsIntakeEvidence.test_missing_suite_cannot_be_replaced_with_more_tests_in_another) ... ok
2026-10-05T21:46:02.4446930Z test_new_tests_cannot_replace_existing_tests (__main__.ToolsIntakeEvidence.test_new_tests_cannot_replace_existing_tests) ... ok
2026-10-05T21:46:02.4447922Z 
2026-10-05T21:46:02.4448203Z ----------------------------------------------------------------------
2026-10-05T21:46:02.4448633Z Ran 5 tests in 0.074s
2026-10-05T21:46:02.4448804Z 
2026-10-05T21:46:02.4448902Z OK
2026-10-05T21:46:02.4565781Z ##[group]Run set -euo pipefail
2026-10-05T21:46:02.4566196Z [36;1mset -euo pipefail[0m
2026-10-05T21:46:02.4566804Z [36;1mpython3 .github/scripts/run_functionfix_baseline_hosts.py --gate test_pdf85_final_source_scope.py[0m
2026-10-05T21:46:02.4629911Z shell: /usr/bin/bash -e {0}
2026-10-05T21:46:02.4630153Z env:
2026-10-05T21:46:02.4630601Z   HETU_TEST_KEYSTORE: /home/runner/.android/hetu-ui10-debug.jks
2026-10-05T21:46:02.4630914Z   HETU_EXPECTED_TESTS: 542
2026-10-05T21:46:02.4631123Z   HETU_EXPECTED_TEST_XML_FILES: 56
2026-10-05T21:46:02.4631350Z   HETU_EXPECTED_VERSION: 2086
2026-10-05T21:46:02.4631572Z   HETU_EXPECTED_VERSION_NAME: 0.12.16-v20-fix
2026-10-05T21:46:02.4631800Z ##[endgroup]
2026-10-05T21:46:03.9617268Z ........
2026-10-05T21:46:03.9617791Z ----------------------------------------------------------------------
2026-10-05T21:46:03.9618241Z Ran 8 tests in 0.016s
2026-10-05T21:46:03.9618397Z 
2026-10-05T21:46:03.9618500Z OK
2026-10-05T21:46:04.0015006Z {"baselineInputs": 379, "locallyVerifiedBaselineInputs": 379, "missingUnchangedPayloadFiles": [], "exactFunctionPatchReversed": true, "currentCheckoutUnmodified": true}
2026-10-05T21:46:04.0105888Z ##[group]Run set -euo pipefail
2026-10-05T21:46:04.0106161Z [36;1mset -euo pipefail[0m
2026-10-05T21:46:04.0106652Z [36;1mpython3 .github/scripts/run_functionfix_baseline_hosts.py --gate test_auth_source_scope.py 2>&1 | tee out/verification/auth-source-scope-tests.txt[0m
2026-10-05T21:46:04.0107329Z [36;1mpython3 .github/scripts/test_auth_test_results.py 2>&1 | tee out/verification/auth-test-evidence-tests.txt[0m
2026-10-05T21:46:04.0164213Z shell: /usr/bin/bash -e {0}
2026-10-05T21:46:04.0164431Z env:
2026-10-05T21:46:04.0164665Z   HETU_TEST_KEYSTORE: /home/runner/.android/hetu-ui10-debug.jks
2026-10-05T21:46:04.0164970Z   HETU_EXPECTED_TESTS: 542
2026-10-05T21:46:04.0165177Z   HETU_EXPECTED_TEST_XML_FILES: 56
2026-10-05T21:46:04.0165388Z   HETU_EXPECTED_VERSION: 2086
2026-10-05T21:46:04.0165609Z   HETU_EXPECTED_VERSION_NAME: 0.12.16-v20-fix
2026-10-05T21:46:04.0165831Z ##[endgroup]
2026-10-05T21:46:05.5484266Z test_exact_authentication_production_files_are_allowed (__main__.AuthenticationScope.test_exact_authentication_production_files_are_allowed) ... ok
2026-10-05T21:46:05.5486458Z test_existing_ui_boundary_still_rejects_authentication_runtime (__main__.AuthenticationScope.test_existing_ui_boundary_still_rejects_authentication_runtime) ... ok
2026-10-05T21:46:05.5488288Z test_history_fixture_can_only_add_cross_thread_visibility_and_audit (__main__.AuthenticationScope.test_history_fixture_can_only_add_cross_thread_visibility_and_audit) ... ok
2026-10-05T21:46:05.5490070Z test_manifest_requires_fixed_provenance_and_preserves_the_baseline (__main__.AuthenticationScope.test_manifest_requires_fixed_provenance_and_preserves_the_baseline) ... ok
2026-10-05T21:46:05.5491916Z test_old_action_safety_assertion_can_only_gain_failure_details (__main__.AuthenticationScope.test_old_action_safety_assertion_can_only_gain_failure_details) ... ok
2026-10-05T21:46:05.5493372Z test_only_the_named_authentication_tests_are_allowed (__main__.AuthenticationScope.test_only_the_named_authentication_tests_are_allowed) ... ok
2026-10-05T21:46:05.5494675Z test_only_the_new_version_can_change_in_build_inputs (__main__.AuthenticationScope.test_only_the_new_version_can_change_in_build_inputs) ... ok
2026-10-05T21:46:05.5495784Z test_path_traversal_is_rejected (__main__.AuthenticationScope.test_path_traversal_is_rejected) ... ok
2026-10-05T21:46:05.5497217Z test_runtime_assets_manager_manifest_and_dependencies_stay_protected (__main__.AuthenticationScope.test_runtime_assets_manager_manifest_and_dependencies_stay_protected) ... ok
2026-10-05T21:46:05.5498889Z test_unrelated_presentation_sources_are_not_authorized (__main__.AuthenticationScope.test_unrelated_presentation_sources_are_not_authorized) ... ok
2026-10-05T21:46:05.5500004Z 
2026-10-05T21:46:05.5500472Z ----------------------------------------------------------------------
2026-10-05T21:46:05.5500943Z Ran 10 tests in 0.001s
2026-10-05T21:46:05.5501127Z 
2026-10-05T21:46:05.5501248Z OK
2026-10-05T21:46:05.5838047Z {"baselineInputs": 379, "locallyVerifiedBaselineInputs": 379, "missingUnchangedPayloadFiles": [], "exactFunctionPatchReversed": true, "currentCheckoutUnmodified": true}
2026-10-05T21:46:05.6348182Z test_baseline_xml_inventory_cannot_be_reduced (__main__.AuthenticationEvidence.test_baseline_xml_inventory_cannot_be_reduced) ... ok
2026-10-05T21:46:05.6390588Z test_exact_baseline_and_all_authentication_suites_pass (__main__.AuthenticationEvidence.test_exact_baseline_and_all_authentication_suites_pass) ... ok
2026-10-05T21:46:05.6518298Z test_failures_errors_and_skips_are_rejected_in_both_buckets (__main__.AuthenticationEvidence.test_failures_errors_and_skips_are_rejected_in_both_buckets) ... ok
2026-10-05T21:46:05.6560621Z test_incorrect_declared_total_is_rejected (__main__.AuthenticationEvidence.test_incorrect_declared_total_is_rejected) ... ok
2026-10-05T21:46:05.6603988Z test_missing_authentication_suite_is_rejected (__main__.AuthenticationEvidence.test_missing_authentication_suite_is_rejected) ... ok
2026-10-05T21:46:05.6651375Z test_same_total_cannot_substitute_new_tests_for_old_tests (__main__.AuthenticationEvidence.test_same_total_cannot_substitute_new_tests_for_old_tests) ... ok
2026-10-05T21:46:05.6652120Z 
2026-10-05T21:46:05.6652405Z ----------------------------------------------------------------------
2026-10-05T21:46:05.6652861Z Ran 6 tests in 0.036s
2026-10-05T21:46:05.6653030Z 
2026-10-05T21:46:05.6653131Z OK
2026-10-05T21:46:05.6764776Z ##[group]Run set -euo pipefail
2026-10-05T21:46:05.6765190Z [36;1mset -euo pipefail[0m
2026-10-05T21:46:05.6765615Z [36;1mpython3 .github/scripts/test_functionfix_source_scope.py[0m
2026-10-05T21:46:05.6766196Z [36;1mpython3 .github/scripts/test_functionfix_test_results.py[0m
2026-10-05T21:46:05.6766716Z [36;1mpython3 .github/scripts/test_functionfix_workflow.py[0m
2026-10-05T21:46:05.6767427Z [36;1mpython3 tools/qa/test_fake_ip_private_routing.py 2>&1 | tee out/verification/fake-ip-private-routing-tests.txt[0m
2026-10-05T21:46:05.6845845Z shell: /usr/bin/bash -e {0}
2026-10-05T21:46:05.6846069Z env:
2026-10-05T21:46:05.6846327Z   HETU_TEST_KEYSTORE: /home/runner/.android/hetu-ui10-debug.jks
2026-10-05T21:46:05.6846635Z   HETU_EXPECTED_TESTS: 542
2026-10-05T21:46:05.6846843Z   HETU_EXPECTED_TEST_XML_FILES: 56
2026-10-05T21:46:05.6847053Z   HETU_EXPECTED_VERSION: 2086
2026-10-05T21:46:05.6847267Z   HETU_EXPECTED_VERSION_NAME: 0.12.16-v20-fix
2026-10-05T21:46:05.6847554Z ##[endgroup]
2026-10-05T21:46:05.8228813Z ...........
2026-10-05T21:46:05.8229340Z ----------------------------------------------------------------------
2026-10-05T21:46:05.8229798Z Ran 11 tests in 0.090s
2026-10-05T21:46:05.8229990Z 
2026-10-05T21:46:05.8230095Z OK
2026-10-05T21:46:05.9696788Z .....
2026-10-05T21:46:05.9697290Z ----------------------------------------------------------------------
2026-10-05T21:46:05.9697740Z Ran 5 tests in 0.091s
2026-10-05T21:46:05.9697912Z 
2026-10-05T21:46:05.9698001Z OK
2026-10-05T21:46:06.0212582Z ....
2026-10-05T21:46:06.0212961Z ----------------------------------------------------------------------
2026-10-05T21:46:06.0213309Z Ran 4 tests in 0.003s
2026-10-05T21:46:06.0213443Z 
2026-10-05T21:46:06.0213529Z OK
2026-10-05T21:46:06.0933667Z test_canonical_embedded_ipv6_metadata_loads_without_changing_yaml (__main__.FakeIpPrivateRouting.test_canonical_embedded_ipv6_metadata_loads_without_changing_yaml) ... ok
2026-10-05T21:46:06.1041543Z test_custom_ipv4_fake_ip_survives_default_lan_bypass_in_real_tproxy_chain (__main__.FakeIpPrivateRouting.test_custom_ipv4_fake_ip_survives_default_lan_bypass_in_real_tproxy_chain) ... ok
2026-10-05T21:46:06.1394160Z test_explicit_cidr_uid_gid_interface_mac_returns_keep_priority (__main__.FakeIpPrivateRouting.test_explicit_cidr_uid_gid_interface_mac_returns_keep_priority) ... ok
2026-10-05T21:46:06.1595712Z test_ipv6_fake_ip_survives_default_ula_bypass_in_real_tproxy_chain (__main__.FakeIpPrivateRouting.test_ipv6_fake_ip_survives_default_ula_bypass_in_real_tproxy_chain) ... ok
2026-10-05T21:46:06.1715550Z test_legacy_config_without_metadata_retains_original_private_returns (__main__.FakeIpPrivateRouting.test_legacy_config_without_metadata_retains_original_private_returns) ... ok
2026-10-05T21:46:06.1951954Z test_legal_scalar_and_fake_body_metadata_cannot_override_terminal_block (__main__.FakeIpPrivateRouting.test_legal_scalar_and_fake_body_metadata_cannot_override_terminal_block) ... ok
2026-10-05T21:46:06.2395635Z test_literal_cidr_validation_never_resolves_or_executes_metadata (__main__.FakeIpPrivateRouting.test_literal_cidr_validation_never_resolves_or_executes_metadata) ... ok
2026-10-05T21:46:06.2816448Z test_malformed_duplicate_or_nonterminal_tail_fails_before_network_calls (__main__.FakeIpPrivateRouting.test_malformed_duplicate_or_nonterminal_tail_fails_before_network_calls) ... ok
2026-10-05T21:46:06.2878160Z test_old_session_without_projection_remains_compatible (__main__.FakeIpPrivateRouting.test_old_session_without_projection_remains_compatible) ... ok
2026-10-05T21:46:06.3045540Z test_real_start_passes_shared_mac_to_ipv6_dns_return_before_redirect (__main__.FakeIpPrivateRouting.test_real_start_passes_shared_mac_to_ipv6_dns_return_before_redirect) ... ok
2026-10-05T21:46:06.3240722Z test_real_start_rejects_bad_policy_before_cleanup_or_core_launch (__main__.FakeIpPrivateRouting.test_real_start_rejects_bad_policy_before_cleanup_or_core_launch) ... ok
2026-10-05T21:46:06.8575630Z test_saved_policy_roundtrip_uses_immutable_health_checksum (__main__.FakeIpPrivateRouting.test_saved_policy_roundtrip_uses_immutable_health_checksum) ... ok
2026-10-05T21:46:06.8816376Z test_strict_ipv4_keeps_default_ula_policy_and_explicit_bypasses (__main__.FakeIpPrivateRouting.test_strict_ipv4_keeps_default_ula_policy_and_explicit_bypasses) ... ok
2026-10-05T21:46:07.0567040Z test_tampered_session_or_baseline_cannot_supply_watchdog_policy (__main__.FakeIpPrivateRouting.test_tampered_session_or_baseline_cannot_supply_watchdog_policy) ... ok
2026-10-05T21:46:07.1400084Z test_tun_and_ebpf_do_not_install_transparent_mangle_or_redirect (__main__.FakeIpPrivateRouting.test_tun_and_ebpf_do_not_install_transparent_mangle_or_redirect) ... ok
2026-10-05T21:46:07.2154848Z test_udp_quic_and_kill_guards_do_not_return_fake_destinations (__main__.FakeIpPrivateRouting.test_udp_quic_and_kill_guards_do_not_return_fake_destinations) ... ok
2026-10-05T21:46:07.2155502Z 
2026-10-05T21:46:07.2156034Z ----------------------------------------------------------------------
2026-10-05T21:46:07.2156532Z Ran 16 tests in 1.144s
2026-10-05T21:46:07.2156728Z 
2026-10-05T21:46:07.2156834Z OK
2026-10-05T21:46:07.2290245Z ##[group]Run set -euo pipefail
2026-10-05T21:46:07.2290782Z [36;1mset -euo pipefail[0m
2026-10-05T21:46:07.2291209Z [36;1mpython3 .github/scripts/test_native_scroll_bounds.py 2>&1 | tee out/verification/native-scroll-bounds-tests.txt[0m
2026-10-05T21:46:07.2349127Z shell: /usr/bin/bash -e {0}
2026-10-05T21:46:07.2349356Z env:
2026-10-05T21:46:07.2349601Z   HETU_TEST_KEYSTORE: /home/runner/.android/hetu-ui10-debug.jks
2026-10-05T21:46:07.2349887Z   HETU_EXPECTED_TESTS: 542
2026-10-05T21:46:07.2350093Z   HETU_EXPECTED_TEST_XML_FILES: 56
2026-10-05T21:46:07.2350516Z   HETU_EXPECTED_VERSION: 2086
2026-10-05T21:46:07.2350758Z   HETU_EXPECTED_VERSION_NAME: 0.12.16-v20-fix
2026-10-05T21:46:07.2351035Z ##[endgroup]
2026-10-05T21:46:07.3038002Z test_another_application_cannot_receive_the_swipe (__main__.NativeScrollBounds.test_another_application_cannot_receive_the_swipe) ... ok
2026-10-05T21:46:07.3039334Z test_invalid_empty_negative_and_disabled_viewports_are_rejected (__main__.NativeScrollBounds.test_invalid_empty_negative_and_disabled_viewports_are_rejected) ... ok
2026-10-05T21:46:07.3376962Z test_missing_target_on_a_fitted_page_fails_without_a_blind_swipe_or_tap (__main__.NativeScrollBounds.test_missing_target_on_a_fitted_page_fails_without_a_blind_swipe_or_tap) ... ok
2026-10-05T21:46:07.3379586Z test_observed_dock_clearance_keeps_the_physical_swipe_inside_the_viewport (__main__.NativeScrollBounds.test_observed_dock_clearance_keeps_the_physical_swipe_inside_the_viewport) ... ok
2026-10-05T21:46:07.3386112Z test_observed_settings_dock_clips_the_full_and_navigation_inset_viewports (__main__.NativeScrollBounds.test_observed_settings_dock_clips_the_full_and_navigation_inset_viewports) ... ok
2026-10-05T21:46:07.3387083Z test_reverse_swipe_stays_inside_an_offset_viewport (__main__.NativeScrollBounds.test_reverse_swipe_stays_inside_an_offset_viewport) ... ok
2026-10-05T21:46:07.3546239Z test_smoke_scrolls_about_above_the_actual_dock_before_physically_tapping (__main__.NativeScrollBounds.test_smoke_scrolls_about_above_the_actual_dock_before_physically_tapping) ... ok
2026-10-05T21:46:07.3547367Z test_target_edges_follow_the_actual_viewport_and_reverse_at_the_header (__main__.NativeScrollBounds.test_target_edges_follow_the_actual_viewport_and_reverse_at_the_header) ... ok
2026-10-05T21:46:07.3549145Z test_tools_clearance_and_child_pages_without_a_dock_keep_their_bounds (__main__.NativeScrollBounds.test_tools_clearance_and_child_pages_without_a_dock_keep_their_bounds) ... ok
2026-10-05T21:46:07.3550042Z test_two_independent_scrollviews_are_rejected (__main__.NativeScrollBounds.test_two_independent_scrollviews_are_rejected) ... ok
2026-10-05T21:46:07.3560087Z test_two_native_dock_groups_are_rejected (__main__.NativeScrollBounds.test_two_native_dock_groups_are_rejected) ... ok
2026-10-05T21:46:07.3717612Z test_unmoving_target_under_the_dock_exhausts_seven_attempts_without_tapping_home (__main__.NativeScrollBounds.test_unmoving_target_under_the_dock_exhausts_seven_attempts_without_tapping_home) ... ok
2026-10-05T21:46:07.3868887Z test_visible_target_on_a_fitted_page_receives_the_original_physical_tap (__main__.NativeScrollBounds.test_visible_target_on_a_fitted_page_receives_the_original_physical_tap) ... ok
2026-10-05T21:46:07.3869814Z 
2026-10-05T21:46:07.3870111Z ----------------------------------------------------------------------
2026-10-05T21:46:07.3870687Z Ran 13 tests in 0.083s
2026-10-05T21:46:07.3870857Z 
2026-10-05T21:46:07.3870958Z OK
2026-10-05T21:46:07.4037486Z ##[group]Run set -euo pipefail
2026-10-05T21:46:07.4037758Z [36;1mset -euo pipefail[0m
2026-10-05T21:46:07.4038184Z [36;1mpython3 .github/scripts/test_mock_webview_controller.py 2>&1 | tee out/verification/mock-controller-fixture-tests.txt[0m
2026-10-05T21:46:07.4038796Z [36;1mpython3 .github/scripts/test_panel_auth_smoke.py 2>&1 | tee out/verification/panel-auth-smoke-tests.txt[0m
2026-10-05T21:46:07.4097740Z shell: /usr/bin/bash -e {0}
2026-10-05T21:46:07.4097958Z env:
2026-10-05T21:46:07.4098190Z   HETU_TEST_KEYSTORE: /home/runner/.android/hetu-ui10-debug.jks
2026-10-05T21:46:07.4098478Z   HETU_EXPECTED_TESTS: 542
2026-10-05T21:46:07.4098697Z   HETU_EXPECTED_TEST_XML_FILES: 56
2026-10-05T21:46:07.4098914Z   HETU_EXPECTED_VERSION: 2086
2026-10-05T21:46:07.4099140Z   HETU_EXPECTED_VERSION_NAME: 0.12.16-v20-fix
2026-10-05T21:46:07.4099363Z ##[endgroup]
2026-10-05T21:46:09.4949572Z .....
2026-10-05T21:46:09.4950204Z ----------------------------------------------------------------------
2026-10-05T21:46:09.4950905Z Ran 5 tests in 2.015s
2026-10-05T21:46:09.4951089Z 
2026-10-05T21:46:09.4951192Z OK
2026-10-05T21:46:09.8588081Z ..................
2026-10-05T21:46:09.8588464Z ----------------------------------------------------------------------
2026-10-05T21:46:09.8588786Z Ran 18 tests in 0.291s
2026-10-05T21:46:09.8588901Z 
2026-10-05T21:46:09.8588982Z OK
2026-10-05T21:46:09.8797954Z ##[group]Run set -euo pipefail
2026-10-05T21:46:09.8798362Z [36;1mset -euo pipefail[0m
2026-10-05T21:46:09.8799040Z [36;1mpython3 .github/scripts/test_native_webview_bounds.py 2>&1 | tee out/verification/native-webview-bounds-tests.txt[0m
2026-10-05T21:46:09.8866775Z shell: /usr/bin/bash -e {0}
2026-10-05T21:46:09.8866999Z env:
2026-10-05T21:46:09.8867243Z   HETU_TEST_KEYSTORE: /home/runner/.android/hetu-ui10-debug.jks
2026-10-05T21:46:09.8867546Z   HETU_EXPECTED_TESTS: 542
2026-10-05T21:46:09.8867756Z   HETU_EXPECTED_TEST_XML_FILES: 56
2026-10-05T21:46:09.8867977Z   HETU_EXPECTED_VERSION: 2086
2026-10-05T21:46:09.8868204Z   HETU_EXPECTED_VERSION_NAME: 0.12.16-v20-fix
2026-10-05T21:46:09.8868439Z ##[endgroup]
2026-10-05T21:46:09.9302537Z test_empty_surface_cannot_receive_a_tap (__main__.NativeWebViewBounds.test_empty_surface_cannot_receive_a_tap) ... ok
2026-10-05T21:46:09.9304102Z test_negative_bounds_are_not_silently_converted_to_positive (__main__.NativeWebViewBounds.test_negative_bounds_are_not_silently_converted_to_positive) ... ok
2026-10-05T21:46:09.9305686Z test_observed_nested_document_is_not_a_second_native_container (__main__.NativeWebViewBounds.test_observed_nested_document_is_not_a_second_native_container) ... ok
2026-10-05T21:46:09.9307151Z test_other_application_surface_cannot_be_selected (__main__.NativeWebViewBounds.test_other_application_surface_cannot_be_selected) ... ok
2026-10-05T21:46:09.9308451Z test_single_native_container_keeps_original_bounds (__main__.NativeWebViewBounds.test_single_native_container_keeps_original_bounds) ... ok
2026-10-05T21:46:09.9309281Z test_two_independent_containers_are_still_rejected (__main__.NativeWebViewBounds.test_two_independent_containers_are_still_rejected) ... ok
2026-10-05T21:46:09.9320863Z 
2026-10-05T21:46:09.9321209Z ----------------------------------------------------------------------
2026-10-05T21:46:09.9321660Z Ran 6 tests in 0.001s
2026-10-05T21:46:09.9321842Z 
2026-10-05T21:46:09.9321924Z OK
2026-10-05T21:46:09.9394645Z ##[group]Run node --check .github/scripts/check_hetu_webview.cjs
2026-10-05T21:46:09.9395033Z [36;1mnode --check .github/scripts/check_hetu_webview.cjs[0m
2026-10-05T21:46:09.9395359Z [36;1mnode .github/scripts/test_webui_concept.cjs[0m
2026-10-05T21:46:09.9452228Z shell: /usr/bin/bash -e {0}
2026-10-05T21:46:09.9452469Z env:
2026-10-05T21:46:09.9452703Z   HETU_TEST_KEYSTORE: /home/runner/.android/hetu-ui10-debug.jks
2026-10-05T21:46:09.9453001Z   HETU_EXPECTED_TESTS: 542
2026-10-05T21:46:09.9453198Z   HETU_EXPECTED_TEST_XML_FILES: 56
2026-10-05T21:46:09.9453410Z   HETU_EXPECTED_VERSION: 2086
2026-10-05T21:46:09.9453639Z   HETU_EXPECTED_VERSION_NAME: 0.12.16-v20-fix
2026-10-05T21:46:09.9453861Z ##[endgroup]
2026-10-05T21:46:09.9997916Z {
2026-10-05T21:46:09.9998255Z   "results": [
2026-10-05T21:46:09.9998532Z     {
2026-10-05T21:46:09.9999066Z       "name": "Overview generator renders four response-derived metrics and traffic",
2026-10-05T21:46:09.9999679Z       "result": "passed"
2026-10-05T21:46:09.9999979Z     },
2026-10-05T21:46:10.0000234Z     {
2026-10-05T21:46:10.0000802Z       "name": "Group names escape markup and use actual type/count/selection",
2026-10-05T21:46:10.0001275Z       "result": "passed"
2026-10-05T21:46:10.0001608Z     },
2026-10-05T21:46:10.0001866Z     {
2026-10-05T21:46:10.0002435Z       "name": "Dialog renderer escapes names, marks current radio, and cancellation sends no request",
2026-10-05T21:46:10.0002998Z       "result": "passed"
2026-10-05T21:46:10.0003232Z     },
2026-10-05T21:46:10.0003373Z     {
2026-10-05T21:46:10.0003700Z       "name": "Rejected PUT opens error notice and retains old selection; dismiss resets notice",
2026-10-05T21:46:10.0004089Z       "result": "passed"
2026-10-05T21:46:10.0004279Z     },
2026-10-05T21:46:10.0004454Z     {
2026-10-05T21:46:10.0004798Z       "name": "Successful authenticated PUT rereads controller and updates selected node",
2026-10-05T21:46:10.0005177Z       "result": "passed"
2026-10-05T21:46:10.0005374Z     },
2026-10-05T21:46:10.0005559Z     {
2026-10-05T21:46:10.0005830Z       "name": "Unconfirmed 204 cannot invent a successful selection",
2026-10-05T21:46:10.0006138Z       "result": "passed"
2026-10-05T21:46:10.0006334Z     },
2026-10-05T21:46:10.0006502Z     {
2026-10-05T21:46:10.0006740Z       "name": "Pending selection blocks repeated writes",
2026-10-05T21:46:10.0007330Z       "result": "passed"
2026-10-05T21:46:10.0007522Z     },
2026-10-05T21:46:10.0007742Z     {
2026-10-05T21:46:10.0008103Z       "name": "Connection generator preserves host/chain and separate directional counters",
2026-10-05T21:46:10.0008480Z       "result": "passed"
2026-10-05T21:46:10.0008662Z     },
2026-10-05T21:46:10.0008818Z     {
2026-10-05T21:46:10.0009212Z       "name": "Disconnected refresh and tab changes cannot fabricate zero metrics or stale connected state",
2026-10-05T21:46:10.0009613Z       "result": "passed"
2026-10-05T21:46:10.0009798Z     },
2026-10-05T21:46:10.0009974Z     {
2026-10-05T21:46:10.0010248Z       "name": "A successful retry restores real cached data",
2026-10-05T21:46:10.0010707Z       "result": "passed"
2026-10-05T21:46:10.0010877Z     },
2026-10-05T21:46:10.0011020Z     {
2026-10-05T21:46:10.0011344Z       "name": "Missing and invalid traffic remain unknown while actual zero stays zero",
2026-10-05T21:46:10.0011703Z       "result": "passed"
2026-10-05T21:46:10.0012094Z     },
2026-10-05T21:46:10.0012274Z     {
2026-10-05T21:46:10.0012761Z       "name": "Every API call retains bearer secret and only existing loopback relative endpoints are used",
2026-10-05T21:46:10.0013277Z       "result": "passed"
2026-10-05T21:46:10.0013508Z     },
2026-10-05T21:46:10.0013717Z     {
2026-10-05T21:46:10.0014073Z       "name": "Background polling is paused when the document is hidden",
2026-10-05T21:46:10.0014496Z       "result": "passed"
2026-10-05T21:46:10.0014736Z     }
2026-10-05T21:46:10.0014930Z   ],
2026-10-05T21:46:10.0015134Z   "passed": 13,
2026-10-05T21:46:10.0015363Z   "putCount": 3,
2026-10-05T21:46:10.0015856Z   "requestCount": 18,
2026-10-05T21:46:10.0016140Z   "fixtureOnly": true,
2026-10-05T21:46:10.0016652Z   "testKind": "Isolated Node VM with minimal DOM and intercepted API fixture",
2026-10-05T21:46:10.0017642Z   "limitations": "Logic/generator checks only. Chromium launch blocked by environment socket restriction; no rendered browser screenshots and no Android WebView/Mihomo device validation."
2026-10-05T21:46:10.0018240Z }
2026-10-05T21:46:10.0069263Z ##[group]Run set -euo pipefail
2026-10-05T21:46:10.0069528Z [36;1mset -euo pipefail[0m
2026-10-05T21:46:10.0069937Z [36;1mnpm install --prefix "$RUNNER_TEMP/hetu-browser-qa" --ignore-scripts --no-audit --no-fund playwright@1.62.1[0m
2026-10-05T21:46:10.0070725Z [36;1m"$RUNNER_TEMP/hetu-browser-qa/node_modules/.bin/playwright" install --with-deps chromium[0m
2026-10-05T21:46:10.0071241Z [36;1mNODE_PATH="$RUNNER_TEMP/hetu-browser-qa/node_modules" node .github/scripts/test_webui_browser.cjs[0m
2026-10-05T21:46:10.0127854Z shell: /usr/bin/bash -e {0}
2026-10-05T21:46:10.0128062Z env:
2026-10-05T21:46:10.0128292Z   HETU_TEST_KEYSTORE: /home/runner/.android/hetu-ui10-debug.jks
2026-10-05T21:46:10.0128582Z   HETU_EXPECTED_TESTS: 542
2026-10-05T21:46:10.0128786Z   HETU_EXPECTED_TEST_XML_FILES: 56
2026-10-05T21:46:10.0129002Z   HETU_EXPECTED_VERSION: 2086
2026-10-05T21:46:10.0129236Z   HETU_EXPECTED_VERSION_NAME: 0.12.16-v20-fix
2026-10-05T21:46:10.0129462Z ##[endgroup]
2026-10-05T21:46:12.2050086Z 
2026-10-05T21:46:12.2050862Z added 2 packages in 2s
2026-10-05T21:46:12.6303875Z Installing dependencies...
2026-10-05T21:46:12.6370248Z Switching to root user to install dependencies...
2026-10-05T21:46:12.7132712Z Get:1 file:/etc/apt/apt-mirrors.txt Mirrorlist [144 B]
2026-10-05T21:46:12.7493908Z Hit:2 http://azure.archive.ubuntu.com/ubuntu noble InRelease
2026-10-05T21:46:12.7495121Z Get:6 https://packages.microsoft.com/ubuntu/24.04/prod noble InRelease [3600 B]
2026-10-05T21:46:12.7508631Z Get:3 http://azure.archive.ubuntu.com/ubuntu noble-updates InRelease [126 kB]
2026-10-05T21:46:12.7545709Z Get:4 http://azure.archive.ubuntu.com/ubuntu noble-backports InRelease [126 kB]
2026-10-05T21:46:12.7565934Z Get:5 http://azure.archive.ubuntu.com/ubuntu noble-security InRelease [126 kB]
2026-10-05T21:46:12.8550217Z Get:7 https://packages.microsoft.com/ubuntu/24.04/prod noble/main armhf Packages [12.6 kB]
2026-10-05T21:46:12.8637220Z Get:8 https://packages.microsoft.com/ubuntu/24.04/prod noble/main arm64 Packages [458 kB]
2026-10-05T21:46:12.8741882Z Get:9 https://packages.microsoft.com/ubuntu/24.04/prod noble/main amd64 Packages [515 kB]
2026-10-05T21:46:12.9023745Z Get:10 http://azure.archive.ubuntu.com/ubuntu noble-updates/main amd64 Packages [1370 kB]
2026-10-05T21:46:12.9108703Z Get:11 http://azure.archive.ubuntu.com/ubuntu noble-updates/main Translation-en [305 kB]
2026-10-05T21:46:12.9128569Z Get:12 http://azure.archive.ubuntu.com/ubuntu noble-updates/main amd64 Components [181 kB]
2026-10-05T21:46:12.9145184Z Get:13 http://azure.archive.ubuntu.com/ubuntu noble-updates/universe amd64 Packages [1701 kB]
2026-10-05T21:46:12.9217056Z Get:14 http://azure.archive.ubuntu.com/ubuntu noble-updates/universe Translation-en [341 kB]
2026-10-05T21:46:12.9251622Z Get:15 http://azure.archive.ubuntu.com/ubuntu noble-updates/universe amd64 Components [388 kB]
2026-10-05T21:46:12.9278094Z Get:16 http://azure.archive.ubuntu.com/ubuntu noble-updates/restricted amd64 Packages [1728 kB]
2026-10-05T21:46:12.9337881Z Get:17 http://azure.archive.ubuntu.com/ubuntu noble-updates/restricted Translation-en [395 kB]
2026-10-05T21:46:12.9363004Z Get:18 http://azure.archive.ubuntu.com/ubuntu noble-updates/multiverse Translation-en [13.3 kB]
2026-10-05T21:46:12.9375518Z Get:19 http://azure.archive.ubuntu.com/ubuntu noble-updates/multiverse amd64 Components [940 B]
2026-10-05T21:46:13.0005765Z Get:20 http://azure.archive.ubuntu.com/ubuntu noble-backports/main amd64 Components [5764 B]
2026-10-05T21:46:13.0029796Z Get:21 http://azure.archive.ubuntu.com/ubuntu noble-backports/universe amd64 Components [12.6 kB]
2026-10-05T21:46:13.0101206Z Get:22 http://azure.archive.ubuntu.com/ubuntu noble-security/main amd64 Packages [1071 kB]
2026-10-05T21:46:13.0161539Z Get:23 http://azure.archive.ubuntu.com/ubuntu noble-security/main Translation-en [222 kB]
2026-10-05T21:46:13.0184269Z Get:24 http://azure.archive.ubuntu.com/ubuntu noble-security/main amd64 Components [46.4 kB]
2026-10-05T21:46:13.0203610Z Get:25 http://azure.archive.ubuntu.com/ubuntu noble-security/universe amd64 Packages [1216 kB]
2026-10-05T21:46:13.0257234Z Get:26 http://azure.archive.ubuntu.com/ubuntu noble-security/universe Translation-en [244 kB]
2026-10-05T21:46:13.0281390Z Get:27 http://azure.archive.ubuntu.com/ubuntu noble-security/universe amd64 Components [76.3 kB]
2026-10-05T21:46:13.0291748Z Get:28 http://azure.archive.ubuntu.com/ubuntu noble-security/restricted amd64 Packages [1566 kB]
2026-10-05T21:46:13.0365362Z Get:29 http://azure.archive.ubuntu.com/ubuntu noble-security/restricted Translation-en [361 kB]
2026-10-05T21:46:21.2692008Z Fetched 12.6 MB in 1s (11.0 MB/s)
2026-10-05T21:46:21.9842802Z Reading package lists...
2026-10-05T21:46:22.0055320Z Reading package lists...
2026-10-05T21:46:22.2228179Z Building dependency tree...
2026-10-05T21:46:22.2234360Z Reading state information...
2026-10-05T21:46:22.3728322Z libasound2t64 is already the newest version (1.2.11-1ubuntu0.3).
2026-10-05T21:46:22.3728984Z libasound2t64 set to manually installed.
2026-10-05T21:46:22.3729452Z libatk-bridge2.0-0t64 is already the newest version (2.52.0-1build1).
2026-10-05T21:46:22.3729855Z libatk-bridge2.0-0t64 set to manually installed.
2026-10-05T21:46:22.3730221Z libatk1.0-0t64 is already the newest version (2.52.0-1build1).
2026-10-05T21:46:22.3730812Z libatk1.0-0t64 set to manually installed.
2026-10-05T21:46:22.3731158Z libatspi2.0-0t64 is already the newest version (2.52.0-1build1).
2026-10-05T21:46:22.3731483Z libatspi2.0-0t64 set to manually installed.
2026-10-05T21:46:22.3731848Z libcairo2 is already the newest version (1.18.0-3build1).
2026-10-05T21:46:22.3732346Z libcairo2 set to manually installed.
2026-10-05T21:46:22.3732862Z libcups2t64 is already the newest version (2.4.7-1.2ubuntu7.14).
2026-10-05T21:46:22.3733365Z libcups2t64 set to manually installed.
2026-10-05T21:46:22.3733866Z libdbus-1-3 is already the newest version (1.14.10-4ubuntu4.1).
2026-10-05T21:46:22.3734863Z libdbus-1-3 set to manually installed.
2026-10-05T21:46:22.3735324Z libdrm2 is already the newest version (2.4.125-1ubuntu0.1~24.04.2).
2026-10-05T21:46:22.3735642Z libdrm2 set to manually installed.
2026-10-05T21:46:22.3736052Z libglib2.0-0t64 is already the newest version (2.80.0-6ubuntu3.9).
2026-10-05T21:46:22.3736568Z libglib2.0-0t64 set to manually installed.
2026-10-05T21:46:22.3737109Z libnspr4 is already the newest version (2:4.35-1.1build1).
2026-10-05T21:46:22.3737480Z libnspr4 set to manually installed.
2026-10-05T21:46:22.3737786Z libnss3 is already the newest version (2:3.98-1ubuntu0.2).
2026-10-05T21:46:22.3738076Z libnss3 set to manually installed.
2026-10-05T21:46:22.3738395Z libpango-1.0-0 is already the newest version (1.52.1+ds-1build1).
2026-10-05T21:46:22.3738767Z libpango-1.0-0 set to manually installed.
2026-10-05T21:46:22.3739081Z libx11-6 is already the newest version (2:1.8.7-1build1).
2026-10-05T21:46:22.3739375Z libx11-6 set to manually installed.
2026-10-05T21:46:22.3739669Z libxcb1 is already the newest version (1.15-1ubuntu2).
2026-10-05T21:46:22.3739953Z libxcb1 set to manually installed.
2026-10-05T21:46:22.3740362Z libxcomposite1 is already the newest version (1:0.4.5-1build3).
2026-10-05T21:46:22.3740711Z libxcomposite1 set to manually installed.
2026-10-05T21:46:22.3741046Z libxdamage1 is already the newest version (1:1.1.6-1build1).
2026-10-05T21:46:22.3741359Z libxdamage1 set to manually installed.
2026-10-05T21:46:22.3741667Z libxext6 is already the newest version (2:1.3.4-1build2).
2026-10-05T21:46:22.3741967Z libxext6 set to manually installed.
2026-10-05T21:46:22.3742276Z libxfixes3 is already the newest version (1:6.0.0-2build1).
2026-10-05T21:46:22.3742597Z libxfixes3 set to manually installed.
2026-10-05T21:46:22.3742914Z libxkbcommon0 is already the newest version (1.6.0-1build1).
2026-10-05T21:46:22.3743233Z libxkbcommon0 set to manually installed.
2026-10-05T21:46:22.3743541Z libxrandr2 is already the newest version (2:1.5.2-2build1).
2026-10-05T21:46:22.3743840Z libxrandr2 set to manually installed.
2026-10-05T21:46:22.3744315Z xvfb is already the newest version (2:21.1.12-1ubuntu1.8).
2026-10-05T21:46:22.3744740Z fonts-noto-color-emoji is already the newest version (2.047-0ubuntu0.24.04.1).
2026-10-05T21:46:22.3745174Z libfontconfig1 is already the newest version (2.15.0-1.1ubuntu2).
2026-10-05T21:46:22.3745515Z libfontconfig1 set to manually installed.
2026-10-05T21:46:22.3745892Z libfreetype6 is already the newest version (2.13.2+dfsg-1ubuntu0.1).
2026-10-05T21:46:22.3746230Z libfreetype6 set to manually installed.
2026-10-05T21:46:22.3746559Z fonts-liberation is already the newest version (1:2.1.5-3).
2026-10-05T21:46:22.3746876Z fonts-liberation set to manually installed.
2026-10-05T21:46:22.3747189Z The following additional packages will be installed:
2026-10-05T21:46:22.3747613Z   libgl1-mesa-dri libglx-mesa0 mesa-libgallium xfonts-encodings xfonts-utils
2026-10-05T21:46:22.3747944Z Recommended packages:
2026-10-05T21:46:22.3748177Z   fonts-ipafont-mincho fonts-tlwg-loma
2026-10-05T21:46:22.3922592Z The following NEW packages will be installed:
2026-10-05T21:46:22.3923306Z   fonts-freefont-ttf fonts-ipafont-gothic fonts-tlwg-loma-otf fonts-unifont
2026-10-05T21:46:22.3926516Z   fonts-wqy-zenhei xfonts-cyrillic xfonts-encodings xfonts-scalable
2026-10-05T21:46:22.3926978Z   xfonts-utils
2026-10-05T21:46:22.3930191Z The following packages will be upgraded:
2026-10-05T21:46:22.3933915Z   libgbm1 libgl1-mesa-dri libglx-mesa0 mesa-libgallium
2026-10-05T21:46:22.4078897Z 4 upgraded, 9 newly installed, 0 to remove and 21 not upgraded.
2026-10-05T21:46:22.4079446Z Need to get 32.1 MB of archives.
2026-10-05T21:46:22.4079977Z After this operation, 79.5 MB of additional disk space will be used.
2026-10-05T21:46:22.4080698Z Get:1 file:/etc/apt/apt-mirrors.txt Mirrorlist [144 B]
2026-10-05T21:46:22.4475924Z Get:2 http://azure.archive.ubuntu.com/ubuntu noble/universe amd64 fonts-ipafont-gothic all 00303-21ubuntu1 [3513 kB]
2026-10-05T21:46:22.4937419Z Get:3 http://azure.archive.ubuntu.com/ubuntu noble/main amd64 fonts-freefont-ttf all 20211204+svn4273-2 [5641 kB]
2026-10-05T21:46:22.5350962Z Get:4 http://azure.archive.ubuntu.com/ubuntu noble/universe amd64 fonts-tlwg-loma-otf all 1:0.7.3-1 [107 kB]
2026-10-05T21:46:22.5505569Z Get:5 http://azure.archive.ubuntu.com/ubuntu noble/universe amd64 fonts-unifont all 1:15.1.01-1build1 [2993 kB]
2026-10-05T21:46:22.5794866Z Get:6 http://azure.archive.ubuntu.com/ubuntu noble/universe amd64 fonts-wqy-zenhei all 0.9.45-8 [7472 kB]
2026-10-05T21:46:22.6289435Z Get:7 http://azure.archive.ubuntu.com/ubuntu noble-updates/main amd64 libgl1-mesa-dri amd64 25.2.8-0ubuntu0.24.04.4 [38.0 kB]
2026-10-05T21:46:22.6438152Z Get:8 http://azure.archive.ubuntu.com/ubuntu noble-updates/main amd64 libglx-mesa0 amd64 25.2.8-0ubuntu0.24.04.4 [110 kB]
2026-10-05T21:46:22.6591187Z Get:9 http://azure.archive.ubuntu.com/ubuntu noble-updates/main amd64 libgbm1 amd64 25.2.8-0ubuntu0.24.04.4 [34.2 kB]
2026-10-05T21:46:22.6739945Z Get:10 http://azure.archive.ubuntu.com/ubuntu noble-updates/main amd64 mesa-libgallium amd64 25.2.8-0ubuntu0.24.04.4 [10.8 MB]
2026-10-05T21:46:22.7410766Z Get:11 http://azure.archive.ubuntu.com/ubuntu noble/main amd64 xfonts-encodings all 1:1.0.5-0ubuntu2 [578 kB]
2026-10-05T21:46:22.7626629Z Get:12 http://azure.archive.ubuntu.com/ubuntu noble/main amd64 xfonts-utils amd64 1:7.7+6build3 [94.4 kB]
2026-10-05T21:46:22.7782226Z Get:13 http://azure.archive.ubuntu.com/ubuntu noble/universe amd64 xfonts-cyrillic all 1:1.0.5+nmu1 [384 kB]
2026-10-05T21:46:22.7948431Z Get:14 http://azure.archive.ubuntu.com/ubuntu noble/main amd64 xfonts-scalable all 1:1.0.3-1.3 [304 kB]
2026-10-05T21:46:23.0209789Z Fetched 32.1 MB in 0s (80.6 MB/s)
2026-10-05T21:46:23.1540437Z Selecting previously unselected package fonts-ipafont-gothic.
2026-10-05T21:46:23.1729281Z (Reading database ... 
2026-10-05T21:46:23.1729553Z (Reading database ... 5%
2026-10-05T21:46:23.1729781Z (Reading database ... 10%
2026-10-05T21:46:23.1730002Z (Reading database ... 15%
2026-10-05T21:46:23.1730230Z (Reading database ... 20%
2026-10-05T21:46:23.1730647Z (Reading database ... 25%
2026-10-05T21:46:23.1731272Z (Reading database ... 30%
2026-10-05T21:46:23.1731585Z (Reading database ... 35%
2026-10-05T21:46:23.1731790Z (Reading database ... 40%
2026-10-05T21:46:23.1732184Z (Reading database ... 45%
2026-10-05T21:46:23.1732649Z (Reading database ... 50%
2026-10-05T21:46:23.1756128Z (Reading database ... 55%
2026-10-05T21:46:23.4354756Z (Reading database ... 60%
2026-10-05T21:46:23.6627416Z (Reading database ... 65%
2026-10-05T21:46:23.8370899Z (Reading database ... 70%
2026-10-05T21:46:24.2966035Z (Reading database ... 75%
2026-10-05T21:46:24.5325863Z (Reading database ... 80%
2026-10-05T21:46:25.0067352Z (Reading database ... 85%
2026-10-05T21:46:25.3448371Z (Reading database ... 90%
2026-10-05T21:46:25.5220087Z (Reading database ... 95%
2026-10-05T21:46:25.5220834Z (Reading database ... 100%
2026-10-05T21:46:25.5221304Z (Reading database ... 202296 files and directories currently installed.)
2026-10-05T21:46:25.5263512Z Preparing to unpack .../00-fonts-ipafont-gothic_00303-21ubuntu1_all.deb ...
2026-10-05T21:46:25.5584180Z Unpacking fonts-ipafont-gothic (00303-21ubuntu1) ...
2026-10-05T21:46:25.7995235Z Selecting previously unselected package fonts-freefont-ttf.
2026-10-05T21:46:25.8107574Z Preparing to unpack .../01-fonts-freefont-ttf_20211204+svn4273-2_all.deb ...
2026-10-05T21:46:25.9570789Z Unpacking fonts-freefont-ttf (20211204+svn4273-2) ...
2026-10-05T21:46:26.0728643Z Selecting previously unselected package fonts-tlwg-loma-otf.
2026-10-05T21:46:26.0842747Z Preparing to unpack .../02-fonts-tlwg-loma-otf_1%3a0.7.3-1_all.deb ...
2026-10-05T21:46:26.0847499Z Unpacking fonts-tlwg-loma-otf (1:0.7.3-1) ...
2026-10-05T21:46:26.1734565Z Selecting previously unselected package fonts-unifont.
2026-10-05T21:46:26.1847581Z Preparing to unpack .../03-fonts-unifont_1%3a15.1.01-1build1_all.deb ...
2026-10-05T21:46:26.2025898Z Unpacking fonts-unifont (1:15.1.01-1build1) ...
2026-10-05T21:46:26.4511542Z Selecting previously unselected package fonts-wqy-zenhei.
2026-10-05T21:46:26.4626915Z Preparing to unpack .../04-fonts-wqy-zenhei_0.9.45-8_all.deb ...
2026-10-05T21:46:26.4710719Z Unpacking fonts-wqy-zenhei (0.9.45-8) ...
2026-10-05T21:46:26.9862691Z Preparing to unpack .../05-libgl1-mesa-dri_25.2.8-0ubuntu0.24.04.4_amd64.deb ...
2026-10-05T21:46:26.9986453Z Unpacking libgl1-mesa-dri:amd64 (25.2.8-0ubuntu0.24.04.4) over (25.2.8-0ubuntu0.24.04.2) ...
2026-10-05T21:46:27.1117439Z Preparing to unpack .../06-libglx-mesa0_25.2.8-0ubuntu0.24.04.4_amd64.deb ...
2026-10-05T21:46:27.1284139Z Unpacking libglx-mesa0:amd64 (25.2.8-0ubuntu0.24.04.4) over (25.2.8-0ubuntu0.24.04.2) ...
2026-10-05T21:46:27.1652825Z Preparing to unpack .../07-libgbm1_25.2.8-0ubuntu0.24.04.4_amd64.deb ...
2026-10-05T21:46:27.1715263Z Unpacking libgbm1:amd64 (25.2.8-0ubuntu0.24.04.4) over (25.2.8-0ubuntu0.24.04.2) ...
2026-10-05T21:46:27.2040006Z Preparing to unpack .../08-mesa-libgallium_25.2.8-0ubuntu0.24.04.4_amd64.deb ...
2026-10-05T21:46:27.2057832Z Unpacking mesa-libgallium:amd64 (25.2.8-0ubuntu0.24.04.4) over (25.2.8-0ubuntu0.24.04.2) ...
2026-10-05T21:46:27.5463408Z Selecting previously unselected package xfonts-encodings.
2026-10-05T21:46:27.5578356Z Preparing to unpack .../09-xfonts-encodings_1%3a1.0.5-0ubuntu2_all.deb ...
2026-10-05T21:46:27.5723617Z Unpacking xfonts-encodings (1:1.0.5-0ubuntu2) ...
2026-10-05T21:46:27.5957295Z Selecting previously unselected package xfonts-utils.
2026-10-05T21:46:27.6070686Z Preparing to unpack .../10-xfonts-utils_1%3a7.7+6build3_amd64.deb ...
2026-10-05T21:46:27.6075611Z Unpacking xfonts-utils (1:7.7+6build3) ...
2026-10-05T21:46:27.6482659Z Selecting previously unselected package xfonts-cyrillic.
2026-10-05T21:46:27.6597262Z Preparing to unpack .../11-xfonts-cyrillic_1%3a1.0.5+nmu1_all.deb ...
2026-10-05T21:46:27.6602356Z Unpacking xfonts-cyrillic (1:1.0.5+nmu1) ...
2026-10-05T21:46:27.6863568Z Selecting previously unselected package xfonts-scalable.
2026-10-05T21:46:27.6978218Z Preparing to unpack .../12-xfonts-scalable_1%3a1.0.3-1.3_all.deb ...
2026-10-05T21:46:27.6984663Z Unpacking xfonts-scalable (1:1.0.3-1.3) ...
2026-10-05T21:46:27.7428568Z Setting up mesa-libgallium:amd64 (25.2.8-0ubuntu0.24.04.4) ...
2026-10-05T21:46:27.7444455Z Setting up libgbm1:amd64 (25.2.8-0ubuntu0.24.04.4) ...
2026-10-05T21:46:27.7457475Z Setting up libgl1-mesa-dri:amd64 (25.2.8-0ubuntu0.24.04.4) ...
2026-10-05T21:46:27.7517925Z Setting up fonts-wqy-zenhei (0.9.45-8) ...
2026-10-05T21:46:27.7769942Z Setting up fonts-freefont-ttf (20211204+svn4273-2) ...
2026-10-05T21:46:27.7785202Z Setting up fonts-tlwg-loma-otf (1:0.7.3-1) ...
2026-10-05T21:46:27.7798533Z Setting up xfonts-encodings (1:1.0.5-0ubuntu2) ...
2026-10-05T21:46:27.7823930Z Setting up fonts-ipafont-gothic (00303-21ubuntu1) ...
2026-10-05T21:46:27.7881620Z update-alternatives: using /usr/share/fonts/opentype/ipafont-gothic/ipag.ttf to provide /usr/share/fonts/truetype/fonts-japanese-gothic.ttf (fonts-japanese-gothic.ttf) in auto mode
2026-10-05T21:46:27.7894792Z Setting up fonts-unifont (1:15.1.01-1build1) ...
2026-10-05T21:46:27.7909332Z Setting up libglx-mesa0:amd64 (25.2.8-0ubuntu0.24.04.4) ...
2026-10-05T21:46:27.7923350Z Setting up xfonts-utils (1:7.7+6build3) ...
2026-10-05T21:46:27.7956180Z Setting up xfonts-cyrillic (1:1.0.5+nmu1) ...
2026-10-05T21:46:27.8230998Z Setting up xfonts-scalable (1:1.0.3-1.3) ...
2026-10-05T21:46:27.8514532Z Processing triggers for libc-bin (2.39-0ubuntu8.9) ...
2026-10-05T21:46:28.0066918Z Processing triggers for man-db (2.12.0-4build2) ...
2026-10-05T21:46:28.0084466Z Not building database; man-db/auto-update is not 'true'.
2026-10-05T21:46:28.0096588Z Processing triggers for fontconfig (2.15.0-1.1ubuntu2) ...
2026-10-05T21:46:28.7158372Z 
2026-10-05T21:46:28.7158939Z Running kernel seems to be up-to-date.
2026-10-05T21:46:28.7159176Z 
2026-10-05T21:46:28.7159308Z No services need to be restarted.
2026-10-05T21:46:28.7159465Z 
2026-10-05T21:46:28.7159589Z No containers need to be restarted.
2026-10-05T21:46:28.7160150Z 
2026-10-05T21:46:28.7160421Z No user sessions are running outdated binaries.
2026-10-05T21:46:28.7160588Z 
2026-10-05T21:46:28.7160831Z No VM guests are running outdated hypervisor (qemu) binaries on this host.
2026-10-05T21:46:29.6358293Z Downloading Chrome for Testing 151.0.7922.34 (playwright chromium v1234) from https://cdn.playwright.dev/builds/cft/151.0.7922.34/linux64/chrome-linux64.zip
2026-10-05T21:46:30.5596392Z |                                                                                |   0% of 184.3 MiB
2026-10-05T21:46:30.7746735Z |■■■■■■■■                                                                        |  10% of 184.3 MiB
2026-10-05T21:46:30.9454092Z |■■■■■■■■■■■■■■■■                                                                |  20% of 184.3 MiB
2026-10-05T21:46:31.1616109Z |■■■■■■■■■■■■■■■■■■■■■■■■                                                        |  30% of 184.3 MiB
2026-10-05T21:46:31.3816004Z |■■■■■■■■■■■■■■■■■■■■■■■■■■■■■■■■                                                |  40% of 184.3 MiB
2026-10-05T21:46:31.5977231Z |■■■■■■■■■■■■■■■■■■■■■■■■■■■■■■■■■■■■■■■■                                        |  50% of 184.3 MiB
2026-10-05T21:46:31.7339398Z |■■■■■■■■■■■■■■■■■■■■■■■■■■■■■■■■■■■■■■■■■■■■■■■■                                |  60% of 184.3 MiB
2026-10-05T21:46:31.9038403Z |■■■■■■■■■■■■■■■■■■■■■■■■■■■■■■■■■■■■■■■■■■■■■■■■■■■■■■■■                        |  70% of 184.3 MiB
2026-10-05T21:46:32.0845246Z |■■■■■■■■■■■■■■■■■■■■■■■■■■■■■■■■■■■■■■■■■■■■■■■■■■■■■■■■■■■■■■■■                |  80% of 184.3 MiB
2026-10-05T21:46:32.2581833Z |■■■■■■■■■■■■■■■■■■■■■■■■■■■■■■■■■■■■■■■■■■■■■■■■■■■■■■■■■■■■■■■■■■■■■■■■        |  90% of 184.3 MiB
2026-10-05T21:46:32.4476297Z |■■■■■■■■■■■■■■■■■■■■■■■■■■■■■■■■■■■■■■■■■■■■■■■■■■■■■■■■■■■■■■■■■■■■■■■■■■■■■■■■| 100% of 184.3 MiB
2026-10-05T21:46:34.8909643Z Chrome for Testing 151.0.7922.34 (playwright chromium v1234) downloaded to /home/runner/.cache/ms-playwright/chromium-1234
2026-10-05T21:46:34.8912946Z Downloading FFmpeg (playwright ffmpeg v1011) from https://cdn.playwright.dev/dbazure/download/playwright/builds/ffmpeg/1011/ffmpeg-linux.zip
2026-10-05T21:46:35.7899667Z |                                                                                |   0% of 2.3 MiB
2026-10-05T21:46:35.7925466Z |■■■■■■■■                                                                        |  10% of 2.3 MiB
2026-10-05T21:46:35.7955506Z |■■■■■■■■■■■■■■■■                                                                |  20% of 2.3 MiB
2026-10-05T21:46:35.7982078Z |■■■■■■■■■■■■■■■■■■■■■■■■                                                        |  30% of 2.3 MiB
2026-10-05T21:46:35.8002084Z |■■■■■■■■■■■■■■■■■■■■■■■■■■■■■■■■                                                |  40% of 2.3 MiB
2026-10-05T21:46:35.8019498Z |■■■■■■■■■■■■■■■■■■■■■■■■■■■■■■■■■■■■■■■■                                        |  50% of 2.3 MiB
2026-10-05T21:46:35.8027714Z |■■■■■■■■■■■■■■■■■■■■■■■■■■■■■■■■■■■■■■■■■■■■■■■■                                |  60% of 2.3 MiB
2026-10-05T21:46:35.8045028Z |■■■■■■■■■■■■■■■■■■■■■■■■■■■■■■■■■■■■■■■■■■■■■■■■■■■■■■■■                        |  70% of 2.3 MiB
2026-10-05T21:46:35.8058665Z |■■■■■■■■■■■■■■■■■■■■■■■■■■■■■■■■■■■■■■■■■■■■■■■■■■■■■■■■■■■■■■■■                |  80% of 2.3 MiB
2026-10-05T21:46:35.8068465Z |■■■■■■■■■■■■■■■■■■■■■■■■■■■■■■■■■■■■■■■■■■■■■■■■■■■■■■■■■■■■■■■■■■■■■■■■        |  90% of 2.3 MiB
2026-10-05T21:46:35.8075106Z |■■■■■■■■■■■■■■■■■■■■■■■■■■■■■■■■■■■■■■■■■■■■■■■■■■■■■■■■■■■■■■■■■■■■■■■■■■■■■■■■| 100% of 2.3 MiB
2026-10-05T21:46:35.8571076Z FFmpeg (playwright ffmpeg v1011) downloaded to /home/runner/.cache/ms-playwright/ffmpeg-1011
2026-10-05T21:46:35.8573493Z Downloading Chrome Headless Shell 151.0.7922.34 (playwright chromium-headless-shell v1234) from https://cdn.playwright.dev/builds/cft/151.0.7922.34/linux64/chrome-headless-shell-linux64.zip
2026-10-05T21:46:36.7654435Z |                                                                                |   0% of 114.7 MiB
2026-10-05T21:46:36.8704003Z |■■■■■■■■                                                                        |  10% of 114.7 MiB
2026-10-05T21:46:36.9424386Z |■■■■■■■■■■■■■■■■                                                                |  20% of 114.7 MiB
2026-10-05T21:46:37.0009917Z |■■■■■■■■■■■■■■■■■■■■■■■■                                                        |  30% of 114.7 MiB
2026-10-05T21:46:37.0366317Z |■■■■■■■■■■■■■■■■■■■■■■■■■■■■■■■■                                                |  40% of 114.7 MiB
2026-10-05T21:46:37.0765098Z |■■■■■■■■■■■■■■■■■■■■■■■■■■■■■■■■■■■■■■■■                                        |  50% of 114.7 MiB
2026-10-05T21:46:37.1254465Z |■■■■■■■■■■■■■■■■■■■■■■■■■■■■■■■■■■■■■■■■■■■■■■■■                                |  60% of 114.7 MiB
2026-10-05T21:46:37.1555389Z |■■■■■■■■■■■■■■■■■■■■■■■■■■■■■■■■■■■■■■■■■■■■■■■■■■■■■■■■                        |  70% of 114.7 MiB
2026-10-05T21:46:37.1836246Z |■■■■■■■■■■■■■■■■■■■■■■■■■■■■■■■■■■■■■■■■■■■■■■■■■■■■■■■■■■■■■■■■                |  80% of 114.7 MiB
2026-10-05T21:46:37.2296792Z |■■■■■■■■■■■■■■■■■■■■■■■■■■■■■■■■■■■■■■■■■■■■■■■■■■■■■■■■■■■■■■■■■■■■■■■■        |  90% of 114.7 MiB
2026-10-05T21:46:37.2581238Z |■■■■■■■■■■■■■■■■■■■■■■■■■■■■■■■■■■■■■■■■■■■■■■■■■■■■■■■■■■■■■■■■■■■■■■■■■■■■■■■■| 100% of 114.7 MiB
2026-10-05T21:46:39.0245063Z Chrome Headless Shell 151.0.7922.34 (playwright chromium-headless-shell v1234) downloaded to /home/runner/.cache/ms-playwright/chromium_headless_shell-1234
2026-10-05T21:46:41.7381173Z {
2026-10-05T21:46:41.7383542Z   "results": [
2026-10-05T21:46:41.7383967Z     {
2026-10-05T21:46:41.7384501Z       "name": "Overview displays four actual-response metrics and formatted counters",
2026-10-05T21:46:41.7385162Z       "result": "passed"
2026-10-05T21:46:41.7385521Z     },
2026-10-05T21:46:41.7385810Z     {
2026-10-05T21:46:41.7386362Z       "name": "Groups and labels are escaped and retain actual count/type/current node",
2026-10-05T21:46:41.7386982Z       "result": "passed"
2026-10-05T21:46:41.7387519Z     },
2026-10-05T21:46:41.7387909Z     {
2026-10-05T21:46:41.7388636Z       "name": "Cancel dismisses node dialog without mutation",
2026-10-05T21:46:41.7388950Z       "result": "passed"
2026-10-05T21:46:41.7389150Z     },
2026-10-05T21:46:41.7389312Z     {
2026-10-05T21:46:41.7389611Z       "name": "Rejected PUT shows the 503 notice and retains previous selection",
2026-10-05T21:46:41.7389920Z       "result": "passed"
2026-10-05T21:46:41.7390096Z     },
2026-10-05T21:46:41.7390246Z     {
2026-10-05T21:46:41.7390917Z       "name": "Successful authenticated PUT is followed by controller reread before current-node update",
2026-10-05T21:46:41.7391481Z       "result": "passed"
2026-10-05T21:46:41.7391744Z     },
2026-10-05T21:46:41.7391942Z     {
2026-10-05T21:46:41.7392350Z       "name": "Unconfirmed 204 response cannot falsely change the selected node",
2026-10-05T21:46:41.7392822Z       "result": "passed"
2026-10-05T21:46:41.7393066Z     },
2026-10-05T21:46:41.7393277Z     {
2026-10-05T21:46:41.7393703Z       "name": "Connections show host, chain, separate upload and download from response",
2026-10-05T21:46:41.7394199Z       "result": "passed"
2026-10-05T21:46:41.7394438Z     },
2026-10-05T21:46:41.7394656Z     {
2026-10-05T21:46:41.7395205Z       "name": "Failed controller refresh and tab switch cannot display fake zero metrics or stale connected status",
2026-10-05T21:46:41.7395769Z       "result": "passed"
2026-10-05T21:46:41.7396002Z     },
2026-10-05T21:46:41.7396210Z     {
2026-10-05T21:46:41.7396680Z       "name": "Retry restores connected metrics from successful response",
2026-10-05T21:46:41.7398403Z       "result": "passed"
2026-10-05T21:46:41.7398669Z     },
2026-10-05T21:46:41.7398884Z     {
2026-10-05T21:46:41.7399356Z       "name": "No JavaScript errors and bearer authentication retained on every API request",
2026-10-05T21:46:41.7399858Z       "result": "passed"
2026-10-05T21:46:41.7400116Z     },
2026-10-05T21:46:41.7400490Z     {
2026-10-05T21:46:41.7400867Z       "name": "Built-in dashboard script has no external request endpoint",
2026-10-05T21:46:41.7402628Z       "result": "passed"
2026-10-05T21:46:41.7402905Z     },
2026-10-05T21:46:41.7403121Z     {
2026-10-05T21:46:41.7403945Z       "name": "Five reference-shaped browser content states rendered from explicit isolated fixtures",
2026-10-05T21:46:41.7404560Z       "result": "passed"
2026-10-05T21:46:41.7404828Z     }
2026-10-05T21:46:41.7405055Z   ],
2026-10-05T21:46:41.7405287Z   "passed": 12,
2026-10-05T21:46:41.7405538Z   "putCount": 4,
2026-10-05T21:46:41.7405816Z   "requestCount": 23,
2026-10-05T21:46:41.7406099Z   "browser": "Chromium",
2026-10-05T21:46:41.7406527Z   "viewport": "393 x 789 CSS pixels; HTML content only, no OS bars",
2026-10-05T21:46:41.7406970Z   "fixtureOnly": true,
2026-10-05T21:46:41.7407259Z   "referenceImages": [
2026-10-05T21:46:41.7407595Z     "reference-03B-040-overview.png",
2026-10-05T21:46:41.7407993Z     "reference-03B-041-groups.png",
2026-10-05T21:46:41.7408397Z     "reference-03B-042-connections.png",
2026-10-05T21:46:41.7408809Z     "reference-03B-043-node-dialog.png",
2026-10-05T21:46:41.7409224Z     "reference-03B-044-switch-failure.png"
2026-10-05T21:46:41.7409563Z   ],
2026-10-05T21:46:41.7412170Z   "limitations": "Controlled browser/API fixtures, not Android WebView or a running Mihomo core; populated counts/names are test data, not exact reference data."
2026-10-05T21:46:41.7413076Z }
2026-10-05T21:46:41.7886621Z ##[group]Run actions/setup-java@v4
2026-10-05T21:46:41.7886853Z with:
2026-10-05T21:46:41.7887021Z   distribution: temurin
2026-10-05T21:46:41.7887207Z   java-version: 21
2026-10-05T21:46:41.7887382Z   java-package: jdk
2026-10-05T21:46:41.7887561Z   check-latest: false
2026-10-05T21:46:41.7887742Z   server-id: github
2026-10-05T21:46:41.7887921Z   server-username: GITHUB_ACTOR
2026-10-05T21:46:41.7888129Z   server-password: GITHUB_TOKEN
2026-10-05T21:46:41.7888331Z   overwrite-settings: true
2026-10-05T21:46:41.7888552Z   job-status: success
2026-10-05T21:46:41.7890797Z   token: ***
2026-10-05T21:46:41.7890961Z env:
2026-10-05T21:46:41.7891189Z   HETU_TEST_KEYSTORE: /home/runner/.android/hetu-ui10-debug.jks
2026-10-05T21:46:41.7891657Z   HETU_EXPECTED_TESTS: 542
2026-10-05T21:46:41.7891864Z   HETU_EXPECTED_TEST_XML_FILES: 56
2026-10-05T21:46:41.7892081Z   HETU_EXPECTED_VERSION: 2086
2026-10-05T21:46:41.7892297Z   HETU_EXPECTED_VERSION_NAME: 0.12.16-v20-fix
2026-10-05T21:46:41.7892559Z ##[endgroup]
2026-10-05T21:46:41.9306380Z ##[warning]setup-java v4 is deprecated and will no longer receive updates. Please migrate to actions/setup-java@v5.
2026-10-05T21:46:41.9316072Z ##[group]Installed distributions
2026-10-05T21:46:41.9343930Z Resolved Java 21.0.12+1 from tool-cache
2026-10-05T21:46:41.9344287Z Setting Java 21.0.12+1 as the default
2026-10-05T21:46:41.9352593Z (node:15334) [DEP0040] DeprecationWarning: The `punycode` module is deprecated. Please use a userland alternative instead.
2026-10-05T21:46:41.9353609Z (Use `node --trace-deprecation ...` to show where the warning was created)
2026-10-05T21:46:41.9355774Z Creating toolchains.xml for JDK version 21 from temurin
2026-10-05T21:46:41.9409782Z Writing to /home/runner/.m2/toolchains.xml
2026-10-05T21:46:41.9410070Z 
2026-10-05T21:46:41.9410484Z Java configuration:
2026-10-05T21:46:41.9410799Z   Distribution: temurin
2026-10-05T21:46:41.9411099Z   Version: 21.0.12+1
2026-10-05T21:46:41.9411604Z   Path: /opt/hostedtoolcache/Java_Temurin-Hotspot_jdk/21.0.12-1/x64
2026-10-05T21:46:41.9411984Z 
2026-10-05T21:46:41.9412339Z ##[endgroup]
2026-10-05T21:46:41.9415313Z Creating settings.xml with server-id: github
2026-10-05T21:46:41.9453651Z Writing to /home/runner/.m2/settings.xml
2026-10-05T21:46:41.9598376Z ##[group]Run python3 tools/qa/test_filter_export.py --before out/verification/v2075-adblock.java
2026-10-05T21:46:41.9599222Z [36;1mpython3 tools/qa/test_filter_export.py --before out/verification/v2075-adblock.java[0m
2026-10-05T21:46:41.9672164Z shell: /usr/bin/bash -e {0}
2026-10-05T21:46:41.9672391Z env:
2026-10-05T21:46:41.9672623Z   HETU_TEST_KEYSTORE: /home/runner/.android/hetu-ui10-debug.jks
2026-10-05T21:46:41.9672953Z   HETU_EXPECTED_TESTS: 542
2026-10-05T21:46:41.9673156Z   HETU_EXPECTED_TEST_XML_FILES: 56
2026-10-05T21:46:41.9673380Z   HETU_EXPECTED_VERSION: 2086
2026-10-05T21:46:41.9673700Z   HETU_EXPECTED_VERSION_NAME: 0.12.16-v20-fix
2026-10-05T21:46:41.9674216Z   JAVA_HOME: /opt/hostedtoolcache/Java_Temurin-Hotspot_jdk/21.0.12-1/x64
2026-10-05T21:46:41.9674849Z   JAVA_HOME_21_X64: /opt/hostedtoolcache/Java_Temurin-Hotspot_jdk/21.0.12-1/x64
2026-10-05T21:46:41.9675354Z ##[endgroup]
2026-10-05T21:46:47.3278293Z {"fixtureOnly": true, "deviceOrNetworkAccess": false, "beforeSourceSha256": "a7518bf438b82eab26c37611c6fad90b818cd8d2c84e119f083091bb2719ac04", "afterSourceSha256": "55b8d560086cf41493a28d074e63ee08f72e7c360c208d63fb36cbb59d46506f", "before": "old-cache-eviction-ENOENT-reproduced", "after": "new-cache-eviction-stable-pair-and-handoff-passed"}
2026-10-05T21:46:47.3377864Z ##[group]Run actions/cache/restore@v4
2026-10-05T21:46:47.3378105Z with:
2026-10-05T21:46:47.3378318Z   path: /home/runner/.android/hetu-ui10-debug.jks
2026-10-05T21:46:47.3378622Z   key: hetu-ui10-debug-signing-v1
2026-10-05T21:46:47.3378849Z   fail-on-cache-miss: true
2026-10-05T21:46:47.3379062Z   enableCrossOsArchive: false
2026-10-05T21:46:47.3379276Z   lookup-only: false
2026-10-05T21:46:47.3379456Z env:
2026-10-05T21:46:47.3379676Z   HETU_TEST_KEYSTORE: /home/runner/.android/hetu-ui10-debug.jks
2026-10-05T21:46:47.3379966Z   HETU_EXPECTED_TESTS: 542
2026-10-05T21:46:47.3380181Z   HETU_EXPECTED_TEST_XML_FILES: 56
2026-10-05T21:46:47.3380621Z   HETU_EXPECTED_VERSION: 2086
2026-10-05T21:46:47.3380912Z   HETU_EXPECTED_VERSION_NAME: 0.12.16-v20-fix
2026-10-05T21:46:47.3381251Z   JAVA_HOME: /opt/hostedtoolcache/Java_Temurin-Hotspot_jdk/21.0.12-1/x64
2026-10-05T21:46:47.3381643Z   JAVA_HOME_21_X64: /opt/hostedtoolcache/Java_Temurin-Hotspot_jdk/21.0.12-1/x64
2026-10-05T21:46:47.3381986Z ##[endgroup]
2026-10-05T21:46:47.4241224Z (node:15430) [DEP0040] DeprecationWarning: The `punycode` module is deprecated. Please use a userland alternative instead.
2026-10-05T21:46:47.4242122Z (Use `node --trace-deprecation ...` to show where the warning was created)
2026-10-05T21:46:47.5730948Z Cache hit for: hetu-ui10-debug-signing-v1
2026-10-05T21:46:47.5816678Z (node:15430) [DEP0169] DeprecationWarning: `url.parse()` behavior is not standardized and prone to errors that have security implications. Use the WHATWG URL API instead. CVEs are not issued for `url.parse()` vulnerabilities.
2026-10-05T21:46:47.6484814Z Received 2792 of 2792 (100.0%), 0.1 MBs/sec
2026-10-05T21:46:47.6485266Z Cache Size: ~0 MB (2792 B)
2026-10-05T21:46:47.6507554Z [command]/usr/bin/tar -xf /home/runner/work/_temp/2e3c68f5-c658-4994-9816-e53c19648c3d/cache.tzst -P -C /home/runner/work/hetu/hetu --use-compress-program unzstd
2026-10-05T21:46:47.6555860Z Cache restored successfully
2026-10-05T21:46:47.6614928Z Cache restored from key: hetu-ui10-debug-signing-v1
2026-10-05T21:46:47.6694325Z ##[group]Run set -euo pipefail
2026-10-05T21:46:47.6694598Z [36;1mset -euo pipefail[0m
2026-10-05T21:46:47.6694829Z [36;1mtest -s "$HETU_TEST_KEYSTORE"[0m
2026-10-05T21:46:47.6695237Z [36;1mkeytool -exportcert -keystore "$HETU_TEST_KEYSTORE" -alias androiddebugkey -storepass android \[0m
2026-10-05T21:46:47.6705487Z [36;1m  | openssl dgst -sha256 -r | cut -d ' ' -f1 | grep -qx '701bbb0aaa5709cf2bebd96ff85ebd64c06cf6c3a2211ec21a9c51e534a5faad'[0m
2026-10-05T21:46:47.6763525Z shell: /usr/bin/bash -e {0}
2026-10-05T21:46:47.6763742Z env:
2026-10-05T21:46:47.6763984Z   HETU_TEST_KEYSTORE: /home/runner/.android/hetu-ui10-debug.jks
2026-10-05T21:46:47.6764276Z   HETU_EXPECTED_TESTS: 542
2026-10-05T21:46:47.6764493Z   HETU_EXPECTED_TEST_XML_FILES: 56
2026-10-05T21:46:47.6764710Z   HETU_EXPECTED_VERSION: 2086
2026-10-05T21:46:47.6764933Z   HETU_EXPECTED_VERSION_NAME: 0.12.16-v20-fix
2026-10-05T21:46:47.6765291Z   JAVA_HOME: /opt/hostedtoolcache/Java_Temurin-Hotspot_jdk/21.0.12-1/x64
2026-10-05T21:46:47.6765672Z   JAVA_HOME_21_X64: /opt/hostedtoolcache/Java_Temurin-Hotspot_jdk/21.0.12-1/x64
2026-10-05T21:46:47.6765985Z ##[endgroup]
2026-10-05T21:46:48.4534777Z ##[group]Run set -euo pipefail
2026-10-05T21:46:48.4535059Z [36;1mset -euo pipefail[0m
2026-10-05T21:46:48.4535457Z [36;1mSDKMANAGER=$(find "$ANDROID_HOME/cmdline-tools" -type f -path '*/bin/sdkmanager' | sort | tail -n 1)[0m
2026-10-05T21:46:48.4535911Z [36;1myes | "$SDKMANAGER" --licenses >/dev/null || true[0m
2026-10-05T21:46:48.4536238Z [36;1m"$SDKMANAGER" 'platforms;android-37.0' 'build-tools;37.0.0'[0m
2026-10-05T21:46:48.4594082Z shell: /usr/bin/bash -e {0}
2026-10-05T21:46:48.4594309Z env:
2026-10-05T21:46:48.4594557Z   HETU_TEST_KEYSTORE: /home/runner/.android/hetu-ui10-debug.jks
2026-10-05T21:46:48.4594854Z   HETU_EXPECTED_TESTS: 542
2026-10-05T21:46:48.4595064Z   HETU_EXPECTED_TEST_XML_FILES: 56
2026-10-05T21:46:48.4595291Z   HETU_EXPECTED_VERSION: 2086
2026-10-05T21:46:48.4595522Z   HETU_EXPECTED_VERSION_NAME: 0.12.16-v20-fix
2026-10-05T21:46:48.4595836Z   JAVA_HOME: /opt/hostedtoolcache/Java_Temurin-Hotspot_jdk/21.0.12-1/x64
2026-10-05T21:46:48.4596288Z   JAVA_HOME_21_X64: /opt/hostedtoolcache/Java_Temurin-Hotspot_jdk/21.0.12-1/x64
2026-10-05T21:46:48.4596598Z ##[endgroup]
2026-10-05T21:46:53.7064688Z yes: standard output: Broken pipe
2026-10-05T21:46:54.2551008Z Loading package information...                                                  
2026-10-05T21:46:54.3314022Z Loading local repository...                                                     
2026-10-05T21:46:54.3316582Z [                                       ] 3% Loading local repository...        
2026-10-05T21:46:54.3351115Z [                                       ] 3% Fetch remote repository...         
2026-10-05T21:46:54.5722517Z [=                                      ] 3% Fetch remote repository...         
2026-10-05T21:46:54.6720746Z [=                                      ] 4% Fetch remote repository...         
2026-10-05T21:46:54.6986098Z [=                                      ] 5% Fetch remote repository...         
2026-10-05T21:46:54.7466486Z [==                                     ] 5% Fetch remote repository...         
2026-10-05T21:46:54.8045042Z [==                                     ] 6% Fetch remote repository...         
2026-10-05T21:46:54.8722118Z [==                                     ] 7% Fetch remote repository...         
2026-10-05T21:46:54.8751115Z [==                                     ] 7% Computing updates...               
2026-10-05T21:46:54.8811225Z [===                                    ] 8% Computing updates...               
2026-10-05T21:46:54.8856970Z [===                                    ] 10% Computing updates...              
2026-10-05T21:46:54.8878879Z [=======================================] 100% Computing updates...             
2026-10-05T21:46:54.8879316Z 
2026-10-05T21:46:54.9163786Z ##[group]Run gradle/actions/setup-gradle@v4
2026-10-05T21:46:54.9164047Z with:
2026-10-05T21:46:54.9164233Z   gradle-version: 9.5.0
2026-10-05T21:46:54.9164431Z   cache-disabled: false
2026-10-05T21:46:54.9164615Z   cache-read-only: true
2026-10-05T21:46:54.9164816Z   cache-write-only: false
2026-10-05T21:46:54.9165037Z   cache-overwrite-existing: false
2026-10-05T21:46:54.9165258Z   cache-cleanup: on-success
2026-10-05T21:46:54.9165501Z   gradle-home-cache-includes: caches
notifications

2026-10-05T21:46:54.9165762Z   add-job-summary: always
2026-10-05T21:46:54.9165983Z   add-job-summary-as-pr-comment: never
2026-10-05T21:46:54.9166219Z   dependency-graph: disabled
2026-10-05T21:46:54.9166470Z   dependency-graph-report-dir: dependency-graph-reports
2026-10-05T21:46:54.9166762Z   dependency-graph-continue-on-failure: true
2026-10-05T21:46:54.9167008Z   build-scan-publish: false
2026-10-05T21:46:54.9167231Z   validate-wrappers: true
2026-10-05T21:46:54.9167466Z   allow-snapshot-wrappers: false
2026-10-05T21:46:54.9167698Z   gradle-home-cache-strict-match: false
2026-10-05T21:46:54.9167930Z   workflow-job-context: null
2026-10-05T21:46:54.9169962Z   github-token: ***
2026-10-05T21:46:54.9170139Z env:
2026-10-05T21:46:54.9170589Z   HETU_TEST_KEYSTORE: /home/runner/.android/hetu-ui10-debug.jks
2026-10-05T21:46:54.9170920Z   HETU_EXPECTED_TESTS: 542
2026-10-05T21:46:54.9171129Z   HETU_EXPECTED_TEST_XML_FILES: 56
2026-10-05T21:46:54.9171348Z   HETU_EXPECTED_VERSION: 2086
2026-10-05T21:46:54.9171576Z   HETU_EXPECTED_VERSION_NAME: 0.12.16-v20-fix
2026-10-05T21:46:54.9171904Z   JAVA_HOME: /opt/hostedtoolcache/Java_Temurin-Hotspot_jdk/21.0.12-1/x64
2026-10-05T21:46:54.9172281Z   JAVA_HOME_21_X64: /opt/hostedtoolcache/Java_Temurin-Hotspot_jdk/21.0.12-1/x64
2026-10-05T21:46:54.9172581Z ##[endgroup]
2026-10-05T21:46:55.1949816Z Merged default JDK locations into /home/runner/.m2/toolchains.xml
2026-10-05T21:46:55.1953065Z ##[group]Restore Gradle state from cache
2026-10-05T21:46:55.2771340Z Cache hit for restore-key: gradle-home-v1|Linux-X64|build[6ba403d2a128bfdfa8e4c5d6a94fbdc7]-825eed7846dce8c05d7e36a2b47d508dd3e08cbe
2026-10-05T21:46:55.4027588Z Received 7623628 of 7623628 (100.0%), 75.0 MBs/sec
2026-10-05T21:46:55.4028777Z Cache Size: ~7 MB (7623628 B)
2026-10-05T21:46:55.4067499Z [command]/usr/bin/tar -xf /home/runner/work/_temp/c1eadbe4-4a99-4bc9-856d-61f6d4caffe5/cache.tzst -P -C /home/runner/work/hetu/hetu --use-compress-program unzstd
2026-10-05T21:46:55.5427341Z Cache restored successfully
2026-10-05T21:46:55.5434375Z Restored cache entry with key gradle-home-v1|Linux-X64|build[96032d49de5c4a53cd45f3563c564e8b]-3b68da93082e43263e2cfae8011c05fa7fdcff14 to /home/runner/.gradle/caches,/home/runner/.gradle/notifications,/home/runner/.gradle/.setup-gradle in 347ms
2026-10-05T21:46:55.6051795Z Cache hit for: gradle-kotlin-dsl-v1-f58f651d99bd9fe4cbdb5cbf20ee18b7
2026-10-05T21:46:55.6086835Z Cache hit for: gradle-generated-gradle-jars-v1-385d131625f54d4dab75422dfcb34a24
2026-10-05T21:46:55.6092078Z Cache hit for: gradle-transforms-v1-aa2dcad48f324f84c7412a73a2d5d1bd
2026-10-05T21:46:55.6149867Z Cache hit for: gradle-instrumented-jars-v1-76efbd49c0bbfc56b742303b222b7098
2026-10-05T21:46:55.6203932Z Cache hit for: gradle-dependencies-v1-231d80aff3d9740b478e05ad6b4c944c
2026-10-05T21:46:55.6822020Z Cache hit for: gradle-groovy-dsl-v1-cfc9b0fe8607a4d943ce8d81d3162512
2026-10-05T21:46:55.7926252Z Received 111281 of 111281 (100.0%), 0.8 MBs/sec
2026-10-05T21:46:55.7926839Z Cache Size: ~0 MB (111281 B)
2026-10-05T21:46:55.8045898Z Received 64809 of 64809 (100.0%), 0.5 MBs/sec
2026-10-05T21:46:55.8046501Z Cache Size: ~0 MB (64809 B)
2026-10-05T21:46:55.8635340Z Received 109334 of 109334 (100.0%), 1.1 MBs/sec
2026-10-05T21:46:55.8635962Z Cache Size: ~0 MB (109334 B)
2026-10-05T21:46:55.8976738Z [command]/usr/bin/tar -xf /home/runner/work/_temp/f7f99cbf-144f-4662-b403-3782c8e5ebff/cache.tzst -P -C /home/runner/work/hetu/hetu --use-compress-program unzstd
2026-10-05T21:46:55.9131349Z [command]/usr/bin/tar -xf /home/runner/work/_temp/3f4227f6-ea23-4a0a-a6f3-8fea87efa24f/cache.tzst -P -C /home/runner/work/hetu/hetu --use-compress-program unzstd
2026-10-05T21:46:55.9684471Z Cache restored successfully
2026-10-05T21:46:55.9684923Z Cache restored successfully
2026-10-05T21:46:55.9731134Z Restored cache entry with key gradle-instrumented-jars-v1-76efbd49c0bbfc56b742303b222b7098 to /home/runner/.gradle/caches/jars-*/*/ in 428ms
2026-10-05T21:46:55.9733698Z Restored cache entry with key gradle-kotlin-dsl-v1-f58f651d99bd9fe4cbdb5cbf20ee18b7 to /home/runner/.gradle/caches/*/kotlin-dsl/accessors/*/,/home/runner/.gradle/caches/*/kotlin-dsl/scripts/*/ in 429ms
2026-10-05T21:46:55.9835614Z [command]/usr/bin/tar -xf /home/runner/work/_temp/8b158deb-51b0-44b3-a220-5b7cf122acec/cache.tzst -P -C /home/runner/work/hetu/hetu --use-compress-program unzstd
2026-10-05T21:46:56.0227854Z Cache restored successfully
2026-10-05T21:46:56.0259180Z Restored cache entry with key gradle-groovy-dsl-v1-cfc9b0fe8607a4d943ce8d81d3162512 to /home/runner/.gradle/caches/*/groovy-dsl/*/ in 481ms
2026-10-05T21:46:56.0850837Z Received 42071656 of 42071656 (100.0%), 89.0 MBs/sec
2026-10-05T21:46:56.0851315Z Cache Size: ~40 MB (42071656 B)
2026-10-05T21:46:56.1280061Z [command]/usr/bin/tar -xf /home/runner/work/_temp/914ab908-e117-4487-ab2d-9d0f03071dc5/cache.tzst -P -C /home/runner/work/hetu/hetu --use-compress-program unzstd
2026-10-05T21:46:56.4890690Z Cache restored successfully
2026-10-05T21:46:56.5011186Z Restored cache entry with key gradle-generated-gradle-jars-v1-385d131625f54d4dab75422dfcb34a24 to /home/runner/.gradle/caches/9.5.0/generated-gradle-jars/gradle-api-9.5.0.jar in 957ms
2026-10-05T21:46:56.6596153Z Received 138412032 of 454888473 (30.4%), 131.5 MBs/sec
2026-10-05T21:46:56.6696253Z Received 130023424 of 223023468 (58.3%), 123.8 MBs/sec
2026-10-05T21:46:57.0468212Z Received 223023468 of 223023468 (100.0%), 154.2 MBs/sec
2026-10-05T21:46:57.0469838Z Cache Size: ~213 MB (223023468 B)
2026-10-05T21:46:57.0808413Z [command]/usr/bin/tar -xf /home/runner/work/_temp/efdb081b-201a-43ba-b6be-296b56f11257/cache.tzst -P -C /home/runner/work/hetu/hetu --use-compress-program unzstd
2026-10-05T21:46:57.6598367Z Received 377487360 of 454888473 (83.0%), 179.6 MBs/sec
2026-10-05T21:46:58.0139008Z Received 454888473 of 454888473 (100.0%), 184.0 MBs/sec
2026-10-05T21:46:58.0139472Z Cache Size: ~434 MB (454888473 B)
2026-10-05T21:46:58.0192191Z [command]/usr/bin/tar -xf /home/runner/work/_temp/02f620ab-8215-4a19-8457-2471f6317907/cache.tzst -P -C /home/runner/work/hetu/hetu --use-compress-program unzstd
2026-10-05T21:47:00.0857969Z Cache restored successfully
2026-10-05T21:47:00.2001844Z Restored cache entry with key gradle-transforms-v1-aa2dcad48f324f84c7412a73a2d5d1bd to /home/runner/.gradle/caches/transforms-4/*/,/home/runner/.gradle/caches/*/transforms/*/ in 4655ms
2026-10-05T21:47:00.4809661Z Cache restored successfully
2026-10-05T21:47:00.9069099Z Restored cache entry with key gradle-dependencies-v1-231d80aff3d9740b478e05ad6b4c944c to /home/runner/.gradle/caches/modules-*/files-*/*/*/*/* in 5362ms
2026-10-05T21:47:00.9722245Z ##[endgroup]
2026-10-05T21:47:00.9930185Z ##[group]All Gradle Wrapper jars are valid
2026-10-05T21:47:00.9931369Z 
2026-10-05T21:47:00.9931873Z ##[endgroup]
2026-10-05T21:47:01.0522863Z ##[group]Provision Gradle 9.5.0
2026-10-05T21:47:05.9933377Z Cache hit for: gradle-9.5.0
2026-10-05T21:47:06.7254738Z Received 140178608 of 140178608 (100.0%), 190.7 MBs/sec
2026-10-05T21:47:06.7256031Z Cache Size: ~134 MB (140178608 B)
2026-10-05T21:47:06.7284640Z [command]/usr/bin/tar -xf /home/runner/work/_temp/d7a83138-6684-4aa0-bf4c-d7c04aaac3c7/cache.tzst -P -C /home/runner/work/hetu/hetu --use-compress-program unzstd
2026-10-05T21:47:06.8808302Z Cache restored successfully
2026-10-05T21:47:06.8867156Z Restored Gradle distribution gradle-9.5.0 from cache to /home/runner/work/_temp/.gradle-actions/gradle-installations/downloads/gradle-9.5.0-bin.zip
2026-10-05T21:47:06.8882606Z [command]/usr/bin/unzip -o -q /home/runner/work/_temp/.gradle-actions/gradle-installations/downloads/gradle-9.5.0-bin.zip
2026-10-05T21:47:07.7835446Z Extracted Gradle 9.5.0 to /home/runner/work/_temp/.gradle-actions/gradle-installations/installs/gradle-9.5.0
2026-10-05T21:47:07.7836859Z Provisioned Gradle executable /home/runner/work/_temp/.gradle-actions/gradle-installations/installs/gradle-9.5.0/bin/gradle
2026-10-05T21:47:07.7838009Z ##[endgroup]
2026-10-05T21:47:07.8539654Z ##[group]Run set -euo pipefail
2026-10-05T21:47:07.8539994Z [36;1mset -euo pipefail[0m
2026-10-05T21:47:07.8540599Z [36;1mtar -czf /tmp/Hetu-V20.86-effective-source.tar.gz android-app UI92_RUNTIME146_INPUTS.json CHANGELOG-V20.md[0m
2026-10-05T21:47:07.8541135Z [36;1msha256sum /tmp/Hetu-V20.86-effective-source.tar.gz[0m
2026-10-05T21:47:07.8598518Z shell: /usr/bin/bash -e {0}
2026-10-05T21:47:07.8598782Z env:
2026-10-05T21:47:07.8599069Z   HETU_TEST_KEYSTORE: /home/runner/.android/hetu-ui10-debug.jks
2026-10-05T21:47:07.8599415Z   HETU_EXPECTED_TESTS: 542
2026-10-05T21:47:07.8599672Z   HETU_EXPECTED_TEST_XML_FILES: 56
2026-10-05T21:47:07.8599941Z   HETU_EXPECTED_VERSION: 2086
2026-10-05T21:47:07.8600239Z   HETU_EXPECTED_VERSION_NAME: 0.12.16-v20-fix
2026-10-05T21:47:07.8600722Z   JAVA_HOME: /opt/hostedtoolcache/Java_Temurin-Hotspot_jdk/21.0.12-1/x64
2026-10-05T21:47:07.8601189Z   JAVA_HOME_21_X64: /opt/hostedtoolcache/Java_Temurin-Hotspot_jdk/21.0.12-1/x64
2026-10-05T21:47:07.8601606Z   GRADLE_ACTION_ID: gradle/actions/setup-gradle
2026-10-05T21:47:07.8601895Z   GRADLE_USER_HOME: /home/runner/.gradle
2026-10-05T21:47:07.8602179Z   GRADLE_BUILD_ACTION_SETUP_COMPLETED: true
2026-10-05T21:47:07.8602471Z   GRADLE_BUILD_ACTION_CACHE_RESTORED: true
2026-10-05T21:47:07.8602872Z   DEVELOCITY_INJECTION_INIT_SCRIPT_NAME: gradle-actions.inject-develocity.init.gradle
2026-10-05T21:47:07.8603305Z   DEVELOCITY_INJECTION_CUSTOM_VALUE: gradle-actions
2026-10-05T21:47:07.8603609Z   GITHUB_DEPENDENCY_GRAPH_ENABLED: false
2026-10-05T21:47:07.8603877Z ##[endgroup]
2026-10-05T21:47:19.0866438Z 407a2f8d3290ac07f8b8cda89c57147c159e3c4b6fbd9cd7faa8cf04163d9435  /tmp/Hetu-V20.86-effective-source.tar.gz
2026-10-05T21:47:19.0922715Z ##[group]Run actions/upload-artifact@v4
2026-10-05T21:47:19.0923194Z with:
2026-10-05T21:47:19.0923514Z   compression-level: 0
2026-10-05T21:47:19.0923895Z   if-no-files-found: error
2026-10-05T21:47:19.0924329Z   name: Hetu-V20.86-effective-source
2026-10-05T21:47:19.0924808Z   path: /tmp/Hetu-V20.86-effective-source.tar.gz
2026-10-05T21:47:19.0925276Z   overwrite: false
2026-10-05T21:47:19.0925656Z   include-hidden-files: false
2026-10-05T21:47:19.0926040Z env:
2026-10-05T21:47:19.0926454Z   HETU_TEST_KEYSTORE: /home/runner/.android/hetu-ui10-debug.jks
2026-10-05T21:47:19.0926975Z   HETU_EXPECTED_TESTS: 542
2026-10-05T21:47:19.0927369Z   HETU_EXPECTED_TEST_XML_FILES: 56
2026-10-05T21:47:19.0927810Z   HETU_EXPECTED_VERSION: 2086
2026-10-05T21:47:19.0928237Z   HETU_EXPECTED_VERSION_NAME: 0.12.16-v20-fix
2026-10-05T21:47:19.0928835Z   JAVA_HOME: /opt/hostedtoolcache/Java_Temurin-Hotspot_jdk/21.0.12-1/x64
2026-10-05T21:47:19.0929597Z   JAVA_HOME_21_X64: /opt/hostedtoolcache/Java_Temurin-Hotspot_jdk/21.0.12-1/x64
2026-10-05T21:47:19.0930208Z   GRADLE_ACTION_ID: gradle/actions/setup-gradle
2026-10-05T21:47:19.0930810Z   GRADLE_USER_HOME: /home/runner/.gradle
2026-10-05T21:47:19.0931497Z   GRADLE_BUILD_ACTION_SETUP_COMPLETED: true
2026-10-05T21:47:19.0931950Z   GRADLE_BUILD_ACTION_CACHE_RESTORED: true
2026-10-05T21:47:19.0932595Z   DEVELOCITY_INJECTION_INIT_SCRIPT_NAME: gradle-actions.inject-develocity.init.gradle
2026-10-05T21:47:19.0933273Z   DEVELOCITY_INJECTION_CUSTOM_VALUE: gradle-actions
2026-10-05T21:47:19.0933752Z   GITHUB_DEPENDENCY_GRAPH_ENABLED: false
2026-10-05T21:47:19.0934184Z ##[endgroup]
2026-10-05T21:47:19.2296716Z (node:15736) [DEP0040] DeprecationWarning: The `punycode` module is deprecated. Please use a userland alternative instead.
2026-10-05T21:47:19.2297442Z (Use `node --trace-deprecation ...` to show where the warning was created)
2026-10-05T21:47:19.2334292Z With the provided path, there will be 1 file uploaded
2026-10-05T21:47:19.2338777Z Artifact name is valid!
2026-10-05T21:47:19.2339508Z Root directory input is valid!
2026-10-05T21:47:19.4404520Z Beginning upload of artifact content to blob storage
2026-10-05T21:47:19.4783530Z (node:15736) [DEP0169] DeprecationWarning: `url.parse()` behavior is not standardized and prone to errors that have security implications. Use the WHATWG URL API instead. CVEs are not issued for `url.parse()` vulnerabilities.
2026-10-05T21:47:19.7595123Z Uploaded bytes 8388608
2026-10-05T21:47:19.7853011Z Uploaded bytes 16777216
2026-10-05T21:47:19.7936043Z Uploaded bytes 25165824
2026-10-05T21:47:19.8341854Z Uploaded bytes 33554432
2026-10-05T21:47:19.9451260Z Uploaded bytes 41943040
2026-10-05T21:47:19.9679391Z Uploaded bytes 50331648
2026-10-05T21:47:20.0121408Z Uploaded bytes 58720256
2026-10-05T21:47:20.0773082Z Uploaded bytes 67108864
2026-10-05T21:47:20.1632565Z Uploaded bytes 75497472
2026-10-05T21:47:20.1725742Z Uploaded bytes 83886080
2026-10-05T21:47:20.3159353Z Uploaded bytes 92274688
2026-10-05T21:47:20.3778167Z Uploaded bytes 93886791
2026-10-05T21:47:20.3944086Z Finished uploading artifact content to blob storage!
2026-10-05T21:47:20.3944895Z SHA256 digest of uploaded artifact zip is 7125144ed4f2fd6e7548e8309e3ba07b3d9685f6dd7d21d8d20bf6677697b79c
2026-10-05T21:47:20.3945781Z Finalizing artifact upload
2026-10-05T21:47:20.6145109Z Artifact Hetu-V20.86-effective-source.zip successfully finalized. Artifact ID 11373060338
2026-10-05T21:47:20.6146538Z Artifact Hetu-V20.86-effective-source has been successfully uploaded! Final size is 93886791 bytes. Artifact ID is 11373060338
2026-10-05T21:47:20.6152006Z Artifact download URL: https://github.com/xgl34222220-ops/hetu/actions/runs/37377929368/artifacts/11373060338
2026-10-05T21:47:20.6295796Z ##[group]Run set -euo pipefail
2026-10-05T21:47:20.6296119Z [36;1mset -euo pipefail[0m
2026-10-05T21:47:20.6296955Z [36;1mgradle --no-daemon --max-workers=2 -Dorg.gradle.jvmargs='-Xmx2g -Dfile.encoding=UTF-8' :app:dependencyInsight --configuration debugRuntimeClasspath --dependency com.materialkolor > ../out/verification/materialkolor-dependency-insight.txt[0m
2026-10-05T21:47:20.6297882Z [36;1mcat ../out/verification/materialkolor-dependency-insight.txt[0m
2026-10-05T21:47:20.6355972Z shell: /usr/bin/bash -e {0}
2026-10-05T21:47:20.6356283Z env:
2026-10-05T21:47:20.6356573Z   HETU_TEST_KEYSTORE: /home/runner/.android/hetu-ui10-debug.jks
2026-10-05T21:47:20.6356925Z   HETU_EXPECTED_TESTS: 542
2026-10-05T21:47:20.6357184Z   HETU_EXPECTED_TEST_XML_FILES: 56
2026-10-05T21:47:20.6357467Z   HETU_EXPECTED_VERSION: 2086
2026-10-05T21:47:20.6357743Z   HETU_EXPECTED_VERSION_NAME: 0.12.16-v20-fix
2026-10-05T21:47:20.6358162Z   JAVA_HOME: /opt/hostedtoolcache/Java_Temurin-Hotspot_jdk/21.0.12-1/x64
2026-10-05T21:47:20.6358604Z   JAVA_HOME_21_X64: /opt/hostedtoolcache/Java_Temurin-Hotspot_jdk/21.0.12-1/x64
2026-10-05T21:47:20.6358993Z   GRADLE_ACTION_ID: gradle/actions/setup-gradle
2026-10-05T21:47:20.6359296Z   GRADLE_USER_HOME: /home/runner/.gradle
2026-10-05T21:47:20.6359589Z   GRADLE_BUILD_ACTION_SETUP_COMPLETED: true
2026-10-05T21:47:20.6359883Z   GRADLE_BUILD_ACTION_CACHE_RESTORED: true
2026-10-05T21:47:20.6360491Z   DEVELOCITY_INJECTION_INIT_SCRIPT_NAME: gradle-actions.inject-develocity.init.gradle
2026-10-05T21:47:20.6361132Z   DEVELOCITY_INJECTION_CUSTOM_VALUE: gradle-actions
2026-10-05T21:47:20.6361450Z   GITHUB_DEPENDENCY_GRAPH_ENABLED: false
2026-10-05T21:47:20.6361722Z ##[endgroup]
2026-10-05T21:47:43.0442483Z To honour the JVM settings for this build a single-use Daemon process will be forked. For more on this, please refer to https://docs.gradle.org/9.5.0/userguide/gradle_daemon.html#sec:disabling_the_daemon in the Gradle documentation.
2026-10-05T21:47:43.0443978Z Daemon will be stopped at the end of the build 
2026-10-05T21:47:43.0444299Z 
2026-10-05T21:47:43.0444474Z > Configure project :app
2026-10-05T21:47:43.0445358Z w: file:///home/runner/work/hetu/hetu/android-app/app/build.gradle.kts:33:13: 'var isV1SigningEnabled: Boolean' is deprecated. This property is deprecated.
2026-10-05T21:47:43.0446354Z w: file:///home/runner/work/hetu/hetu/android-app/app/build.gradle.kts:34:13: 'var isV2SigningEnabled: Boolean' is deprecated. This property is deprecated.
2026-10-05T21:47:43.0446833Z 
2026-10-05T21:47:43.0446987Z > Task :app:dependencyInsight
2026-10-05T21:47:43.0447350Z com.materialkolor:material-color-utilities:5.0.1
2026-10-05T21:47:43.0447728Z   Variant androidRuntimeElements-published:
2026-10-05T21:47:43.0448152Z     | Attribute Name                                  | Provided     | Requested    |
2026-10-05T21:47:43.0448627Z     |-------------------------------------------------|--------------|--------------|
2026-10-05T21:47:43.0449086Z     | org.gradle.libraryelements                      | aar          |              |
2026-10-05T21:47:43.0449525Z     | org.gradle.status                               | release      |              |
2026-10-05T21:47:43.0449981Z     | org.gradle.category                             | library      | library      |
2026-10-05T21:47:43.0450657Z     | org.gradle.jvm.environment                      | android      | android      |
2026-10-05T21:47:43.0451118Z     | org.gradle.usage                                | java-runtime | java-runtime |
2026-10-05T21:47:43.0451591Z     | org.jetbrains.kotlin.platform.type              | androidJvm   | androidJvm   |
2026-10-05T21:47:43.0452123Z     | com.android.build.api.attributes.AgpVersionAttr |              | 9.3.0        |
2026-10-05T21:47:43.0453005Z     | com.android.build.api.attributes.BuildTypeAttr  |              | debug        |
2026-10-05T21:47:43.0453613Z    Selection reasons:
2026-10-05T21:47:43.0453946Z       - By ancestor
2026-10-05T21:47:43.0454283Z       - By constraint
2026-10-05T21:47:43.0454759Z 
2026-10-05T21:47:43.0455067Z com.materialkolor:material-color-utilities:{strictly 5.0.1} -> 5.0.1
2026-10-05T21:47:43.0455455Z \--- debugRuntimeClasspath
2026-10-05T21:47:43.0455609Z 
2026-10-05T21:47:43.0455791Z com.materialkolor:material-color-utilities:5.0.1
2026-10-05T21:47:43.0456177Z +--- com.materialkolor:material-kolor-android:5.0.1
2026-10-05T21:47:43.0456543Z |    \--- com.materialkolor:material-kolor:5.0.1
2026-10-05T21:47:43.0457055Z |         \--- debugRuntimeClasspath (requested com.materialkolor:material-kolor:{strictly 5.0.1})
2026-10-05T21:47:43.0457547Z \--- top.yukonga.miuix.kmp:miuix-ui-android:0.9.4
2026-10-05T21:47:43.0457867Z      +--- debugRuntimeClasspath
2026-10-05T21:47:43.0458171Z      \--- top.yukonga.miuix.kmp:miuix-ui:0.9.4
2026-10-05T21:47:43.0458552Z           \--- top.yukonga.miuix.kmp:miuix-preference-android:0.9.4
2026-10-05T21:47:43.0458903Z                \--- debugRuntimeClasspath
2026-10-05T21:47:43.0459090Z 
2026-10-05T21:47:43.0459306Z com.materialkolor:material-color-utilities-android:5.0.1
2026-10-05T21:47:43.0459671Z   Variant androidRuntimeElements-published:
2026-10-05T21:47:43.0460070Z     | Attribute Name                                  | Provided     | Requested    |
2026-10-05T21:47:43.0460731Z     |-------------------------------------------------|--------------|--------------|
2026-10-05T21:47:43.0461209Z     | org.gradle.libraryelements                      | aar          |              |
2026-10-05T21:47:43.0461660Z     | org.gradle.status                               | release      |              |
2026-10-05T21:47:43.0462251Z     | org.gradle.category                             | library      | library      |
2026-10-05T21:47:43.0462701Z     | org.gradle.jvm.environment                      | android      | android      |
2026-10-05T21:47:43.0463151Z     | org.gradle.usage                                | java-runtime | java-runtime |
2026-10-05T21:47:43.0463616Z     | org.jetbrains.kotlin.platform.type              | androidJvm   | androidJvm   |
2026-10-05T21:47:43.0464121Z     | com.android.build.api.attributes.AgpVersionAttr |              | 9.3.0        |
2026-10-05T21:47:43.0464620Z     | com.android.build.api.attributes.BuildTypeAttr  |              | debug        |
2026-10-05T21:47:43.0464991Z    Selection reasons:
2026-10-05T21:47:43.0465229Z       - By ancestor
2026-10-05T21:47:43.0465452Z       - By constraint
2026-10-05T21:47:43.0465590Z 
2026-10-05T21:47:43.0465862Z com.materialkolor:material-color-utilities-android:{strictly 5.0.1} -> 5.0.1
2026-10-05T21:47:43.0466257Z \--- debugRuntimeClasspath
2026-10-05T21:47:43.0466418Z 
2026-10-05T21:47:43.0466617Z com.materialkolor:material-color-utilities-android:5.0.1
2026-10-05T21:47:43.0467020Z \--- com.materialkolor:material-color-utilities:5.0.1
2026-10-05T21:47:43.0467521Z      +--- debugRuntimeClasspath (requested com.materialkolor:material-color-utilities:{strictly 5.0.1})
2026-10-05T21:47:43.0468014Z      +--- com.materialkolor:material-kolor-android:5.0.1
2026-10-05T21:47:43.0468364Z      |    \--- com.materialkolor:material-kolor:5.0.1
2026-10-05T21:47:43.0468833Z      |         \--- debugRuntimeClasspath (requested com.materialkolor:material-kolor:{strictly 5.0.1})
2026-10-05T21:47:43.0469306Z      \--- top.yukonga.miuix.kmp:miuix-ui-android:0.9.4
2026-10-05T21:47:43.0469625Z           +--- debugRuntimeClasspath
2026-10-05T21:47:43.0469944Z           \--- top.yukonga.miuix.kmp:miuix-ui:0.9.4
2026-10-05T21:47:43.0470586Z                \--- top.yukonga.miuix.kmp:miuix-preference-android:0.9.4
2026-10-05T21:47:43.0470963Z                     \--- debugRuntimeClasspath
2026-10-05T21:47:43.0471146Z 
2026-10-05T21:47:43.0471298Z com.materialkolor:material-kolor:5.0.1
2026-10-05T21:47:43.0471621Z   Variant androidRuntimeElements-published:
2026-10-05T21:47:43.0472021Z     | Attribute Name                                  | Provided     | Requested    |
2026-10-05T21:47:43.0472463Z     |-------------------------------------------------|--------------|--------------|
2026-10-05T21:47:43.0473037Z     | org.gradle.libraryelements                      | aar          |              |
2026-10-05T21:47:43.0473483Z     | org.gradle.status                               | release      |              |
2026-10-05T21:47:43.0473909Z     | org.gradle.category                             | library      | library      |
2026-10-05T21:47:43.0474359Z     | org.gradle.jvm.environment                      | android      | android      |
2026-10-05T21:47:43.0474803Z     | org.gradle.usage                                | java-runtime | java-runtime |
2026-10-05T21:47:43.0475265Z     | org.jetbrains.kotlin.platform.type              | androidJvm   | androidJvm   |
2026-10-05T21:47:43.0475768Z     | com.android.build.api.attributes.AgpVersionAttr |              | 9.3.0        |
2026-10-05T21:47:43.0476273Z     | com.android.build.api.attributes.BuildTypeAttr  |              | debug        |
2026-10-05T21:47:43.0476542Z 
2026-10-05T21:47:43.0476744Z com.materialkolor:material-kolor:{strictly 5.0.1} -> 5.0.1
2026-10-05T21:47:43.0477089Z \--- debugRuntimeClasspath
2026-10-05T21:47:43.0477238Z 
2026-10-05T21:47:43.0477407Z com.materialkolor:material-kolor-android:5.0.1
2026-10-05T21:47:43.0477741Z   Variant androidRuntimeElements-published:
2026-10-05T21:47:43.0478127Z     | Attribute Name                                  | Provided     | Requested    |
2026-10-05T21:47:43.0478546Z     |-------------------------------------------------|--------------|--------------|
2026-10-05T21:47:43.0478988Z     | org.gradle.libraryelements                      | aar          |              |
2026-10-05T21:47:43.0479556Z     | org.gradle.status                               | release      |              |
2026-10-05T21:47:43.0479979Z     | org.gradle.category                             | library      | library      |
2026-10-05T21:47:43.0480549Z     | org.gradle.jvm.environment                      | android      | android      |
2026-10-05T21:47:43.0481024Z     | org.gradle.usage                                | java-runtime | java-runtime |
2026-10-05T21:47:43.0481502Z     | org.jetbrains.kotlin.platform.type              | androidJvm   | androidJvm   |
2026-10-05T21:47:43.0482011Z     | com.android.build.api.attributes.AgpVersionAttr |              | 9.3.0        |
2026-10-05T21:47:43.0482515Z     | com.android.build.api.attributes.BuildTypeAttr  |              | debug        |
2026-10-05T21:47:43.0482790Z 
2026-10-05T21:47:43.0482964Z com.materialkolor:material-kolor-android:5.0.1
2026-10-05T21:47:43.0483314Z \--- com.materialkolor:material-kolor:5.0.1
2026-10-05T21:47:43.0483770Z      \--- debugRuntimeClasspath (requested com.materialkolor:material-kolor:{strictly 5.0.1})
2026-10-05T21:47:43.0484075Z 
2026-10-05T21:47:43.0484843Z (*) - Indicates repeated occurrences of a transitive dependency subtree. Gradle expands transitive dependency subtrees only once per project; repeat occurrences only display the root of the subtree, followed by this annotation.
2026-10-05T21:47:43.0485533Z 
2026-10-05T21:47:43.0494095Z A web-based, searchable dependency report is available by adding the --scan option.
2026-10-05T21:47:43.0494892Z gradle/actions: Writing build results to /home/runner/work/_temp/.gradle-actions/build-results/__run_18-1791236843947.json
2026-10-05T21:47:43.0495286Z 
2026-10-05T21:47:43.0495407Z BUILD SUCCESSFUL in 21s
2026-10-05T21:47:43.0495681Z 1 actionable task: 1 executed
2026-10-05T21:47:43.0496320Z Consider enabling configuration cache to speed up this build: https://docs.gradle.org/9.5.0/userguide/configuration_cache_enabling.html
2026-10-05T21:47:43.0524630Z ##[group]Run gradle --no-daemon --max-workers=2 -Dorg.gradle.jvmargs='-Xmx3g -Dfile.encoding=UTF-8' :app:assembleDebug --stacktrace
2026-10-05T21:47:43.0525390Z [36;1mgradle --no-daemon --max-workers=2 -Dorg.gradle.jvmargs='-Xmx3g -Dfile.encoding=UTF-8' :app:assembleDebug --stacktrace[0m
2026-10-05T21:47:43.0583055Z shell: /usr/bin/bash -e {0}
2026-10-05T21:47:43.0583323Z env:
2026-10-05T21:47:43.0583608Z   HETU_TEST_KEYSTORE: /home/runner/.android/hetu-ui10-debug.jks
2026-10-05T21:47:43.0583950Z   HETU_EXPECTED_TESTS: 542
2026-10-05T21:47:43.0584201Z   HETU_EXPECTED_TEST_XML_FILES: 56
2026-10-05T21:47:43.0584471Z   HETU_EXPECTED_VERSION: 2086
2026-10-05T21:47:43.0584742Z   HETU_EXPECTED_VERSION_NAME: 0.12.16-v20-fix
2026-10-05T21:47:43.0585113Z   JAVA_HOME: /opt/hostedtoolcache/Java_Temurin-Hotspot_jdk/21.0.12-1/x64
2026-10-05T21:47:43.0585542Z   JAVA_HOME_21_X64: /opt/hostedtoolcache/Java_Temurin-Hotspot_jdk/21.0.12-1/x64
2026-10-05T21:47:43.0585952Z   GRADLE_ACTION_ID: gradle/actions/setup-gradle
2026-10-05T21:47:43.0586260Z   GRADLE_USER_HOME: /home/runner/.gradle
2026-10-05T21:47:43.0586563Z   GRADLE_BUILD_ACTION_SETUP_COMPLETED: true
2026-10-05T21:47:43.0586858Z   GRADLE_BUILD_ACTION_CACHE_RESTORED: true
2026-10-05T21:47:43.0587269Z   DEVELOCITY_INJECTION_INIT_SCRIPT_NAME: gradle-actions.inject-develocity.init.gradle
2026-10-05T21:47:43.0587697Z   DEVELOCITY_INJECTION_CUSTOM_VALUE: gradle-actions
2026-10-05T21:47:43.0588010Z   GITHUB_DEPENDENCY_GRAPH_ENABLED: false
2026-10-05T21:47:43.0588289Z ##[endgroup]
2026-10-05T21:47:43.7143100Z To honour the JVM settings for this build a single-use Daemon process will be forked. For more on this, please refer to https://docs.gradle.org/9.5.0/userguide/gradle_daemon.html#sec:disabling_the_daemon in the Gradle documentation.
2026-10-05T21:47:44.4115144Z Daemon will be stopped at the end of the build 
2026-10-05T21:47:50.6142137Z Configuration 'debugCompileClasspath' was resolved during configuration time.
2026-10-05T21:47:50.6157779Z This is a build performance and scalability issue.
2026-10-05T21:47:50.6159024Z See https://github.com/gradle/gradle/issues/2298
2026-10-05T21:47:50.6159705Z Run with --info for a stacktrace.
2026-10-05T21:47:51.4143980Z Configuration 'debugRuntimeClasspath' was resolved during configuration time.
2026-10-05T21:47:51.4145254Z This is a build performance and scalability issue.
2026-10-05T21:47:51.4146163Z See https://github.com/gradle/gradle/issues/2298
2026-10-05T21:47:51.4146879Z Run with --info for a stacktrace.
2026-10-05T21:47:54.8121613Z > Task :app:preBuild UP-TO-DATE
2026-10-05T21:47:54.8122170Z > Task :app:preDebugBuild UP-TO-DATE
2026-10-05T21:47:54.9117924Z > Task :app:mergeDebugNativeDebugMetadata NO-SOURCE
2026-10-05T21:47:54.9119168Z > Task :app:generateDebugBuildConfig
2026-10-05T21:47:54.9119941Z > Task :app:generateDebugResources
2026-10-05T21:47:55.9111194Z > Task :app:prepareLibraryDefinitionsDebug
2026-10-05T21:47:56.0111780Z > Task :app:packageDebugResources
2026-10-05T21:47:57.6110797Z > Task :app:processDebugNavigationResources
2026-10-05T21:48:00.0112494Z > Task :app:javaPreCompileDebug
2026-10-05T21:48:00.0113421Z > Task :app:generateDebugAssets UP-TO-DATE
2026-10-05T21:48:00.0114137Z > Task :app:parseDebugLocalResources
2026-10-05T21:48:00.5110906Z > Task :app:mergeDebugAssets
2026-10-05T21:48:00.6121845Z > Task :app:generateDebugRFile
2026-10-05T21:48:02.0111061Z > Task :app:compressDebugAssets
2026-10-05T21:48:08.2110934Z > Task :app:generateDebugGlobalSynthetics
2026-10-05T21:48:11.5131774Z > Task :app:checkDebugDuplicateClasses
2026-10-05T21:48:11.5132766Z > Task :app:desugarDebugFileDependencies
2026-10-05T21:48:30.6110680Z > Task :app:compileDebugKotlin
2026-10-05T21:48:41.5111488Z > Task :app:mergeExtDexDebug
2026-10-05T21:49:57.6151077Z 
2026-10-05T21:49:57.6201486Z > Task :app:compileDebugKotlin
2026-10-05T21:49:57.6233307Z w: file:///home/runner/work/hetu/hetu/android-app/app/src/main/java/io/github/xgl34222220/hetu/AutoMirroredIconCompat.kt:9:27 'val Icons.Rounded.ArrowBack: ImageVector' is deprecated. Use the AutoMirrored version at Icons.AutoMirrored.Rounded.ArrowBack.
2026-10-05T21:49:57.6292494Z w: file:///home/runner/work/hetu/hetu/android-app/app/src/main/java/io/github/xgl34222220/hetu/CompactHomeDashboard.kt:345:40 'val Icons.Rounded.Sort: ImageVector' is deprecated. Use the AutoMirrored version at Icons.AutoMirrored.Rounded.Sort.
2026-10-05T21:49:57.6352490Z w: file:///home/runner/work/hetu/hetu/android-app/app/src/main/java/io/github/xgl34222220/hetu/CompactMainActivity.kt:91:42 'val Icons.Rounded.Rule: ImageVector' is deprecated. Use the AutoMirrored version at Icons.AutoMirrored.Rounded.Rule.
2026-10-05T21:49:57.6392564Z w: file:///home/runner/work/hetu/hetu/android-app/app/src/main/java/io/github/xgl34222220/hetu/CompactMainActivity.kt:489:68 'val Icons.Rounded.Rule: ImageVector' is deprecated. Use the AutoMirrored version at Icons.AutoMirrored.Rounded.Rule.
2026-10-05T21:49:57.6422661Z w: file:///home/runner/work/hetu/hetu/android-app/app/src/main/java/io/github/xgl34222220/hetu/ConfigIconCompatRoot.kt:8:27 'val Icons.Rounded.InsertDriveFile: ImageVector' is deprecated. Use the AutoMirrored version at Icons.AutoMirrored.Rounded.InsertDriveFile.
2026-10-05T21:49:57.6452307Z w: file:///home/runner/work/hetu/hetu/android-app/app/src/main/java/io/github/xgl34222220/hetu/CrystalWorkspace.kt:81:47 'val Icons.Rounded.Article: ImageVector' is deprecated. Use the AutoMirrored version at Icons.AutoMirrored.Rounded.Article.
2026-10-05T21:49:57.6482220Z w: file:///home/runner/work/hetu/hetu/android-app/app/src/main/java/io/github/xgl34222220/hetu/EditorWorkbench.kt:86:36 'val Icons.Rounded.Undo: ImageVector' is deprecated. Use the AutoMirrored version at Icons.AutoMirrored.Rounded.Undo.
2026-10-05T21:49:57.6512324Z w: file:///home/runner/work/hetu/hetu/android-app/app/src/main/java/io/github/xgl34222220/hetu/EditorWorkbench.kt:87:36 'val Icons.Rounded.Redo: ImageVector' is deprecated. Use the AutoMirrored version at Icons.AutoMirrored.Rounded.Redo.
2026-10-05T21:49:57.6542535Z w: file:///home/runner/work/hetu/hetu/android-app/app/src/main/java/io/github/xgl34222220/hetu/EditorWorkbench.kt:90:38 'val Icons.Rounded.FormatListBulleted: ImageVector' is deprecated. Use the AutoMirrored version at Icons.AutoMirrored.Rounded.FormatListBulleted.
2026-10-05T21:49:57.6572326Z w: file:///home/runner/work/hetu/hetu/android-app/app/src/main/java/io/github/xgl34222220/hetu/EditorWorkbench.kt:91:36 'val Icons.Rounded.FactCheck: ImageVector' is deprecated. Use the AutoMirrored version at Icons.AutoMirrored.Rounded.FactCheck.
2026-10-05T21:49:57.6602180Z w: file:///home/runner/work/hetu/hetu/android-app/app/src/main/java/io/github/xgl34222220/hetu/EditorWorkbench.kt:143:40 'val Icons.Rounded.Undo: ImageVector' is deprecated. Use the AutoMirrored version at Icons.AutoMirrored.Rounded.Undo.
2026-10-05T21:49:57.6632202Z w: file:///home/runner/work/hetu/hetu/android-app/app/src/main/java/io/github/xgl34222220/hetu/EditorWorkbench.kt:144:40 'val Icons.Rounded.Redo: ImageVector' is deprecated. Use the AutoMirrored version at Icons.AutoMirrored.Rounded.Redo.
2026-10-05T21:49:57.6653949Z w: file:///home/runner/work/hetu/hetu/android-app/app/src/main/java/io/github/xgl34222220/hetu/HetuMainActivity.kt:67:42 'val Icons.Rounded.Rule: ImageVector' is deprecated. Use the AutoMirrored version at Icons.AutoMirrored.Rounded.Rule.
2026-10-05T21:49:57.6692147Z w: file:///home/runner/work/hetu/hetu/android-app/app/src/main/java/io/github/xgl34222220/hetu/HetuMainActivity.kt:351:40 'val Icons.Rounded.Rule: ImageVector' is deprecated. Use the AutoMirrored version at Icons.AutoMirrored.Rounded.Rule.
2026-10-05T21:49:57.6723906Z w: file:///home/runner/work/hetu/hetu/android-app/app/src/main/java/io/github/xgl34222220/hetu/HomeInteraction7.kt:194:9 'constructor(skipPartiallyExpanded: Boolean, positionalThreshold: () -> Float, velocityThreshold: () -> Float, initialValue: SheetValue = ..., confirmValueChange: (SheetValue) -> Boolean = ..., skipHiddenState: Boolean = ...): SheetState' is deprecated. Use the primary constructor that takes a set of enabled values.
2026-10-05T21:49:57.6751649Z w: file:///home/runner/work/hetu/hetu/android-app/app/src/main/java/io/github/xgl34222220/hetu/MonitoringWorkspace.kt:257:26 Condition is always 'true'.
2026-10-05T21:49:57.6781660Z w: file:///home/runner/work/hetu/hetu/android-app/app/src/main/java/io/github/xgl34222220/hetu/MonitoringWorkspace.kt:279:22 Condition is always 'true'.
2026-10-05T21:49:57.6783476Z w: file:///home/runner/work/hetu/hetu/android-app/app/src/main/java/io/github/xgl34222220/hetu/MonitoringWorkspace.kt:395:48 Condition is always 'true'.
2026-10-05T21:49:57.6812371Z w: file:///home/runner/work/hetu/hetu/android-app/app/src/main/java/io/github/xgl34222220/hetu/MotionMaterials12.kt:234:22 'fun <T> updateTransition(transitionState: MutableTransitionState<T>, label: String? = ...): Transition<T>' is deprecated. Use rememberTransition() instead.
2026-10-05T21:49:57.6837881Z w: file:///home/runner/work/hetu/hetu/android-app/app/src/main/java/io/github/xgl34222220/hetu/ProxyAdblockChainActivity.kt:430:103 'val Icons.Rounded.FactCheck: ImageVector' is deprecated. Use the AutoMirrored version at Icons.AutoMirrored.Rounded.FactCheck.
2026-10-05T21:49:57.6862443Z w: file:///home/runner/work/hetu/hetu/android-app/app/src/main/java/io/github/xgl34222220/hetu/ProxyAppSelectionActivity.kt:134:48 'val Icons.Rounded.Sort: ImageVector' is deprecated. Use the AutoMirrored version at Icons.AutoMirrored.Rounded.Sort.
2026-10-05T21:49:57.6872210Z w: file:///home/runner/work/hetu/hetu/android-app/app/src/main/java/io/github/xgl34222220/hetu/ProxyComposeController.kt:579:35 Unnecessary safe call on a non-null receiver of type 'JSONObject'.
2026-10-05T21:49:57.6896295Z w: file:///home/runner/work/hetu/hetu/android-app/app/src/main/java/io/github/xgl34222220/hetu/ProxyLatencyHistory.kt:57:56 Unnecessary non-null assertion (!!) on a non-null receiver of type 'CoreLatencySample'.
2026-10-05T21:49:57.6922068Z w: file:///home/runner/work/hetu/hetu/android-app/app/src/main/java/io/github/xgl34222220/hetu/ProxyLatencyHistory.kt:60:78 Unnecessary non-null assertion (!!) on a non-null receiver of type 'CoreLatencySample'.
2026-10-05T21:49:57.6952388Z w: file:///home/runner/work/hetu/hetu/android-app/app/src/main/java/io/github/xgl34222220/hetu/ProxyLogViewerActivity.kt:474:75 'val Icons.Rounded.Article: ImageVector' is deprecated. Use the AutoMirrored version at Icons.AutoMirrored.Rounded.Article.
2026-10-05T21:49:57.6972313Z w: file:///home/runner/work/hetu/hetu/android-app/app/src/main/java/io/github/xgl34222220/hetu/ProxyLogViewerActivity.kt:618:32 'val Icons.Rounded.Sort: ImageVector' is deprecated. Use the AutoMirrored version at Icons.AutoMirrored.Rounded.Sort.
2026-10-05T21:49:57.6982126Z w: file:///home/runner/work/hetu/hetu/android-app/app/src/main/java/io/github/xgl34222220/hetu/ProxyReferenceExtras.kt:480:44 'val Icons.Rounded.Sort: ImageVector' is deprecated. Use the AutoMirrored version at Icons.AutoMirrored.Rounded.Sort.
2026-10-05T21:49:57.7012330Z w: file:///home/runner/work/hetu/hetu/android-app/app/src/main/java/io/github/xgl34222220/hetu/ProxyReferenceExtras.kt:875:44 'val Icons.Rounded.LibraryBooks: ImageVector' is deprecated. Use the AutoMirrored version at Icons.AutoMirrored.Rounded.LibraryBooks.
2026-10-05T21:49:57.7032336Z w: file:///home/runner/work/hetu/hetu/android-app/app/src/main/java/io/github/xgl34222220/hetu/ProxyReferenceExtras.kt:944:40 'val Icons.Rounded.OpenInNew: ImageVector' is deprecated. Use the AutoMirrored version at Icons.AutoMirrored.Rounded.OpenInNew.
2026-10-05T21:49:57.7062115Z w: file:///home/runner/work/hetu/hetu/android-app/app/src/main/java/io/github/xgl34222220/hetu/ProxySubStoreActivity.kt:295:56 'static field SOFT_INPUT_ADJUST_RESIZE: Int' is deprecated. Deprecated in Java.
2026-10-05T21:49:57.7072840Z w: file:///home/runner/work/hetu/hetu/android-app/app/src/main/java/io/github/xgl34222220/hetu/ProxySubscriptionActivity.kt:869:48 'val Icons.Rounded.FormatListBulleted: ImageVector' is deprecated. Use the AutoMirrored version at Icons.AutoMirrored.Rounded.FormatListBulleted.
2026-10-05T21:49:57.7102295Z w: file:///home/runner/work/hetu/hetu/android-app/app/src/main/java/io/github/xgl34222220/hetu/ReferenceProxyActivity.kt:1491:43 'val Icons.Rounded.Article: ImageVector' is deprecated. Use the AutoMirrored version at Icons.AutoMirrored.Rounded.Article.
2026-10-05T21:49:57.7132305Z w: file:///home/runner/work/hetu/hetu/android-app/app/src/main/java/io/github/xgl34222220/hetu/ReferenceProxyActivity.kt:4131:42 'val Icons.Rounded.Article: ImageVector' is deprecated. Use the AutoMirrored version at Icons.AutoMirrored.Rounded.Article.
2026-10-05T21:49:57.7152391Z w: file:///home/runner/work/hetu/hetu/android-app/app/src/main/java/io/github/xgl34222220/hetu/ReferenceProxyActivity.kt:4167:42 'val Icons.Rounded.AltRoute: ImageVector' is deprecated. Use the AutoMirrored version at Icons.AutoMirrored.Rounded.AltRoute.
2026-10-05T21:49:57.7162433Z w: file:///home/runner/work/hetu/hetu/android-app/app/src/main/java/io/github/xgl34222220/hetu/ReferenceProxyActivity.kt:4536:50 'val LocalClipboardManager: ProvidableCompositionLocal<ClipboardManager>' is deprecated. Use LocalClipboard instead which supports suspend functions.
2026-10-05T21:49:57.7192344Z w: file:///home/runner/work/hetu/hetu/android-app/app/src/main/java/io/github/xgl34222220/hetu/Runtime146FeaturesActivity.kt:85:38 'val Icons.Rounded.Article: ImageVector' is deprecated. Use the AutoMirrored version at Icons.AutoMirrored.Rounded.Article.
2026-10-05T21:49:57.7212410Z w: file:///home/runner/work/hetu/hetu/android-app/app/src/main/java/io/github/xgl34222220/hetu/RuntimeEditorScreen.kt:190:93 'val Icons.Rounded.WrapText: ImageVector' is deprecated. Use the AutoMirrored version at Icons.AutoMirrored.Rounded.WrapText.
2026-10-05T21:49:57.7242427Z w: file:///home/runner/work/hetu/hetu/android-app/app/src/main/java/io/github/xgl34222220/hetu/RuntimeEditorScreen.kt:193:69 'val Icons.Rounded.FactCheck: ImageVector' is deprecated. Use the AutoMirrored version at Icons.AutoMirrored.Rounded.FactCheck.
2026-10-05T21:49:57.7252327Z w: file:///home/runner/work/hetu/hetu/android-app/app/src/main/java/io/github/xgl34222220/hetu/RuntimeEditorScreen.kt:203:87 'val Icons.Rounded.Rule: ImageVector' is deprecated. Use the AutoMirrored version at Icons.AutoMirrored.Rounded.Rule.
2026-10-05T21:49:57.7282162Z w: file:///home/runner/work/hetu/hetu/android-app/app/src/main/java/io/github/xgl34222220/hetu/RuntimeEditorScreen.kt:269:51 'val Icons.Rounded.Undo: ImageVector' is deprecated. Use the AutoMirrored version at Icons.AutoMirrored.Rounded.Undo.
2026-10-05T21:49:57.7302260Z w: file:///home/runner/work/hetu/hetu/android-app/app/src/main/java/io/github/xgl34222220/hetu/RuntimeEditorScreen.kt:270:51 'val Icons.Rounded.Redo: ImageVector' is deprecated. Use the AutoMirrored version at Icons.AutoMirrored.Rounded.Redo.
2026-10-05T21:49:57.7332438Z w: file:///home/runner/work/hetu/hetu/android-app/app/src/main/java/io/github/xgl34222220/hetu/RuntimeEditorScreen.kt:273:53 'val Icons.Rounded.WrapText: ImageVector' is deprecated. Use the AutoMirrored version at Icons.AutoMirrored.Rounded.WrapText.
2026-10-05T21:49:57.7342311Z w: file:///home/runner/work/hetu/hetu/android-app/app/src/main/java/io/github/xgl34222220/hetu/RuntimeEditorScreen.kt:274:53 'val Icons.Rounded.FactCheck: ImageVector' is deprecated. Use the AutoMirrored version at Icons.AutoMirrored.Rounded.FactCheck.
2026-10-05T21:49:57.7371840Z w: file:///home/runner/work/hetu/hetu/android-app/app/src/main/java/io/github/xgl34222220/hetu/SafeWebViewHost.kt:45:56 'static field SOFT_INPUT_ADJUST_RESIZE: Int' is deprecated. Deprecated in Java.
2026-10-05T21:49:57.7402783Z w: file:///home/runner/work/hetu/hetu/android-app/app/src/main/java/io/github/xgl34222220/hetu/SubscriptionHealthSettings.kt:91:22 'fun rememberModalBottomSheetState(skipPartiallyExpanded: Boolean = ..., confirmValueChange: (SheetValue) -> Boolean = ...): SheetState' is deprecated. Use rememberBottomSheetState with Hidden initial value.
2026-10-05T21:49:57.7432874Z w: file:///home/runner/work/hetu/hetu/android-app/app/src/main/java/io/github/xgl34222220/hetu/UiFeedback.kt:52:21 'val LocalClipboardManager: ProvidableCompositionLocal<ClipboardManager>' is deprecated. Use LocalClipboard instead which supports suspend functions.
2026-10-05T21:49:57.7442321Z w: file:///home/runner/work/hetu/hetu/android-app/app/src/main/java/io/github/xgl34222220/hetu/app/ActivityExtras.kt:136:42 'val Icons.Rounded.Article: ImageVector' is deprecated. Use the AutoMirrored version at Icons.AutoMirrored.Rounded.Article.
2026-10-05T21:49:57.7445554Z w: file:///home/runner/work/hetu/hetu/android-app/app/src/main/java/io/github/xgl34222220/hetu/app/AdblockScreen.kt:183:39 'val Icons.Rounded.HelpOutline: ImageVector' is deprecated. Use the AutoMirrored version at Icons.AutoMirrored.Rounded.HelpOutline.
2026-10-05T21:49:57.7482422Z w: file:///home/runner/work/hetu/hetu/android-app/app/src/main/java/io/github/xgl34222220/hetu/app/ConfigIconCompat.kt:12:27 'val Icons.Rounded.InsertDriveFile: ImageVector' is deprecated. Use the AutoMirrored version at Icons.AutoMirrored.Rounded.InsertDriveFile.
2026-10-05T21:49:57.7512238Z w: file:///home/runner/work/hetu/hetu/android-app/app/src/main/java/io/github/xgl34222220/hetu/app/ConnectionsScreen.kt:130:76 'val Icons.Rounded.Sort: ImageVector' is deprecated. Use the AutoMirrored version at Icons.AutoMirrored.Rounded.Sort.
2026-10-05T21:49:57.7532761Z w: file:///home/runner/work/hetu/hetu/android-app/app/src/main/java/io/github/xgl34222220/hetu/app/HxComponents.kt:1050:22 'fun rememberModalBottomSheetState(skipPartiallyExpanded: Boolean = ..., confirmValueChange: (SheetValue) -> Boolean = ...): SheetState' is deprecated. Use rememberBottomSheetState with Hidden initial value.
2026-10-05T21:49:57.7535834Z w: file:///home/runner/work/hetu/hetu/android-app/app/src/main/java/io/github/xgl34222220/hetu/app/HxMotionKit.kt:298:64 Unnecessary non-null assertion (!!) on a non-null receiver of type 'HazeState'.
2026-10-05T21:49:57.7572228Z w: file:///home/runner/work/hetu/hetu/android-app/app/src/main/java/io/github/xgl34222220/hetu/app/PanelOverviewScreen.kt:96:43 'val Icons.Rounded.Sort: ImageVector' is deprecated. Use the AutoMirrored version at Icons.AutoMirrored.Rounded.Sort.
2026-10-05T21:49:57.7602225Z w: file:///home/runner/work/hetu/hetu/android-app/app/src/main/java/io/github/xgl34222220/hetu/app/ProxiesScreen.kt:242:58 'val Icons.Rounded.Sort: ImageVector' is deprecated. Use the AutoMirrored version at Icons.AutoMirrored.Rounded.Sort.
2026-10-05T21:49:57.7621678Z w: file:///home/runner/work/hetu/hetu/android-app/app/src/main/java/io/github/xgl34222220/hetu/app/ProxiesScreen.kt:1147:25 Condition is always 'true'.
2026-10-05T21:49:57.7651716Z w: file:///home/runner/work/hetu/hetu/android-app/app/src/main/java/io/github/xgl34222220/hetu/app/ProxiesScreen.kt:1149:25 Condition is always 'true'.
2026-10-05T21:49:57.7654470Z w: file:///home/runner/work/hetu/hetu/android-app/app/src/main/java/io/github/xgl34222220/hetu/app/RulesScreen.kt:106:59 'val Icons.Rounded.Rule: ImageVector' is deprecated. Use the AutoMirrored version at Icons.AutoMirrored.Rounded.Rule.
2026-10-05T21:49:57.7702563Z w: file:///home/runner/work/hetu/hetu/android-app/app/src/main/java/io/github/xgl34222220/hetu/app/SettingsScreen.kt:599:88 'val Icons.Rounded.AltRoute: ImageVector' is deprecated. Use the AutoMirrored version at Icons.AutoMirrored.Rounded.AltRoute.
2026-10-05T21:49:57.7712235Z w: file:///home/runner/work/hetu/hetu/android-app/app/src/main/java/io/github/xgl34222220/hetu/app/ToolScreens.kt:754:48 'val Icons.Rounded.NoteAdd: ImageVector' is deprecated. Use the AutoMirrored version at Icons.AutoMirrored.Rounded.NoteAdd.
2026-10-05T21:49:57.7715679Z w: file:///home/runner/work/hetu/hetu/android-app/app/src/main/java/io/github/xgl34222220/hetu/home/HomeRoute.kt:160:22 'fun rememberModalBottomSheetState(skipPartiallyExpanded: Boolean = ..., confirmValueChange: (SheetValue) -> Boolean = ...): SheetState' is deprecated. Use rememberBottomSheetState with Hidden initial value.
2026-10-05T21:49:57.7746801Z w: file:///home/runner/work/hetu/hetu/android-app/app/src/main/java/io/github/xgl34222220/hetu/tools/ToolsVpnConsent.kt:40:25 Unnecessary non-null assertion (!!) on a non-null receiver of type 'ActivityResultLauncher<Intent>'.
2026-10-05T21:49:57.7784414Z w: file:///home/runner/work/hetu/hetu/android-app/app/src/main/java/io/github/xgl34222220/hetu/ui/BaiZeIcons.kt:75:43 'val Icons.Outlined.AltRoute: ImageVector' is deprecated. Use the AutoMirrored version at Icons.AutoMirrored.Outlined.AltRoute.
2026-10-05T21:49:57.7792009Z w: file:///home/runner/work/hetu/hetu/android-app/app/src/main/java/io/github/xgl34222220/hetu/ui/BaiZeIcons.kt:83:32 'val Icons.Outlined.Launch: ImageVector' is deprecated. Use the AutoMirrored version at Icons.AutoMirrored.Outlined.Launch.
2026-10-05T21:49:57.7831713Z w: file:///home/runner/work/hetu/hetu/android-app/app/src/main/java/io/github/xgl34222220/hetu/ui/HetuGlassDock.kt:311:25 Expression is unused.
2026-10-05T21:49:57.7841489Z w: file:///home/runner/work/hetu/hetu/android-app/app/src/main/java/io/github/xgl34222220/hetu/ui/HetuMotion.kt:131:13 Expression is unused.
2026-10-05T21:49:57.7881594Z w: file:///home/runner/work/hetu/hetu/android-app/app/src/main/java/io/github/xgl34222220/hetu/ui/HetuMotion.kt:165:13 Expression is unused.
2026-10-05T21:49:57.7891563Z w: file:///home/runner/work/hetu/hetu/android-app/app/src/main/java/io/github/xgl34222220/hetu/ui/HetuUiKit.kt:129:37 'val Icons.Outlined.Article: ImageVector' is deprecated. Use the AutoMirrored version at Icons.AutoMirrored.Outlined.Article.
2026-10-05T21:49:57.7922350Z w: file:///home/runner/work/hetu/hetu/android-app/app/src/main/java/io/github/xgl34222220/hetu/ui/HetuUiKit.kt:134:38 'val Icons.Outlined.AltRoute: ImageVector' is deprecated. Use the AutoMirrored version at Icons.AutoMirrored.Outlined.AltRoute.
2026-10-05T21:49:57.7942824Z w: file:///home/runner/work/hetu/hetu/android-app/app/src/main/java/io/github/xgl34222220/hetu/ui/ReferenceMiuix.kt:30:30 'fun rememberModalBottomSheetState(skipPartiallyExpanded: Boolean = ..., confirmValueChange: (SheetValue) -> Boolean = ...): SheetState' is deprecated. Use rememberBottomSheetState with Hidden initial value.
2026-10-05T21:50:21.9121737Z Note: Some input files use or override a deprecated API.
2026-10-05T21:50:21.9122211Z 
2026-10-05T21:50:21.9151449Z Note: Recompile with -Xlint:deprecation for details.
2026-10-05T21:50:21.9152095Z > Task :app:compileDebugJavaWithJavac
2026-10-05T21:50:24.0112078Z 
2026-10-05T21:50:24.0116612Z > Task :app:processDebugJavaRes
2026-10-05T21:50:24.3116709Z > Task :app:mergeLibDexDebug
2026-10-05T21:50:24.5141806Z > Task :app:checkDebugAarMetadata
2026-10-05T21:50:24.5171494Z > Task :app:mapDebugSourceSetPaths
2026-10-05T21:50:24.6145328Z > Task :app:compileDebugNavigationResources
2026-10-05T21:50:25.4111036Z > Task :app:mergeDebugJavaResource
2026-10-05T21:50:25.6112284Z > Task :app:createDebugCompatibleScreenManifests
2026-10-05T21:50:25.6182235Z > Task :app:extractDeepLinksDebug
2026-10-05T21:50:26.2144596Z > Task :app:processDebugMainManifest
2026-10-05T21:50:26.3110618Z > Task :app:mergeDebugResources
2026-10-05T21:50:26.3111546Z > Task :app:processDebugManifest
2026-10-05T21:50:26.8115524Z > Task :app:mergeDebugJniLibFolders
2026-10-05T21:50:26.9134564Z > Task :app:processDebugManifestForPackage
2026-10-05T21:50:27.2110703Z > Task :app:mergeDebugNativeLibs
2026-10-05T21:50:27.8132021Z > Task :app:processDebugResources
2026-10-05T21:50:28.3111258Z > Task :app:stripDebugDebugSymbols
2026-10-05T21:50:41.7110216Z > Task :app:dexBuilderDebug
2026-10-05T21:50:41.7141316Z > Task :app:validateSigningDebug
2026-10-05T21:50:41.7142141Z > Task :app:writeDebugAppMetadata
2026-10-05T21:50:41.8161745Z > Task :app:writeDebugSigningConfigVersions
2026-10-05T21:50:44.1131897Z > Task :app:mergeProjectDexDebug
2026-10-05T21:50:47.5111125Z > Task :app:packageDebug
2026-10-05T21:50:47.5141304Z > Task :app:createDebugApkListingFileRedirect
2026-10-05T21:50:47.5142010Z > Task :app:assembleDebug
2026-10-05T21:50:47.5143144Z gradle/actions: Writing build results to /home/runner/work/_temp/.gradle-actions/build-results/__run_19-1791236865900.json
2026-10-05T21:50:47.5144509Z 
2026-10-05T21:50:47.5145472Z [Incubating] Problems report is available at: file:///home/runner/work/hetu/hetu/android-app/build/reports/problems/problems-report.html
2026-10-05T21:50:47.5146384Z 
2026-10-05T21:50:47.5146720Z BUILD SUCCESSFUL in 3m 4s
2026-10-05T21:50:47.5147335Z 39 actionable tasks: 39 executed
2026-10-05T21:50:47.5664540Z Consider enabling configuration cache to speed up this build: https://docs.gradle.org/9.5.0/userguide/configuration_cache_enabling.html
2026-10-05T21:50:47.8880195Z ##[group]Run python3 .github/scripts/verify_packaged_runtime.py verify
2026-10-05T21:50:47.8880842Z [36;1mpython3 .github/scripts/verify_packaged_runtime.py verify[0m
2026-10-05T21:50:47.8938477Z shell: /usr/bin/bash -e {0}
2026-10-05T21:50:47.8938751Z env:
2026-10-05T21:50:47.8939034Z   HETU_TEST_KEYSTORE: /home/runner/.android/hetu-ui10-debug.jks
2026-10-05T21:50:47.8939374Z   HETU_EXPECTED_TESTS: 542
2026-10-05T21:50:47.8939631Z   HETU_EXPECTED_TEST_XML_FILES: 56
2026-10-05T21:50:47.8939919Z   HETU_EXPECTED_VERSION: 2086
2026-10-05T21:50:47.8940189Z   HETU_EXPECTED_VERSION_NAME: 0.12.16-v20-fix
2026-10-05T21:50:47.8940738Z   JAVA_HOME: /opt/hostedtoolcache/Java_Temurin-Hotspot_jdk/21.0.12-1/x64
2026-10-05T21:50:47.8941172Z   JAVA_HOME_21_X64: /opt/hostedtoolcache/Java_Temurin-Hotspot_jdk/21.0.12-1/x64
2026-10-05T21:50:47.8941556Z   GRADLE_ACTION_ID: gradle/actions/setup-gradle
2026-10-05T21:50:47.8941860Z   GRADLE_USER_HOME: /home/runner/.gradle
2026-10-05T21:50:47.8942181Z   GRADLE_BUILD_ACTION_SETUP_COMPLETED: true
2026-10-05T21:50:47.8942470Z   GRADLE_BUILD_ACTION_CACHE_RESTORED: true
2026-10-05T21:50:47.8942876Z   DEVELOCITY_INJECTION_INIT_SCRIPT_NAME: gradle-actions.inject-develocity.init.gradle
2026-10-05T21:50:47.8943302Z   DEVELOCITY_INJECTION_CUSTOM_VALUE: gradle-actions
2026-10-05T21:50:47.8943605Z   GITHUB_DEPENDENCY_GRAPH_ENABLED: false
2026-10-05T21:50:47.8943868Z ##[endgroup]
2026-10-05T21:50:49.0431832Z APK runtime verified: all 23 entries match tested source/pinned originals
2026-10-05T21:50:49.0533082Z ##[group]Run python3 .github/scripts/verify_materialkolor_abi.py android-app/app/build/outputs/apk/debug/app-debug.apk --output out/verification/materialkolor-abi.json
2026-10-05T21:50:49.0534046Z [36;1mpython3 .github/scripts/verify_materialkolor_abi.py android-app/app/build/outputs/apk/debug/app-debug.apk --output out/verification/materialkolor-abi.json[0m
2026-10-05T21:50:49.0591589Z shell: /usr/bin/bash -e {0}
2026-10-05T21:50:49.0591864Z env:
2026-10-05T21:50:49.0592140Z   HETU_TEST_KEYSTORE: /home/runner/.android/hetu-ui10-debug.jks
2026-10-05T21:50:49.0592474Z   HETU_EXPECTED_TESTS: 542
2026-10-05T21:50:49.0592728Z   HETU_EXPECTED_TEST_XML_FILES: 56
2026-10-05T21:50:49.0593000Z   HETU_EXPECTED_VERSION: 2086
2026-10-05T21:50:49.0593272Z   HETU_EXPECTED_VERSION_NAME: 0.12.16-v20-fix
2026-10-05T21:50:49.0593643Z   JAVA_HOME: /opt/hostedtoolcache/Java_Temurin-Hotspot_jdk/21.0.12-1/x64
2026-10-05T21:50:49.0594116Z   JAVA_HOME_21_X64: /opt/hostedtoolcache/Java_Temurin-Hotspot_jdk/21.0.12-1/x64
2026-10-05T21:50:49.0594510Z   GRADLE_ACTION_ID: gradle/actions/setup-gradle
2026-10-05T21:50:49.0594801Z   GRADLE_USER_HOME: /home/runner/.gradle
2026-10-05T21:50:49.0595080Z   GRADLE_BUILD_ACTION_SETUP_COMPLETED: true
2026-10-05T21:50:49.0595373Z   GRADLE_BUILD_ACTION_CACHE_RESTORED: true
2026-10-05T21:50:49.0595785Z   DEVELOCITY_INJECTION_INIT_SCRIPT_NAME: gradle-actions.inject-develocity.init.gradle
2026-10-05T21:50:49.0596234Z   DEVELOCITY_INJECTION_CUSTOM_VALUE: gradle-actions
2026-10-05T21:50:49.0596550Z   GITHUB_DEPENDENCY_GRAPH_ENABLED: false
2026-10-05T21:50:49.0596837Z ##[endgroup]
2026-10-05T21:50:50.2145696Z MaterialKolor ABI: 687 constructors, 0 missing; expected-incompatible=False
2026-10-05T21:50:50.2289712Z ##[group]Run python3 .github/scripts/verify_hetu_icons.py apk android-app/app/build/outputs/apk/debug/app-debug.apk
2026-10-05T21:50:50.2291170Z [36;1mpython3 .github/scripts/verify_hetu_icons.py apk android-app/app/build/outputs/apk/debug/app-debug.apk[0m
2026-10-05T21:50:50.2371754Z shell: /usr/bin/bash -e {0}
2026-10-05T21:50:50.2372186Z env:
2026-10-05T21:50:50.2372659Z   HETU_TEST_KEYSTORE: /home/runner/.android/hetu-ui10-debug.jks
2026-10-05T21:50:50.2373218Z   HETU_EXPECTED_TESTS: 542
2026-10-05T21:50:50.2373661Z   HETU_EXPECTED_TEST_XML_FILES: 56
2026-10-05T21:50:50.2374122Z   HETU_EXPECTED_VERSION: 2086
2026-10-05T21:50:50.2374586Z   HETU_EXPECTED_VERSION_NAME: 0.12.16-v20-fix
2026-10-05T21:50:50.2375216Z   JAVA_HOME: /opt/hostedtoolcache/Java_Temurin-Hotspot_jdk/21.0.12-1/x64
2026-10-05T21:50:50.2375962Z   JAVA_HOME_21_X64: /opt/hostedtoolcache/Java_Temurin-Hotspot_jdk/21.0.12-1/x64
2026-10-05T21:50:50.2376590Z   GRADLE_ACTION_ID: gradle/actions/setup-gradle
2026-10-05T21:50:50.2377141Z   GRADLE_USER_HOME: /home/runner/.gradle
2026-10-05T21:50:50.2377603Z   GRADLE_BUILD_ACTION_SETUP_COMPLETED: true
2026-10-05T21:50:50.2378087Z   GRADLE_BUILD_ACTION_CACHE_RESTORED: true
2026-10-05T21:50:50.2378779Z   DEVELOCITY_INJECTION_INIT_SCRIPT_NAME: gradle-actions.inject-develocity.init.gradle
2026-10-05T21:50:50.2379509Z   DEVELOCITY_INJECTION_CUSTOM_VALUE: gradle-actions
2026-10-05T21:50:50.2380015Z   GITHUB_DEPENDENCY_GRAPH_ENABLED: false
2026-10-05T21:50:50.2380638Z ##[endgroup]
2026-10-05T21:50:50.2758398Z ic_hetu_official.webp: 12700 bytes SHA256 ffd1dce1e68a23d47a9a87faf69d94cfbd9dcb428f7cb538fb8ab305199d4fcf verified
2026-10-05T21:50:50.2759726Z ic_hetu_concept.png: 1446228 bytes SHA256 31573825cac7536b442c67e7a8110fd5584715a347d9cc8e9ef50cc66b29d04c verified
2026-10-05T21:50:50.2836428Z ##[group]Run set -euo pipefail
2026-10-05T21:50:50.2836919Z [36;1mset -euo pipefail[0m
2026-10-05T21:50:50.2837715Z [36;1mpython3 ../.github/scripts/functionfix_ci_config.py junit-filters > ../out/verification/function-junit-filter-args.txt[0m
2026-10-05T21:50:50.2838758Z [36;1mmapfile -t FUNCTION_TEST_FILTERS < ../out/verification/function-junit-filter-args.txt[0m
2026-10-05T21:50:50.2839754Z [36;1mgradle --no-daemon --max-workers=2 -Dorg.gradle.jvmargs='-Xmx3g -Dfile.encoding=UTF-8' :app:testDebugUnitTest \[0m
2026-10-05T21:50:50.2840888Z [36;1m  --tests '*RuntimeYaml15Test' --tests '*RuntimeStartup15Test' --tests '*AdblockSnifferTest' \[0m
2026-10-05T21:50:50.2841520Z [36;1m  --tests '*ConceptParity57Test' --tests '*PanelConceptModelTest' --tests '*SettingsConceptParityTest' \[0m
2026-10-05T21:50:50.2842566Z [36;1m  --tests '*CoreManagerConcept57Test' --tests '*SettingsBackupParity57Test' --tests '*ToolsConceptParityTest' --tests '*NativeConceptScreenshotTest' --tests '*SettingsPickerParity58Test' --tests '*LargeTitleParity59Test' --tests '*BootStartup60Test' \[0m
2026-10-05T21:50:50.2846547Z [36;1m  --tests '*ConceptStateCoverageTest' --tests '*ConceptRemainingCoverageTest' --tests '*WanDetails61Test' --tests '*MainLanguageBindingTest' --tests '*PanelLayoutDefaultsTest' --tests '*Runtime146ContractTest' --tests '*PanelModel11Test' --tests '*PanelActionSafetyTest' --tests '*ProxyLatencyRegressionTest' --tests '*DocumentPickerSafetyTest' --tests '*AppCrashReportTest' --tests '*ProxyScriptSafetyTest' --tests '*RootAutostartTest' --tests '*CustomPaletteCompatibilityTest' --tests '*ProxyAdblockExportTest' --tests '*RootHealthUpgradeTest' --tests '*RootNetworkRecoveryTest' --tests '*ProxyNetworkJournalTest' --tests '*NetworkDiagnosticsTest' --tests '*NetworkRecoveryStressTest' --tests '*JournalReliabilityTest' --tests '*NewUiIntegrationTest' --tests '*NewUiShell83Test' --tests '*NewHomePanelInteractionTest' --tests '*UI83ToolsTest' --tests '*UI83EditorHistoryTest' --tests '*ToastFeedbackTest' --tests '*ControllerAuthenticationTest' --tests '*LegacyControllerCredentialTest' --tests '*ControllerReadStateTest' --tests '*PanelControllerErrorTest' --tests '*GoogleConnectionEvidenceTest' --tests '*ToolsPdf85Test' --tests '*ToolsDiagIntakeTest' --tests '*ToolsDnsConsentIntakeTest' "${FUNCTION_TEST_FILTERS[@]}" --stacktrace[0m
2026-10-05T21:50:50.2907013Z shell: /usr/bin/bash -e {0}
2026-10-05T21:50:50.2907279Z env:
2026-10-05T21:50:50.2907562Z   HETU_TEST_KEYSTORE: /home/runner/.android/hetu-ui10-debug.jks
2026-10-05T21:50:50.2907924Z   HETU_EXPECTED_TESTS: 542
2026-10-05T21:50:50.2908182Z   HETU_EXPECTED_TEST_XML_FILES: 56
2026-10-05T21:50:50.2908449Z   HETU_EXPECTED_VERSION: 2086
2026-10-05T21:50:50.2908724Z   HETU_EXPECTED_VERSION_NAME: 0.12.16-v20-fix
2026-10-05T21:50:50.2909093Z   JAVA_HOME: /opt/hostedtoolcache/Java_Temurin-Hotspot_jdk/21.0.12-1/x64
2026-10-05T21:50:50.2909530Z   JAVA_HOME_21_X64: /opt/hostedtoolcache/Java_Temurin-Hotspot_jdk/21.0.12-1/x64
2026-10-05T21:50:50.2909921Z   GRADLE_ACTION_ID: gradle/actions/setup-gradle
2026-10-05T21:50:50.2910235Z   GRADLE_USER_HOME: /home/runner/.gradle
2026-10-05T21:50:50.2910702Z   GRADLE_BUILD_ACTION_SETUP_COMPLETED: true
2026-10-05T21:50:50.2910993Z   GRADLE_BUILD_ACTION_CACHE_RESTORED: true
2026-10-05T21:50:50.2911398Z   DEVELOCITY_INJECTION_INIT_SCRIPT_NAME: gradle-actions.inject-develocity.init.gradle
2026-10-05T21:50:50.2911822Z   DEVELOCITY_INJECTION_CUSTOM_VALUE: gradle-actions
2026-10-05T21:50:50.2912135Z   GITHUB_DEPENDENCY_GRAPH_ENABLED: false
2026-10-05T21:50:50.2912408Z ##[endgroup]
2026-10-05T21:50:50.8683527Z To honour the JVM settings for this build a single-use Daemon process will be forked. For more on this, please refer to https://docs.gradle.org/9.5.0/userguide/gradle_daemon.html#sec:disabling_the_daemon in the Gradle documentation.
2026-10-05T21:50:51.6632835Z Daemon will be stopped at the end of the build 
2026-10-05T21:50:58.3673396Z Configuration 'debugCompileClasspath' was resolved during configuration time.
2026-10-05T21:50:58.3674636Z This is a build performance and scalability issue.
2026-10-05T21:50:58.3675579Z See https://github.com/gradle/gradle/issues/2298
2026-10-05T21:50:58.3676348Z Run with --info for a stacktrace.
2026-10-05T21:50:58.6642990Z Configuration 'debugRuntimeClasspath' was resolved during configuration time.
2026-10-05T21:50:58.6658978Z This is a build performance and scalability issue.
2026-10-05T21:50:58.6659920Z See https://github.com/gradle/gradle/issues/2298
2026-10-05T21:50:58.6660856Z Run with --info for a stacktrace.
2026-10-05T21:50:59.0641489Z > Task :app:preBuild UP-TO-DATE
2026-10-05T21:50:59.0641901Z > Task :app:preDebugBuild UP-TO-DATE
2026-10-05T21:50:59.1653086Z > Task :app:generateDebugBuildConfig UP-TO-DATE
2026-10-05T21:50:59.1658743Z > Task :app:generateDebugResources UP-TO-DATE
2026-10-05T21:50:59.3648374Z > Task :app:prepareLibraryDefinitionsDebug UP-TO-DATE
2026-10-05T21:50:59.3671410Z > Task :app:packageDebugResources UP-TO-DATE
2026-10-05T21:50:59.5645740Z > Task :app:processDebugNavigationResources UP-TO-DATE
2026-10-05T21:50:59.5661801Z > Task :app:parseDebugLocalResources UP-TO-DATE
2026-10-05T21:50:59.5662631Z > Task :app:generateDebugRFile UP-TO-DATE
2026-10-05T21:50:59.9649840Z > Task :app:compileDebugKotlin UP-TO-DATE
2026-10-05T21:50:59.9651564Z > Task :app:javaPreCompileDebug UP-TO-DATE
2026-10-05T21:50:59.9652404Z > Task :app:compileDebugJavaWithJavac UP-TO-DATE
2026-10-05T21:51:00.0634953Z > Task :app:checkDebugAarMetadata UP-TO-DATE
2026-10-05T21:51:00.0642612Z > Task :app:mapDebugSourceSetPaths UP-TO-DATE
2026-10-05T21:51:00.0643831Z > Task :app:compileDebugNavigationResources UP-TO-DATE
2026-10-05T21:51:00.1657481Z > Task :app:mergeDebugResources UP-TO-DATE
2026-10-05T21:51:00.1681332Z > Task :app:createDebugCompatibleScreenManifests UP-TO-DATE
2026-10-05T21:51:00.1687638Z > Task :app:extractDeepLinksDebug UP-TO-DATE
2026-10-05T21:51:00.2648556Z > Task :app:processDebugMainManifest UP-TO-DATE
2026-10-05T21:51:00.2658781Z > Task :app:processDebugManifest UP-TO-DATE
2026-10-05T21:51:00.2683507Z > Task :app:processDebugManifestForPackage UP-TO-DATE
2026-10-05T21:51:00.3633032Z > Task :app:processDebugResources UP-TO-DATE
2026-10-05T21:51:00.6652046Z > Task :app:bundleDebugClassesToCompileJar
2026-10-05T21:51:00.6653089Z > Task :app:preDebugUnitTestBuild UP-TO-DATE
2026-10-05T21:51:00.6653958Z > Task :app:bundleDebugClassesToRuntimeJar
2026-10-05T21:51:03.3666233Z > Task :app:javaPreCompileDebugUnitTest
2026-10-05T21:51:03.3731620Z > Task :app:generateDebugAssets UP-TO-DATE
2026-10-05T21:51:03.3748072Z > Task :app:mergeDebugAssets UP-TO-DATE
2026-10-05T21:51:04.8639707Z > Task :app:packageDebugUnitTestForUnitTest
2026-10-05T21:51:05.5641810Z > Task :app:mergeDebugUnitTestManifest
2026-10-05T21:51:05.5654812Z > Task :app:processDebugUnitTestManifest
2026-10-05T21:51:05.5655514Z > Task :app:generateDebugUnitTestConfig
2026-10-05T21:51:05.6639493Z > Task :app:processDebugJavaRes UP-TO-DATE
2026-10-05T21:51:30.5719552Z 
2026-10-05T21:51:30.5752031Z > Task :app:compileDebugUnitTestKotlin
2026-10-05T21:51:30.5785278Z w: file:///home/runner/work/hetu/hetu/android-app/app/src/test/java/io/github/xgl34222220/hetu/CompactHomeDashboardTest.kt:36:26 'fun <reified A : ComponentActivity> createAndroidComposeRule(effectContext: CoroutineContext = ...): AndroidComposeTestRule<ActivityScenarioRule<A>, A>' is deprecated. Use `androidx.compose.ui.test.junit4.v2.createAndroidComposeRule` instead. The v2 APIs use StandardTestDispatcher instead of UnconfinedTestDispatcher, which aligns with standard coroutine behavior by queuing tasks rather than executing them immediately. Tests relying on immediate execution may require explicit synchronization. Please refer to the migration guide for more details.
2026-10-05T21:51:30.5794131Z w: file:///home/runner/work/hetu/hetu/android-app/app/src/test/java/io/github/xgl34222220/hetu/ConceptParity57Test.kt:26:26 'fun <reified A : ComponentActivity> createAndroidComposeRule(effectContext: CoroutineContext = ...): AndroidComposeTestRule<ActivityScenarioRule<A>, A>' is deprecated. Use `androidx.compose.ui.test.junit4.v2.createAndroidComposeRule` instead. The v2 APIs use StandardTestDispatcher instead of UnconfinedTestDispatcher, which aligns with standard coroutine behavior by queuing tasks rather than executing them immediately. Tests relying on immediate execution may require explicit synchronization. Please refer to the migration guide for more details.
2026-10-05T21:51:30.5824276Z w: file:///home/runner/work/hetu/hetu/android-app/app/src/test/java/io/github/xgl34222220/hetu/ConceptRemainingCoverageTest.kt:59:26 'fun <reified A : ComponentActivity> createAndroidComposeRule(effectContext: CoroutineContext = ...): AndroidComposeTestRule<ActivityScenarioRule<A>, A>' is deprecated. Use `androidx.compose.ui.test.junit4.v2.createAndroidComposeRule` instead. The v2 APIs use StandardTestDispatcher instead of UnconfinedTestDispatcher, which aligns with standard coroutine behavior by queuing tasks rather than executing them immediately. Tests relying on immediate execution may require explicit synchronization. Please refer to the migration guide for more details.
2026-10-05T21:51:30.5855246Z w: file:///home/runner/work/hetu/hetu/android-app/app/src/test/java/io/github/xgl34222220/hetu/ConceptStateCoverageTest.kt:52:26 'fun <reified A : ComponentActivity> createAndroidComposeRule(effectContext: CoroutineContext = ...): AndroidComposeTestRule<ActivityScenarioRule<A>, A>' is deprecated. Use `androidx.compose.ui.test.junit4.v2.createAndroidComposeRule` instead. The v2 APIs use StandardTestDispatcher instead of UnconfinedTestDispatcher, which aligns with standard coroutine behavior by queuing tasks rather than executing them immediately. Tests relying on immediate execution may require explicit synchronization. Please refer to the migration guide for more details.
2026-10-05T21:51:30.5882867Z w: file:///home/runner/work/hetu/hetu/android-app/app/src/test/java/io/github/xgl34222220/hetu/CustomPaletteCompatibilityTest.kt:33:26 'fun <reified A : ComponentActivity> createAndroidComposeRule(effectContext: CoroutineContext = ...): AndroidComposeTestRule<ActivityScenarioRule<A>, A>' is deprecated. Use `androidx.compose.ui.test.junit4.v2.createAndroidComposeRule` instead. The v2 APIs use StandardTestDispatcher instead of UnconfinedTestDispatcher, which aligns with standard coroutine behavior by queuing tasks rather than executing them immediately. Tests relying on immediate execution may require explicit synchronization. Please refer to the migration guide for more details.
2026-10-05T21:51:30.5891005Z w: file:///home/runner/work/hetu/hetu/android-app/app/src/test/java/io/github/xgl34222220/hetu/HomeUi10GridTest.kt:39:24 'fun <reified A : ComponentActivity> createAndroidComposeRule(effectContext: CoroutineContext = ...): AndroidComposeTestRule<ActivityScenarioRule<A>, A>' is deprecated. Use `androidx.compose.ui.test.junit4.v2.createAndroidComposeRule` instead. The v2 APIs use StandardTestDispatcher instead of UnconfinedTestDispatcher, which aligns with standard coroutine behavior by queuing tasks rather than executing them immediately. Tests relying on immediate execution may require explicit synchronization. Please refer to the migration guide for more details.
2026-10-05T21:51:30.5898652Z w: file:///home/runner/work/hetu/hetu/android-app/app/src/test/java/io/github/xgl34222220/hetu/HomeUi11Test.kt:32:26 'fun <reified A : ComponentActivity> createAndroidComposeRule(effectContext: CoroutineContext = ...): AndroidComposeTestRule<ActivityScenarioRule<A>, A>' is deprecated. Use `androidx.compose.ui.test.junit4.v2.createAndroidComposeRule` instead. The v2 APIs use StandardTestDispatcher instead of UnconfinedTestDispatcher, which aligns with standard coroutine behavior by queuing tasks rather than executing them immediately. Tests relying on immediate execution may require explicit synchronization. Please refer to the migration guide for more details.
2026-10-05T21:51:30.5906788Z w: file:///home/runner/work/hetu/hetu/android-app/app/src/test/java/io/github/xgl34222220/hetu/HomeUi5RegressionTest.kt:34:26 'fun <reified A : ComponentActivity> createAndroidComposeRule(effectContext: CoroutineContext = ...): AndroidComposeTestRule<ActivityScenarioRule<A>, A>' is deprecated. Use `androidx.compose.ui.test.junit4.v2.createAndroidComposeRule` instead. The v2 APIs use StandardTestDispatcher instead of UnconfinedTestDispatcher, which aligns with standard coroutine behavior by queuing tasks rather than executing them immediately. Tests relying on immediate execution may require explicit synchronization. Please refer to the migration guide for more details.
2026-10-05T21:51:30.5914737Z w: file:///home/runner/work/hetu/hetu/android-app/app/src/test/java/io/github/xgl34222220/hetu/HomeUi6RegressionTest.kt:39:24 'fun <reified A : ComponentActivity> createAndroidComposeRule(effectContext: CoroutineContext = ...): AndroidComposeTestRule<ActivityScenarioRule<A>, A>' is deprecated. Use `androidx.compose.ui.test.junit4.v2.createAndroidComposeRule` instead. The v2 APIs use StandardTestDispatcher instead of UnconfinedTestDispatcher, which aligns with standard coroutine behavior by queuing tasks rather than executing them immediately. Tests relying on immediate execution may require explicit synchronization. Please refer to the migration guide for more details.
2026-10-05T21:51:30.5922734Z w: file:///home/runner/work/hetu/hetu/android-app/app/src/test/java/io/github/xgl34222220/hetu/HomeUi7InteractionTest.kt:36:26 'fun <reified A : ComponentActivity> createAndroidComposeRule(effectContext: CoroutineContext = ...): AndroidComposeTestRule<ActivityScenarioRule<A>, A>' is deprecated. Use `androidx.compose.ui.test.junit4.v2.createAndroidComposeRule` instead. The v2 APIs use StandardTestDispatcher instead of UnconfinedTestDispatcher, which aligns with standard coroutine behavior by queuing tasks rather than executing them immediately. Tests relying on immediate execution may require explicit synchronization. Please refer to the migration guide for more details.
2026-10-05T21:51:30.5930634Z w: file:///home/runner/work/hetu/hetu/android-app/app/src/test/java/io/github/xgl34222220/hetu/HomeUi8ExperienceTest.kt:30:26 'fun <reified A : ComponentActivity> createAndroidComposeRule(effectContext: CoroutineContext = ...): AndroidComposeTestRule<ActivityScenarioRule<A>, A>' is deprecated. Use `androidx.compose.ui.test.junit4.v2.createAndroidComposeRule` instead. The v2 APIs use StandardTestDispatcher instead of UnconfinedTestDispatcher, which aligns with standard coroutine behavior by queuing tasks rather than executing them immediately. Tests relying on immediate execution may require explicit synchronization. Please refer to the migration guide for more details.
2026-10-05T21:51:30.5937967Z w: file:///home/runner/work/hetu/hetu/android-app/app/src/test/java/io/github/xgl34222220/hetu/HomeUi9BentoTest.kt:32:26 'fun <reified A : ComponentActivity> createAndroidComposeRule(effectContext: CoroutineContext = ...): AndroidComposeTestRule<ActivityScenarioRule<A>, A>' is deprecated. Use `androidx.compose.ui.test.junit4.v2.createAndroidComposeRule` instead. The v2 APIs use StandardTestDispatcher instead of UnconfinedTestDispatcher, which aligns with standard coroutine behavior by queuing tasks rather than executing them immediately. Tests relying on immediate execution may require explicit synchronization. Please refer to the migration guide for more details.
2026-10-05T21:51:30.5946127Z w: file:///home/runner/work/hetu/hetu/android-app/app/src/test/java/io/github/xgl34222220/hetu/MainLanguageBindingTest.kt:39:26 'fun <reified A : ComponentActivity> createAndroidComposeRule(effectContext: CoroutineContext = ...): AndroidComposeTestRule<ActivityScenarioRule<A>, A>' is deprecated. Use `androidx.compose.ui.test.junit4.v2.createAndroidComposeRule` instead. The v2 APIs use StandardTestDispatcher instead of UnconfinedTestDispatcher, which aligns with standard coroutine behavior by queuing tasks rather than executing them immediately. Tests relying on immediate execution may require explicit synchronization. Please refer to the migration guide for more details.
2026-10-05T21:51:30.5953962Z w: file:///home/runner/work/hetu/hetu/android-app/app/src/test/java/io/github/xgl34222220/hetu/MotionUi12Test.kt:35:26 'fun <reified A : ComponentActivity> createAndroidComposeRule(effectContext: CoroutineContext = ...): AndroidComposeTestRule<ActivityScenarioRule<A>, A>' is deprecated. Use `androidx.compose.ui.test.junit4.v2.createAndroidComposeRule` instead. The v2 APIs use StandardTestDispatcher instead of UnconfinedTestDispatcher, which aligns with standard coroutine behavior by queuing tasks rather than executing them immediately. Tests relying on immediate execution may require explicit synchronization. Please refer to the migration guide for more details.
2026-10-05T21:51:30.5962148Z w: file:///home/runner/work/hetu/hetu/android-app/app/src/test/java/io/github/xgl34222220/hetu/NativeConceptScreenshotTest.kt:46:26 'fun <reified A : ComponentActivity> createAndroidComposeRule(effectContext: CoroutineContext = ...): AndroidComposeTestRule<ActivityScenarioRule<A>, A>' is deprecated. Use `androidx.compose.ui.test.junit4.v2.createAndroidComposeRule` instead. The v2 APIs use StandardTestDispatcher instead of UnconfinedTestDispatcher, which aligns with standard coroutine behavior by queuing tasks rather than executing them immediately. Tests relying on immediate execution may require explicit synchronization. Please refer to the migration guide for more details.
2026-10-05T21:51:30.5969816Z w: file:///home/runner/work/hetu/hetu/android-app/app/src/test/java/io/github/xgl34222220/hetu/NativeDockUi4Test.kt:38:26 'fun <reified A : ComponentActivity> createAndroidComposeRule(effectContext: CoroutineContext = ...): AndroidComposeTestRule<ActivityScenarioRule<A>, A>' is deprecated. Use `androidx.compose.ui.test.junit4.v2.createAndroidComposeRule` instead. The v2 APIs use StandardTestDispatcher instead of UnconfinedTestDispatcher, which aligns with standard coroutine behavior by queuing tasks rather than executing them immediately. Tests relying on immediate execution may require explicit synchronization. Please refer to the migration guide for more details.
2026-10-05T21:51:30.5977944Z w: file:///home/runner/work/hetu/hetu/android-app/app/src/test/java/io/github/xgl34222220/hetu/NewHomePanelInteractionTest.kt:42:26 'fun <reified A : ComponentActivity> createAndroidComposeRule(effectContext: CoroutineContext = ...): AndroidComposeTestRule<ActivityScenarioRule<A>, A>' is deprecated. Use `androidx.compose.ui.test.junit4.v2.createAndroidComposeRule` instead. The v2 APIs use StandardTestDispatcher instead of UnconfinedTestDispatcher, which aligns with standard coroutine behavior by queuing tasks rather than executing them immediately. Tests relying on immediate execution may require explicit synchronization. Please refer to the migration guide for more details.
2026-10-05T21:51:30.5986016Z w: file:///home/runner/work/hetu/hetu/android-app/app/src/test/java/io/github/xgl34222220/hetu/NewUiIntegrationTest.kt:24:26 'fun <reified A : ComponentActivity> createAndroidComposeRule(effectContext: CoroutineContext = ...): AndroidComposeTestRule<ActivityScenarioRule<A>, A>' is deprecated. Use `androidx.compose.ui.test.junit4.v2.createAndroidComposeRule` instead. The v2 APIs use StandardTestDispatcher instead of UnconfinedTestDispatcher, which aligns with standard coroutine behavior by queuing tasks rather than executing them immediately. Tests relying on immediate execution may require explicit synchronization. Please refer to the migration guide for more details.
2026-10-05T21:51:30.5994251Z w: file:///home/runner/work/hetu/hetu/android-app/app/src/test/java/io/github/xgl34222220/hetu/NewUiShell83Test.kt:25:26 'fun <reified A : ComponentActivity> createAndroidComposeRule(effectContext: CoroutineContext = ...): AndroidComposeTestRule<ActivityScenarioRule<A>, A>' is deprecated. Use `androidx.compose.ui.test.junit4.v2.createAndroidComposeRule` instead. The v2 APIs use StandardTestDispatcher instead of UnconfinedTestDispatcher, which aligns with standard coroutine behavior by queuing tasks rather than executing them immediately. Tests relying on immediate execution may require explicit synchronization. Please refer to the migration guide for more details.
2026-10-05T21:51:30.5999287Z w: file:///home/runner/work/hetu/hetu/android-app/app/src/test/java/io/github/xgl34222220/hetu/NewUiShell83Test.kt:48:9 Only safe (?.) or non-null asserted (!!.) calls are allowed on a nullable receiver of type 'File?'.
2026-10-05T21:51:30.6005049Z w: file:///home/runner/work/hetu/hetu/android-app/app/src/test/java/io/github/xgl34222220/hetu/PanelControllerErrorTest.kt:33:26 'fun <reified A : ComponentActivity> createAndroidComposeRule(effectContext: CoroutineContext = ...): AndroidComposeTestRule<ActivityScenarioRule<A>, A>' is deprecated. Use `androidx.compose.ui.test.junit4.v2.createAndroidComposeRule` instead. The v2 APIs use StandardTestDispatcher instead of UnconfinedTestDispatcher, which aligns with standard coroutine behavior by queuing tasks rather than executing them immediately. Tests relying on immediate execution may require explicit synchronization. Please refer to the migration guide for more details.
2026-10-05T21:51:30.6013252Z w: file:///home/runner/work/hetu/hetu/android-app/app/src/test/java/io/github/xgl34222220/hetu/PanelExpansionAnchorTest.kt:36:26 'fun <reified A : ComponentActivity> createAndroidComposeRule(effectContext: CoroutineContext = ...): AndroidComposeTestRule<ActivityScenarioRule<A>, A>' is deprecated. Use `androidx.compose.ui.test.junit4.v2.createAndroidComposeRule` instead. The v2 APIs use StandardTestDispatcher instead of UnconfinedTestDispatcher, which aligns with standard coroutine behavior by queuing tasks rather than executing them immediately. Tests relying on immediate execution may require explicit synchronization. Please refer to the migration guide for more details.
2026-10-05T21:51:30.6021637Z w: file:///home/runner/work/hetu/hetu/android-app/app/src/test/java/io/github/xgl34222220/hetu/PanelNavigation13Test.kt:36:26 'fun <reified A : ComponentActivity> createAndroidComposeRule(effectContext: CoroutineContext = ...): AndroidComposeTestRule<ActivityScenarioRule<A>, A>' is deprecated. Use `androidx.compose.ui.test.junit4.v2.createAndroidComposeRule` instead. The v2 APIs use StandardTestDispatcher instead of UnconfinedTestDispatcher, which aligns with standard coroutine behavior by queuing tasks rather than executing them immediately. Tests relying on immediate execution may require explicit synchronization. Please refer to the migration guide for more details.
2026-10-05T21:51:30.6029409Z w: file:///home/runner/work/hetu/hetu/android-app/app/src/test/java/io/github/xgl34222220/hetu/PanelPolish14Test.kt:37:24 'fun <reified A : ComponentActivity> createAndroidComposeRule(effectContext: CoroutineContext = ...): AndroidComposeTestRule<ActivityScenarioRule<A>, A>' is deprecated. Use `androidx.compose.ui.test.junit4.v2.createAndroidComposeRule` instead. The v2 APIs use StandardTestDispatcher instead of UnconfinedTestDispatcher, which aligns with standard coroutine behavior by queuing tasks rather than executing them immediately. Tests relying on immediate execution may require explicit synchronization. Please refer to the migration guide for more details.
2026-10-05T21:51:30.6037419Z w: file:///home/runner/work/hetu/hetu/android-app/app/src/test/java/io/github/xgl34222220/hetu/PanelUi11Test.kt:35:26 'fun <reified A : ComponentActivity> createAndroidComposeRule(effectContext: CoroutineContext = ...): AndroidComposeTestRule<ActivityScenarioRule<A>, A>' is deprecated. Use `androidx.compose.ui.test.junit4.v2.createAndroidComposeRule` instead. The v2 APIs use StandardTestDispatcher instead of UnconfinedTestDispatcher, which aligns with standard coroutine behavior by queuing tasks rather than executing them immediately. Tests relying on immediate execution may require explicit synchronization. Please refer to the migration guide for more details.
2026-10-05T21:51:30.6045611Z w: file:///home/runner/work/hetu/hetu/android-app/app/src/test/java/io/github/xgl34222220/hetu/SettingsConceptParityTest.kt:32:26 'fun <reified A : ComponentActivity> createAndroidComposeRule(effectContext: CoroutineContext = ...): AndroidComposeTestRule<ActivityScenarioRule<A>, A>' is deprecated. Use `androidx.compose.ui.test.junit4.v2.createAndroidComposeRule` instead. The v2 APIs use StandardTestDispatcher instead of UnconfinedTestDispatcher, which aligns with standard coroutine behavior by queuing tasks rather than executing them immediately. Tests relying on immediate execution may require explicit synchronization. Please refer to the migration guide for more details.
2026-10-05T21:51:30.6053681Z w: file:///home/runner/work/hetu/hetu/android-app/app/src/test/java/io/github/xgl34222220/hetu/ToastFeedbackTest.kt:30:26 'fun <reified A : ComponentActivity> createAndroidComposeRule(effectContext: CoroutineContext = ...): AndroidComposeTestRule<ActivityScenarioRule<A>, A>' is deprecated. Use `androidx.compose.ui.test.junit4.v2.createAndroidComposeRule` instead. The v2 APIs use StandardTestDispatcher instead of UnconfinedTestDispatcher, which aligns with standard coroutine behavior by queuing tasks rather than executing them immediately. Tests relying on immediate execution may require explicit synchronization. Please refer to the migration guide for more details.
2026-10-05T21:51:30.6061103Z w: file:///home/runner/work/hetu/hetu/android-app/app/src/test/java/io/github/xgl34222220/hetu/Ui92IntegrationTest.kt:20:26 'fun createComposeRule(effectContext: CoroutineContext = ...): ComposeContentTestRule' is deprecated. Use `androidx.compose.ui.test.junit4.v2.createComposeRule` instead. The v2 APIs use StandardTestDispatcher instead of UnconfinedTestDispatcher, which aligns with standard coroutine behavior by queuing tasks rather than executing them immediately. Tests relying on immediate execution may require explicit synchronization. Please refer to the migration guide for more details.
2026-10-05T21:51:30.6068505Z w: file:///home/runner/work/hetu/hetu/android-app/app/src/test/java/io/github/xgl34222220/hetu/tools/ToolsDiagIntakeTest.kt:34:26 'fun <reified A : ComponentActivity> createAndroidComposeRule(effectContext: CoroutineContext = ...): AndroidComposeTestRule<ActivityScenarioRule<A>, A>' is deprecated. Use `androidx.compose.ui.test.junit4.v2.createAndroidComposeRule` instead. The v2 APIs use StandardTestDispatcher instead of UnconfinedTestDispatcher, which aligns with standard coroutine behavior by queuing tasks rather than executing them immediately. Tests relying on immediate execution may require explicit synchronization. Please refer to the migration guide for more details.
2026-10-05T21:51:30.6076546Z w: file:///home/runner/work/hetu/hetu/android-app/app/src/test/java/io/github/xgl34222220/hetu/tools/ToolsDnsConsentIntakeTest.kt:39:26 'fun <reified A : ComponentActivity> createAndroidComposeRule(effectContext: CoroutineContext = ...): AndroidComposeTestRule<ActivityScenarioRule<A>, A>' is deprecated. Use `androidx.compose.ui.test.junit4.v2.createAndroidComposeRule` instead. The v2 APIs use StandardTestDispatcher instead of UnconfinedTestDispatcher, which aligns with standard coroutine behavior by queuing tasks rather than executing them immediately. Tests relying on immediate execution may require explicit synchronization. Please refer to the migration guide for more details.
2026-10-05T21:51:30.6085190Z w: file:///home/runner/work/hetu/hetu/android-app/app/src/test/java/io/github/xgl34222220/hetu/tools/ToolsPdf85Test.kt:49:26 'fun <reified A : ComponentActivity> createAndroidComposeRule(effectContext: CoroutineContext = ...): AndroidComposeTestRule<ActivityScenarioRule<A>, A>' is deprecated. Use `androidx.compose.ui.test.junit4.v2.createAndroidComposeRule` instead. The v2 APIs use StandardTestDispatcher instead of UnconfinedTestDispatcher, which aligns with standard coroutine behavior by queuing tasks rather than executing them immediately. Tests relying on immediate execution may require explicit synchronization. Please refer to the migration guide for more details.
2026-10-05T21:51:33.5631681Z 
2026-10-05T21:51:33.5644432Z > Task :app:compileDebugUnitTestJavaWithJavac
2026-10-05T21:51:33.5661636Z > Task :app:processDebugUnitTestJavaRes
2026-10-05T21:52:03.5658673Z > Task :app:testDebugUnitTest
2026-10-05T21:53:03.9631660Z 
2026-10-05T21:53:03.9662025Z PanelRequestOwnershipTest > ordinaryPollKeepsAnActiveGroupInTheSamePidSession FAILED
2026-10-05T21:53:03.9664336Z     java.lang.AssertionError at PanelRequestOwnershipTest.kt:343
2026-10-05T21:53:22.3642459Z 
2026-10-05T21:53:22.3645998Z 542 tests completed, 1 failed
2026-10-05T21:53:22.4641084Z 
2026-10-05T21:53:22.4652003Z > Task :app:testDebugUnitTest FAILED
2026-10-05T21:53:22.5648401Z gradle/actions: Writing build results to /home/runner/work/_temp/.gradle-actions/build-results/__run_23-1791237053101.json
2026-10-05T21:53:22.5661905Z 
2026-10-05T21:53:22.5661944Z 
2026-10-05T21:53:22.5666362Z [Incubating] Problems report is available at: file:///home/runner/work/hetu/hetu/android-app/build/reports/problems/problems-report.html
2026-10-05T21:53:22.5667521Z FAILURE: Build failed with an exception.
2026-10-05T21:53:22.5684558Z 
2026-10-05T21:53:22.5689822Z * What went wrong:
2026-10-05T21:53:22.5690520Z 33 actionable tasks: 11 executed, 22 up-to-date
2026-10-05T21:53:22.5691468Z Execution failed for task ':app:testDebugUnitTest'.
2026-10-05T21:53:22.5702410Z > There were failing tests. See the report at: file:///home/runner/work/hetu/hetu/android-app/app/build/reports/tests/testDebugUnitTest/index.html
2026-10-05T21:53:22.5703418Z 
2026-10-05T21:53:22.5703754Z * Try:
2026-10-05T21:53:22.5704573Z > Run with --scan to get full insights from a Build Scan (powered by Develocity).
2026-10-05T21:53:22.5705214Z 
2026-10-05T21:53:22.5705524Z * Exception is:
2026-10-05T21:53:22.5706476Z org.gradle.api.tasks.TaskExecutionException: Execution failed for task ':app:testDebugUnitTest'.
2026-10-05T21:53:22.5707964Z 	at org.gradle.api.internal.tasks.execution.ExecuteActionsTaskExecuter.lambda$executeIfValid$1(ExecuteActionsTaskExecuter.java:135)
2026-10-05T21:53:22.5709363Z 	at org.gradle.internal.Try$Failure.ifSuccessfulOrElse(Try.java:288)
2026-10-05T21:53:22.5710870Z 	at org.gradle.api.internal.tasks.execution.ExecuteActionsTaskExecuter.executeIfValid(ExecuteActionsTaskExecuter.java:133)
2026-10-05T21:53:22.5712562Z 	at org.gradle.api.internal.tasks.execution.ExecuteActionsTaskExecuter.execute(ExecuteActionsTaskExecuter.java:121)
2026-10-05T21:53:22.5714332Z 	at org.gradle.api.internal.tasks.execution.ProblemsTaskPathTrackingTaskExecuter.execute(ProblemsTaskPathTrackingTaskExecuter.java:41)
2026-10-05T21:53:22.5716180Z 	at org.gradle.api.internal.tasks.execution.ResolveTaskExecutionModeExecuter.execute(ResolveTaskExecutionModeExecuter.java:51)
2026-10-05T21:53:22.5717932Z 	at org.gradle.api.internal.tasks.execution.FinalizePropertiesTaskExecuter.execute(FinalizePropertiesTaskExecuter.java:46)
2026-10-05T21:53:22.5719574Z 	at org.gradle.api.internal.tasks.execution.SkipTaskWithNoActionsExecuter.execute(SkipTaskWithNoActionsExecuter.java:57)
2026-10-05T21:53:22.5721265Z 	at org.gradle.api.internal.tasks.execution.SkipOnlyIfTaskExecuter.execute(SkipOnlyIfTaskExecuter.java:74)
2026-10-05T21:53:22.5722754Z 	at org.gradle.api.internal.tasks.execution.CatchExceptionTaskExecuter.execute(CatchExceptionTaskExecuter.java:36)
2026-10-05T21:53:22.5724291Z 	at org.gradle.api.internal.tasks.execution.EventFiringTaskExecuter$1.executeTask(EventFiringTaskExecuter.java:77)
2026-10-05T21:53:22.5725763Z 	at org.gradle.api.internal.tasks.execution.EventFiringTaskExecuter$1.call(EventFiringTaskExecuter.java:55)
2026-10-05T21:53:22.5727187Z 	at org.gradle.api.internal.tasks.execution.EventFiringTaskExecuter$1.call(EventFiringTaskExecuter.java:52)
2026-10-05T21:53:22.5728821Z 	at org.gradle.internal.operations.DefaultBuildOperationRunner$CallableBuildOperationWorker.execute(DefaultBuildOperationRunner.java:210)
2026-10-05T21:53:22.5730775Z 	at org.gradle.internal.operations.DefaultBuildOperationRunner$CallableBuildOperationWorker.execute(DefaultBuildOperationRunner.java:205)
2026-10-05T21:53:22.5732797Z 	at org.gradle.internal.operations.DefaultBuildOperationRunner$2.execute(DefaultBuildOperationRunner.java:67)
2026-10-05T21:53:22.5734526Z 	at org.gradle.internal.operations.DefaultBuildOperationRunner$2.execute(DefaultBuildOperationRunner.java:60)
2026-10-05T21:53:22.5735997Z 	at org.gradle.internal.operations.DefaultBuildOperationRunner.execute(DefaultBuildOperationRunner.java:167)
2026-10-05T21:53:22.5737493Z 	at org.gradle.internal.operations.DefaultBuildOperationRunner.execute(DefaultBuildOperationRunner.java:60)
2026-10-05T21:53:22.5738942Z 	at org.gradle.internal.operations.DefaultBuildOperationRunner.call(DefaultBuildOperationRunner.java:54)
2026-10-05T21:53:22.5740872Z 	at org.gradle.api.internal.tasks.execution.EventFiringTaskExecuter.execute(EventFiringTaskExecuter.java:52)
2026-10-05T21:53:22.5742354Z 	at org.gradle.execution.plan.DefaultNodeExecutor.executeLocalTaskNode(DefaultNodeExecutor.java:55)
2026-10-05T21:53:22.5743652Z 	at org.gradle.execution.plan.DefaultNodeExecutor.execute(DefaultNodeExecutor.java:34)
2026-10-05T21:53:22.5744814Z 	at org.gradle.execution.taskgraph.DefaultTaskExecutionGraph$InvokeNodeExecutorsAction.execute(DefaultTaskExecutionGraph.java:355)
2026-10-05T21:53:22.5745840Z 	at org.gradle.execution.taskgraph.DefaultTaskExecutionGraph$InvokeNodeExecutorsAction.execute(DefaultTaskExecutionGraph.java:343)
2026-10-05T21:53:22.5746904Z 	at org.gradle.execution.taskgraph.DefaultTaskExecutionGraph$BuildOperationAwareExecutionAction.lambda$execute$0(DefaultTaskExecutionGraph.java:339)
2026-10-05T21:53:22.5747902Z 	at org.gradle.internal.operations.CurrentBuildOperationRef.with(CurrentBuildOperationRef.java:84)
2026-10-05T21:53:22.5748886Z 	at org.gradle.execution.taskgraph.DefaultTaskExecutionGraph$BuildOperationAwareExecutionAction.execute(DefaultTaskExecutionGraph.java:339)
2026-10-05T21:53:22.5749976Z 	at org.gradle.execution.taskgraph.DefaultTaskExecutionGraph$BuildOperationAwareExecutionAction.execute(DefaultTaskExecutionGraph.java:328)
2026-10-05T21:53:22.5751444Z 	at org.gradle.execution.plan.DefaultPlanExecutor$ExecutorWorker.execute(DefaultPlanExecutor.java:459)
2026-10-05T21:53:22.5752602Z 	at org.gradle.execution.plan.DefaultPlanExecutor$ExecutorWorker.run(DefaultPlanExecutor.java:376)
2026-10-05T21:53:22.5753638Z 	at org.gradle.execution.plan.DefaultPlanExecutor.process(DefaultPlanExecutor.java:111)
2026-10-05T21:53:22.5766425Z 	at org.gradle.execution.taskgraph.DefaultTaskExecutionGraph.executeWithServices(DefaultTaskExecutionGraph.java:146)
2026-10-05T21:53:22.5767812Z 	at org.gradle.execution.taskgraph.DefaultTaskExecutionGraph.execute(DefaultTaskExecutionGraph.java:131)
2026-10-05T21:53:22.5769041Z 	at org.gradle.execution.SelectedTaskExecutionAction.execute(SelectedTaskExecutionAction.java:35)
2026-10-05T21:53:22.5770459Z 	at org.gradle.execution.BuildOperationFiringBuildWorkerExecutor$ExecuteTasks.call(BuildOperationFiringBuildWorkerExecutor.java:54)
2026-10-05T21:53:22.5771941Z 	at org.gradle.execution.BuildOperationFiringBuildWorkerExecutor$ExecuteTasks.call(BuildOperationFiringBuildWorkerExecutor.java:43)
2026-10-05T21:53:22.5773452Z 	at org.gradle.internal.operations.DefaultBuildOperationRunner$CallableBuildOperationWorker.execute(DefaultBuildOperationRunner.java:210)
2026-10-05T21:53:22.5777215Z 	at org.gradle.internal.operations.DefaultBuildOperationRunner$CallableBuildOperationWorker.execute(DefaultBuildOperationRunner.java:205)
2026-10-05T21:53:22.5778606Z 	at org.gradle.internal.operations.DefaultBuildOperationRunner$2.execute(DefaultBuildOperationRunner.java:67)
2026-10-05T21:53:22.5779891Z 	at org.gradle.internal.operations.DefaultBuildOperationRunner$2.execute(DefaultBuildOperationRunner.java:60)
2026-10-05T21:53:22.5781395Z 	at org.gradle.internal.operations.DefaultBuildOperationRunner.execute(DefaultBuildOperationRunner.java:167)
2026-10-05T21:53:22.5782648Z 	at org.gradle.internal.operations.DefaultBuildOperationRunner.execute(DefaultBuildOperationRunner.java:60)
2026-10-05T21:53:22.5784604Z 	at org.gradle.internal.operations.DefaultBuildOperationRunner.call(DefaultBuildOperationRunner.java:54)
2026-10-05T21:53:22.5787766Z 	at org.gradle.execution.BuildOperationFiringBuildWorkerExecutor.execute(BuildOperationFiringBuildWorkerExecutor.java:40)
2026-10-05T21:53:22.5793750Z 	at org.gradle.internal.build.DefaultBuildLifecycleController.lambda$executeTasks$11(DefaultBuildLifecycleController.java:323)
2026-10-05T21:53:22.5795162Z 	at org.gradle.internal.model.StateTransitionController.doTransition(StateTransitionController.java:304)
2026-10-05T21:53:22.5796381Z 	at org.gradle.internal.model.StateTransitionController.lambda$tryTransition$9(StateTransitionController.java:215)
2026-10-05T21:53:22.5797709Z 	at org.gradle.internal.work.DefaultSynchronizer.withLock(DefaultSynchronizer.java:45)
2026-10-05T21:53:22.5798778Z 	at org.gradle.internal.model.StateTransitionController.tryTransition(StateTransitionController.java:215)
2026-10-05T21:53:22.5800026Z 	at org.gradle.internal.build.DefaultBuildLifecycleController.executeTasks(DefaultBuildLifecycleController.java:314)
2026-10-05T21:53:22.5801649Z 	at org.gradle.internal.build.DefaultBuildWorkGraphController$DefaultBuildWorkGraph.runWork(DefaultBuildWorkGraphController.java:220)
2026-10-05T21:53:22.5803035Z 	at org.gradle.internal.work.DefaultWorkerLeaseService.lambda$withLocksAcquired$0(DefaultWorkerLeaseService.java:280)
2026-10-05T21:53:22.5804216Z 	at org.gradle.internal.work.ResourceLockStatistics$1.measure(ResourceLockStatistics.java:43)
2026-10-05T21:53:22.5805360Z 	at org.gradle.internal.work.DefaultWorkerLeaseService.withLocksAcquired(DefaultWorkerLeaseService.java:278)
2026-10-05T21:53:22.5806229Z 	at org.gradle.internal.work.DefaultWorkerLeaseService.withLocks(DefaultWorkerLeaseService.java:270)
2026-10-05T21:53:22.5806958Z 	at org.gradle.internal.work.DefaultWorkerLeaseService.runAsWorkerThread(DefaultWorkerLeaseService.java:129)
2026-10-05T21:53:22.5807654Z 	at org.gradle.composite.internal.DefaultBuildController.doRun(DefaultBuildController.java:182)
2026-10-05T21:53:22.5808380Z 	at org.gradle.composite.internal.DefaultBuildController$BuildOpRunnable.lambda$run$0(DefaultBuildController.java:199)
2026-10-05T21:53:22.5809096Z 	at org.gradle.internal.operations.CurrentBuildOperationRef.with(CurrentBuildOperationRef.java:84)
2026-10-05T21:53:22.5809804Z 	at org.gradle.composite.internal.DefaultBuildController$BuildOpRunnable.run(DefaultBuildController.java:199)
2026-10-05T21:53:22.5810818Z 	at org.gradle.internal.concurrent.ExecutorPolicy$CatchAndRecordFailures.onExecute(ExecutorPolicy.java:64)
2026-10-05T21:53:22.5812002Z 	at org.gradle.internal.concurrent.AbstractManagedExecutor$1.run(AbstractManagedExecutor.java:47)
2026-10-05T21:53:22.5813942Z Caused by: org.gradle.api.internal.exceptions.MarkedVerificationException: There were failing tests. See the report at: file:///home/runner/work/hetu/hetu/android-app/app/build/reports/tests/testDebugUnitTest/index.html
2026-10-05T21:53:22.5815569Z 	at org.gradle.api.tasks.testing.AbstractTestTask.executeTests(AbstractTestTask.java:615)
2026-10-05T21:53:22.5816442Z 	at org.gradle.api.tasks.testing.Test.executeTests(Test.java:759)
2026-10-05T21:53:22.5817392Z 	at com.android.build.gradle.tasks.factory.AndroidUnitTest.executeTests(AndroidUnitTest.java:203)
2026-10-05T21:53:22.5818351Z 	at org.gradle.internal.reflect.JavaMethod.invoke(JavaMethod.java:125)
2026-10-05T21:53:22.5819377Z 	at org.gradle.api.internal.project.taskfactory.StandardTaskAction.doExecute(StandardTaskAction.java:58)
2026-10-05T21:53:22.5820705Z 	at org.gradle.api.internal.project.taskfactory.StandardTaskAction.execute(StandardTaskAction.java:51)
2026-10-05T21:53:22.5821951Z 	at org.gradle.api.internal.project.taskfactory.StandardTaskAction.execute(StandardTaskAction.java:29)
2026-10-05T21:53:22.5823019Z 	at org.gradle.api.internal.tasks.execution.TaskExecution$3.run(TaskExecution.java:259)
2026-10-05T21:53:22.5824199Z 	at org.gradle.internal.operations.DefaultBuildOperationRunner$1.execute(DefaultBuildOperationRunner.java:30)
2026-10-05T21:53:22.5825468Z 	at org.gradle.internal.operations.DefaultBuildOperationRunner$1.execute(DefaultBuildOperationRunner.java:27)
2026-10-05T21:53:22.5826929Z 	at org.gradle.internal.operations.DefaultBuildOperationRunner$2.execute(DefaultBuildOperationRunner.java:67)
2026-10-05T21:53:22.5828229Z 	at org.gradle.internal.operations.DefaultBuildOperationRunner$2.execute(DefaultBuildOperationRunner.java:60)
2026-10-05T21:53:22.5829522Z 	at org.gradle.internal.operations.DefaultBuildOperationRunner.execute(DefaultBuildOperationRunner.java:167)
2026-10-05T21:53:22.5831029Z 	at org.gradle.internal.operations.DefaultBuildOperationRunner.execute(DefaultBuildOperationRunner.java:60)
2026-10-05T21:53:22.5832519Z 	at org.gradle.internal.operations.DefaultBuildOperationRunner.run(DefaultBuildOperationRunner.java:48)
2026-10-05T21:53:22.5833713Z 	at org.gradle.api.internal.tasks.execution.TaskExecution.executeAction(TaskExecution.java:244)
2026-10-05T21:53:22.5834893Z 	at org.gradle.api.internal.tasks.execution.TaskExecution.executeActions(TaskExecution.java:227)
2026-10-05T21:53:22.5836251Z 	at org.gradle.api.internal.tasks.execution.TaskExecution.executeWithPreviousOutputFiles(TaskExecution.java:210)
2026-10-05T21:53:22.5837499Z 	at org.gradle.api.internal.tasks.execution.TaskExecution.execute(TaskExecution.java:176)
2026-10-05T21:53:22.5838554Z 	at org.gradle.internal.execution.steps.ExecuteStep.executeInternal(ExecuteStep.java:167)
2026-10-05T21:53:22.5839618Z 	at org.gradle.internal.execution.steps.ExecuteStep.access$000(ExecuteStep.java:47)
2026-10-05T21:53:22.5840936Z 	at org.gradle.internal.execution.steps.ExecuteStep$1.call(ExecuteStep.java:137)
2026-10-05T21:53:22.5841484Z 	at org.gradle.internal.execution.steps.ExecuteStep$1.call(ExecuteStep.java:134)
2026-10-05T21:53:22.5842216Z 	at org.gradle.internal.operations.DefaultBuildOperationRunner$CallableBuildOperationWorker.execute(DefaultBuildOperationRunner.java:210)
2026-10-05T21:53:22.5843121Z 	at org.gradle.internal.operations.DefaultBuildOperationRunner$CallableBuildOperationWorker.execute(DefaultBuildOperationRunner.java:205)
2026-10-05T21:53:22.5843932Z 	at org.gradle.internal.operations.DefaultBuildOperationRunner$2.execute(DefaultBuildOperationRunner.java:67)
2026-10-05T21:53:22.5844650Z 	at org.gradle.internal.operations.DefaultBuildOperationRunner$2.execute(DefaultBuildOperationRunner.java:60)
2026-10-05T21:53:22.5845385Z 	at org.gradle.internal.operations.DefaultBuildOperationRunner.execute(DefaultBuildOperationRunner.java:167)
2026-10-05T21:53:22.5846113Z 	at org.gradle.internal.operations.DefaultBuildOperationRunner.execute(DefaultBuildOperationRunner.java:60)
2026-10-05T21:53:22.5846831Z 	at org.gradle.internal.operations.DefaultBuildOperationRunner.call(DefaultBuildOperationRunner.java:54)
2026-10-05T21:53:22.5847454Z 	at org.gradle.internal.execution.steps.ExecuteStep.execute(ExecuteStep.java:134)
2026-10-05T21:53:22.5848015Z 	at org.gradle.internal.execution.steps.ExecuteStep$Mutable.execute(ExecuteStep.java:80)
2026-10-05T21:53:22.5848619Z 	at org.gradle.internal.execution.steps.CancelExecutionStep.execute(CancelExecutionStep.java:42)
2026-10-05T21:53:22.5849265Z 	at org.gradle.internal.execution.steps.TimeoutStep.executeWithoutTimeout(TimeoutStep.java:75)
2026-10-05T21:53:22.5849851Z 	at org.gradle.internal.execution.steps.TimeoutStep.execute(TimeoutStep.java:55)
2026-10-05T21:53:22.5850690Z 	at org.gradle.internal.execution.steps.PreCreateOutputParentsStep.execute(PreCreateOutputParentsStep.java:51)
2026-10-05T21:53:22.5851449Z 	at org.gradle.internal.execution.steps.PreCreateOutputParentsStep.execute(PreCreateOutputParentsStep.java:29)
2026-10-05T21:53:22.5852227Z 	at org.gradle.internal.execution.steps.RemovePreviousOutputsStep.executeMutable(RemovePreviousOutputsStep.java:67)
2026-10-05T21:53:22.5853020Z 	at org.gradle.internal.execution.steps.RemovePreviousOutputsStep.executeMutable(RemovePreviousOutputsStep.java:39)
2026-10-05T21:53:22.5853665Z 	at org.gradle.internal.execution.steps.MutableStep.execute(MutableStep.java:26)
2026-10-05T21:53:22.5854323Z 	at org.gradle.internal.execution.steps.BroadcastChangingOutputsStep.execute(BroadcastChangingOutputsStep.java:42)
2026-10-05T21:53:22.5855244Z 	at org.gradle.internal.execution.steps.BroadcastChangingOutputsStep.execute(BroadcastChangingOutputsStep.java:24)
2026-10-05T21:53:22.5856057Z 	at org.gradle.internal.execution.steps.CaptureOutputsAfterExecutionStep.execute(CaptureOutputsAfterExecutionStep.java:69)
2026-10-05T21:53:22.5856899Z 	at org.gradle.internal.execution.steps.CaptureOutputsAfterExecutionStep.execute(CaptureOutputsAfterExecutionStep.java:46)
2026-10-05T21:53:22.5857696Z 	at org.gradle.internal.execution.steps.ResolveInputChangesStep.executeMutable(ResolveInputChangesStep.java:39)
2026-10-05T21:53:22.5858586Z 	at org.gradle.internal.execution.steps.ResolveInputChangesStep.executeMutable(ResolveInputChangesStep.java:28)
2026-10-05T21:53:22.5859232Z 	at org.gradle.internal.execution.steps.MutableStep.execute(MutableStep.java:26)
2026-10-05T21:53:22.5859833Z 	at org.gradle.internal.execution.steps.BuildCacheStep.executeWithoutCache(BuildCacheStep.java:189)
2026-10-05T21:53:22.5860676Z 	at org.gradle.internal.execution.steps.BuildCacheStep.lambda$execute$1(BuildCacheStep.java:76)
2026-10-05T21:53:22.5861192Z 	at org.gradle.internal.Either$Right.fold(Either.java:176)
2026-10-05T21:53:22.5861665Z 	at org.gradle.internal.execution.caching.CachingState.fold(CachingState.java:62)
2026-10-05T21:53:22.5862228Z 	at org.gradle.internal.execution.steps.BuildCacheStep.execute(BuildCacheStep.java:74)
2026-10-05T21:53:22.5862822Z 	at org.gradle.internal.execution.steps.BuildCacheStep.execute(BuildCacheStep.java:49)
2026-10-05T21:53:22.5863489Z 	at org.gradle.internal.execution.steps.StoreExecutionStateStep.executeMutable(StoreExecutionStateStep.java:46)
2026-10-05T21:53:22.5864255Z 	at org.gradle.internal.execution.steps.StoreExecutionStateStep.executeMutable(StoreExecutionStateStep.java:35)
2026-10-05T21:53:22.5864896Z 	at org.gradle.internal.execution.steps.MutableStep.execute(MutableStep.java:26)
2026-10-05T21:53:22.5865500Z 	at org.gradle.internal.execution.steps.SkipUpToDateStep.executeBecause(SkipUpToDateStep.java:75)
2026-10-05T21:53:22.5866196Z 	at org.gradle.internal.execution.steps.SkipUpToDateStep.lambda$execute$2(SkipUpToDateStep.java:53)
2026-10-05T21:53:22.5866840Z 	at org.gradle.internal.execution.steps.SkipUpToDateStep.execute(SkipUpToDateStep.java:53)
2026-10-05T21:53:22.5867437Z 	at org.gradle.internal.execution.steps.SkipUpToDateStep.execute(SkipUpToDateStep.java:35)
2026-10-05T21:53:22.5868217Z 	at org.gradle.internal.execution.steps.legacy.MarkSnapshottingInputsFinishedStep.execute(MarkSnapshottingInputsFinishedStep.java:37)
2026-10-05T21:53:22.5869197Z 	at org.gradle.internal.execution.steps.legacy.MarkSnapshottingInputsFinishedStep.execute(MarkSnapshottingInputsFinishedStep.java:27)
2026-10-05T21:53:22.5870099Z 	at org.gradle.internal.execution.steps.ResolveMutableCachingStateStep.executeDelegate(ResolveMutableCachingStateStep.java:70)
2026-10-05T21:53:22.5871476Z 	at org.gradle.internal.execution.steps.ResolveMutableCachingStateStep.executeDelegate(ResolveMutableCachingStateStep.java:32)
2026-10-05T21:53:22.5872344Z 	at org.gradle.internal.execution.steps.AbstractResolveCachingStateStep.execute(AbstractResolveCachingStateStep.java:69)
2026-10-05T21:53:22.5873169Z 	at org.gradle.internal.execution.steps.AbstractResolveCachingStateStep.execute(AbstractResolveCachingStateStep.java:37)
2026-10-05T21:53:22.5873928Z 	at org.gradle.internal.execution.steps.ResolveChangesStep.executeMutable(ResolveChangesStep.java:63)
2026-10-05T21:53:22.5874613Z 	at org.gradle.internal.execution.steps.ResolveChangesStep.executeMutable(ResolveChangesStep.java:34)
2026-10-05T21:53:22.5875222Z 	at org.gradle.internal.execution.steps.MutableStep.execute(MutableStep.java:26)
2026-10-05T21:53:22.5875815Z 	at org.gradle.internal.execution.steps.ValidateStep$Mutable.executeDelegate(ValidateStep.java:79)
2026-10-05T21:53:22.5876442Z 	at org.gradle.internal.execution.steps.ValidateStep$Mutable.executeDelegate(ValidateStep.java:65)
2026-10-05T21:53:22.5877030Z 	at org.gradle.internal.execution.steps.ValidateStep.execute(ValidateStep.java:99)
2026-10-05T21:53:22.5877729Z 	at org.gradle.internal.execution.steps.ValidateStep$Mutable.execute(ValidateStep.java:65)
2026-10-05T21:53:22.5878548Z 	at org.gradle.internal.execution.steps.CaptureMutableStateBeforeExecutionStep.executeMutable(CaptureMutableStateBeforeExecutionStep.java:86)
2026-10-05T21:53:22.5879526Z 	at org.gradle.internal.execution.steps.CaptureMutableStateBeforeExecutionStep.execute(CaptureMutableStateBeforeExecutionStep.java:65)
2026-10-05T21:53:22.5880599Z 	at org.gradle.internal.execution.steps.CaptureMutableStateBeforeExecutionStep.execute(CaptureMutableStateBeforeExecutionStep.java:45)
2026-10-05T21:53:22.5881651Z 	at org.gradle.internal.execution.steps.SkipEmptyMutableWorkStep.executeWithNonEmptySources(SkipEmptyMutableWorkStep.java:210)
2026-10-05T21:53:22.5882493Z 	at org.gradle.internal.execution.steps.SkipEmptyMutableWorkStep.executeMutable(SkipEmptyMutableWorkStep.java:90)
2026-10-05T21:53:22.5883288Z 	at org.gradle.internal.execution.steps.SkipEmptyMutableWorkStep.executeMutable(SkipEmptyMutableWorkStep.java:53)
2026-10-05T21:53:22.5883949Z 	at org.gradle.internal.execution.steps.MutableStep.execute(MutableStep.java:26)
2026-10-05T21:53:22.5884690Z 	at org.gradle.internal.execution.steps.legacy.MarkSnapshottingInputsStartedStep.execute(MarkSnapshottingInputsStartedStep.java:38)
2026-10-05T21:53:22.5885590Z 	at org.gradle.internal.execution.steps.LoadPreviousExecutionStateStep.executeMutable(LoadPreviousExecutionStateStep.java:36)
2026-10-05T21:53:22.5886454Z 	at org.gradle.internal.execution.steps.LoadPreviousExecutionStateStep.executeMutable(LoadPreviousExecutionStateStep.java:23)
2026-10-05T21:53:22.5887145Z 	at org.gradle.internal.execution.steps.MutableStep.execute(MutableStep.java:26)
2026-10-05T21:53:22.5887792Z 	at org.gradle.internal.execution.steps.HandleStaleOutputsStep.executeMutable(HandleStaleOutputsStep.java:77)
2026-10-05T21:53:22.5888533Z 	at org.gradle.internal.execution.steps.HandleStaleOutputsStep.executeMutable(HandleStaleOutputsStep.java:43)
2026-10-05T21:53:22.5889164Z 	at org.gradle.internal.execution.steps.MutableStep.execute(MutableStep.java:26)
2026-10-05T21:53:22.5889859Z 	at org.gradle.internal.execution.steps.AssignMutableWorkspaceStep.lambda$executeMutable$0(AssignMutableWorkspaceStep.java:34)
2026-10-05T21:53:22.5890992Z 	at org.gradle.api.internal.tasks.execution.TaskExecution$4.withWorkspace(TaskExecution.java:305)
2026-10-05T21:53:22.5892257Z 	at org.gradle.internal.execution.steps.AssignMutableWorkspaceStep.executeMutable(AssignMutableWorkspaceStep.java:30)
2026-10-05T21:53:22.5893108Z 	at org.gradle.internal.execution.steps.AssignMutableWorkspaceStep.executeMutable(AssignMutableWorkspaceStep.java:21)
2026-10-05T21:53:22.5893779Z 	at org.gradle.internal.execution.steps.MutableStep.execute(MutableStep.java:26)
2026-10-05T21:53:22.5894367Z 	at org.gradle.internal.execution.steps.ChoosePipelineStep.execute(ChoosePipelineStep.java:40)
2026-10-05T21:53:22.5894989Z 	at org.gradle.internal.execution.steps.ChoosePipelineStep.execute(ChoosePipelineStep.java:23)
2026-10-05T21:53:22.5896313Z 	at org.gradle.internal.execution.steps.ExecuteWorkBuildOperationFiringStep.lambda$execute$2(ExecuteWorkBuildOperationFiringStep.java:67)
2026-10-05T21:53:22.5897341Z 	at org.gradle.internal.execution.steps.ExecuteWorkBuildOperationFiringStep.execute(ExecuteWorkBuildOperationFiringStep.java:67)
2026-10-05T21:53:22.5898241Z 	at org.gradle.internal.execution.steps.ExecuteWorkBuildOperationFiringStep.execute(ExecuteWorkBuildOperationFiringStep.java:39)
2026-10-05T21:53:22.5898986Z 	at org.gradle.internal.execution.steps.IdentityCacheStep.execute(IdentityCacheStep.java:46)
2026-10-05T21:53:22.5899604Z 	at org.gradle.internal.execution.steps.IdentityCacheStep.execute(IdentityCacheStep.java:34)
2026-10-05T21:53:22.5900182Z 	at org.gradle.internal.execution.steps.IdentifyStep.execute(IdentifyStep.java:56)
2026-10-05T21:53:22.5901185Z 	at org.gradle.internal.execution.steps.IdentifyStep.execute(IdentifyStep.java:38)
2026-10-05T21:53:22.5902059Z 	at org.gradle.internal.execution.impl.DefaultExecutionEngine$1.execute(DefaultExecutionEngine.java:68)
2026-10-05T21:53:22.5902843Z 	at org.gradle.api.internal.tasks.execution.ExecuteActionsTaskExecuter.executeIfValid(ExecuteActionsTaskExecuter.java:132)
2026-10-05T21:53:22.5903380Z 	... 60 more
2026-10-05T21:53:22.5903515Z 
2026-10-05T21:53:22.5903520Z 
2026-10-05T21:53:22.5903635Z BUILD FAILED in 2m 32s
2026-10-05T21:53:22.9619656Z ##[error]Process completed with exit code 1.
2026-10-05T21:53:22.9671312Z ##[group]Run actions/upload-artifact@v4
2026-10-05T21:53:22.9671597Z with:
2026-10-05T21:53:22.9671981Z   if-no-files-found: warn
2026-10-05T21:53:22.9672233Z   name: Hetu-V20.86-UI-verification
2026-10-05T21:53:22.9673697Z   path: android-app/app/build/test-results/testDebugUnitTest/
android-app/app/build/reports/tests/testDebugUnitTest/
android-app/app/build/reports/lint-results-debug.*
android-app/app/build/outputs/pdf85/
android-app/app/build/outputs/ui83/
android-app/app/build/outputs/concept59/
android-app/app/build/outputs/concept-state-coverage/
android-app/app/build/outputs/concept-remaining-coverage/
out/verification/
docs/qa/concept-173-current.json
docs/qa/concept-173-current.md

2026-10-05T21:53:22.9675139Z   compression-level: 6
2026-10-05T21:53:22.9675373Z   overwrite: false
2026-10-05T21:53:22.9675606Z   include-hidden-files: false
2026-10-05T21:53:22.9675846Z env:
2026-10-05T21:53:22.9676117Z   HETU_TEST_KEYSTORE: /home/runner/.android/hetu-ui10-debug.jks
2026-10-05T21:53:22.9676460Z   HETU_EXPECTED_TESTS: 542
2026-10-05T21:53:22.9676714Z   HETU_EXPECTED_TEST_XML_FILES: 56
2026-10-05T21:53:22.9676988Z   HETU_EXPECTED_VERSION: 2086
2026-10-05T21:53:22.9677253Z   HETU_EXPECTED_VERSION_NAME: 0.12.16-v20-fix
2026-10-05T21:53:22.9677620Z   JAVA_HOME: /opt/hostedtoolcache/Java_Temurin-Hotspot_jdk/21.0.12-1/x64
2026-10-05T21:53:22.9678058Z   JAVA_HOME_21_X64: /opt/hostedtoolcache/Java_Temurin-Hotspot_jdk/21.0.12-1/x64
2026-10-05T21:53:22.9678439Z   GRADLE_ACTION_ID: gradle/actions/setup-gradle
2026-10-05T21:53:22.9678726Z   GRADLE_USER_HOME: /home/runner/.gradle
2026-10-05T21:53:22.9679008Z   GRADLE_BUILD_ACTION_SETUP_COMPLETED: true
2026-10-05T21:53:22.9679292Z   GRADLE_BUILD_ACTION_CACHE_RESTORED: true
2026-10-05T21:53:22.9679693Z   DEVELOCITY_INJECTION_INIT_SCRIPT_NAME: gradle-actions.inject-develocity.init.gradle
2026-10-05T21:53:22.9680116Z   DEVELOCITY_INJECTION_CUSTOM_VALUE: gradle-actions
2026-10-05T21:53:22.9680623Z   GITHUB_DEPENDENCY_GRAPH_ENABLED: false
2026-10-05T21:53:22.9680908Z ##[endgroup]
2026-10-05T21:53:23.1130980Z (node:17405) [DEP0040] DeprecationWarning: The `punycode` module is deprecated. Please use a userland alternative instead.
2026-10-05T21:53:23.1131743Z (Use `node --trace-deprecation ...` to show where the warning was created)
2026-10-05T21:53:23.2253511Z Multiple search paths detected. Calculating the least common ancestor of all paths
2026-10-05T21:53:23.2256922Z The least common ancestor is /home/runner/work/hetu/hetu. This will be the root directory of the artifact
2026-10-05T21:53:23.2257828Z With the provided path, there will be 589 files uploaded
2026-10-05T21:53:23.2261980Z Artifact name is valid!
2026-10-05T21:53:23.2262671Z Root directory input is valid!
2026-10-05T21:53:23.4465288Z Beginning upload of artifact content to blob storage
2026-10-05T21:53:23.8108070Z (node:17405) [DEP0169] DeprecationWarning: `url.parse()` behavior is not standardized and prone to errors that have security implications. Use the WHATWG URL API instead. CVEs are not issued for `url.parse()` vulnerabilities.
2026-10-05T21:53:24.0261360Z Uploaded bytes 8388608
2026-10-05T21:53:24.2170244Z Uploaded bytes 14490679
2026-10-05T21:53:24.2339920Z Finished uploading artifact content to blob storage!
2026-10-05T21:53:24.2341028Z SHA256 digest of uploaded artifact zip is 726b97431c4a9da77759bba550cb0a0e13a43b233446632c4c542d091bb77af5
2026-10-05T21:53:24.2341765Z Finalizing artifact upload
2026-10-05T21:53:24.4409081Z Artifact Hetu-V20.86-UI-verification.zip successfully finalized. Artifact ID 11372891473
2026-10-05T21:53:24.4410676Z Artifact Hetu-V20.86-UI-verification has been successfully uploaded! Final size is 14490679 bytes. Artifact ID is 11372891473
2026-10-05T21:53:24.4416287Z Artifact download URL: https://github.com/xgl34222220-ops/hetu/actions/runs/37377929368/artifacts/11372891473
2026-10-05T21:53:24.4674968Z Post job cleanup.
2026-10-05T21:53:24.6604460Z In post-action step
2026-10-05T21:53:24.6613297Z Cache is read-only: will not save state for use in subsequent builds.
2026-10-05T21:53:24.6618551Z Generating Job Summary
2026-10-05T21:53:24.6634217Z Completed post-action step
2026-10-05T21:53:24.6870998Z Post job cleanup.
2026-10-05T21:53:24.7982409Z (node:17430) [DEP0040] DeprecationWarning: The `punycode` module is deprecated. Please use a userland alternative instead.
2026-10-05T21:53:24.7983589Z (Use `node --trace-deprecation ...` to show where the warning was created)
2026-10-05T21:53:24.8172415Z Post job cleanup.
2026-10-05T21:53:24.8897529Z [command]/usr/bin/git version
2026-10-05T21:53:24.8933154Z git version 2.55.0
2026-10-05T21:53:24.8971571Z Temporarily overriding HOME='/home/runner/work/_temp/62035503-aa36-4823-af03-aaaf1bbe96eb' before making global git config changes
2026-10-05T21:53:24.8973225Z Adding repository directory to the temporary git global config as a safe directory
2026-10-05T21:53:24.8974412Z [command]/usr/bin/git config --global --add safe.directory /home/runner/work/hetu/hetu
2026-10-05T21:53:24.9002718Z [command]/usr/bin/git config --local --name-only --get-regexp core\.sshCommand
2026-10-05T21:53:24.9031958Z [command]/usr/bin/git submodule foreach --recursive sh -c "git config --local --name-only --get-regexp 'core\.sshCommand' && git config --local --unset-all 'core.sshCommand' || :"
2026-10-05T21:53:24.9252087Z [command]/usr/bin/git config --local --name-only --get-regexp http\.https\:\/\/github\.com\/\.extraheader
2026-10-05T21:53:24.9275192Z http.https://github.com/.extraheader
2026-10-05T21:53:24.9290040Z [command]/usr/bin/git config --local --unset-all http.https://github.com/.extraheader
2026-10-05T21:53:24.9319313Z [command]/usr/bin/git submodule foreach --recursive sh -c "git config --local --name-only --get-regexp 'http\.https\:\/\/github\.com\/\.extraheader' && git config --local --unset-all 'http.https://github.com/.extraheader' || :"
2026-10-05T21:53:24.9564849Z [command]/usr/bin/git config --local --name-only --get-regexp ^includeIf\.gitdir:
2026-10-05T21:53:24.9598742Z [command]/usr/bin/git submodule foreach --recursive git config --local --show-origin --name-only --get-regexp remote.origin.url
2026-10-05T21:53:24.9948537Z Cleaning up orphan processes
2026-10-05T21:53:25.0209225Z ##[warning]Node.js 20 is deprecated. The following actions target Node.js 20 but are being forced to run on Node.js 24: actions/cache/restore@v4, actions/checkout@v4, actions/setup-java@v4, actions/setup-node@v4, actions/upload-artifact@v4, gradle/actions/setup-gradle@v4. For more information see: https://github.blog/changelog/2025-09-19-deprecation-of-node-20-on-github-actions-runners/
